Product Name,Original_Price,Selling_Price,Discount,Reviews,Ratings
Miduty Liposomal Glutathione 85% Capsules,1200.0,2054,25.0,217.0,4
Oziva Bioactive Gluta Fizzy (L-Glutathione) - Strawberry Swi...,1647.0,927,44.0,401.0,4
"Be Bodywise Biotin Hair Gummies - Zinc, Fibre, Multivitamin ...",899.0,849,6.0,10648.0,4
"Oziva ACV Moringa To Control Cravings, Apple Cider Vinegar, ...",800.0,599,25.0,2444.0,4
Plix Apple Cider Vinegar Effervescent Tablets with Vitamin B...,1400.0,1134,19.0,625.0,4
"Wellbeing Nutrition Pure Korean Marine Collagen Peptides, Fi...",1799.0,1529,15.0,1788.0,4
HealthKart HK Vitals Skin Radiance Collagen Supplement - Ora...,1200.0,1689,25.0,8579.0,4
Glutone 1000 Setria L-Glutathione & Vitamin C Effervescent T...,2447.0,1958,20.0,440.0,4
"OZiva Bioactive Gluta Fizzy (L-Glutathione), Reduce Cellular...",1149.0,959,17.0,337.0,4
Plix Glutathione Skin Glow 45 Effervescent Tablet 500mg for ...,1950.0,1443,26.0,1396.0,4
Beautywise Skin Brilliance Glutathione Dual Action for Skin ...,2899.0,2377,18.0,1356.0,5
Chicnutrix Glow - Japanese Glutathione & Vit. C Skin Brighte...,1980.0,970,51.0,2588.0,4
HealthKart HK Vitals Glutathione With Vitamin C Effervescent...,3036.0,2199,28.0,151.0,4
"Wellbeing Nutrition Glow Collagen Peptides, Reduces Pigmenta...",1999.0,1699,15.0,380.0,4
Oziva Advanced Hair Growth ActivesReduces Thinning Hair & Im...,2099.0,1849,12.0,219.0,5
Miduty Pigment Clear Glutathione Hyaluronic Acid Skin Bright...,1200.0,2428,25.0,163.0,4
Oziva Phyto Ceramide+ Collagen For Skin Barrier Repair Blueb...,1679.0,1279,24.0,303.0,4
"MOUNTAINOR Liposomal Glutathione Tablets for Glowing, Whiten...",1199.0,849,29.0,4479.0,4
Miduty Liver Detox Milk Thistle With NAC 900mg For Fatty Liv...,1200.0,1400,25.0,243.0,4
HealthKart HK Vitals Glutathione 15 Effervescent Tablets - O...,1518.0,1299,14.0,250.0,4
Oziva Protein & Herbs Women - Protein + Free Oziva Shaker,2078.0,1599,23.0,1511.0,4
HealthKart Hk Vitals Skin Radiance Collagen Supplement With ...,909.0,889,2.0,8579.0,4
Max Care Virgin Coconut Oil Cold Pressed,325.0,293,10.0,98364.0,5
Beautywise Body Shape Pro Slimming Capsules,2899.0,2377,18.0,58.0,4
Plum BodyLovin Vanilla Vibes Body Oil,299.0,245,18.0,43043.0,5
Wellbeing Nutrition Pure Korean Marine Collagen Supplements ...,1799.0,1529,15.0,1788.0,4
Oziva Plant Based Collagen Builder + Bioactive Gluta Fizzy S...,2108.0,1799,15.0,5216.0,4
"OZiva Bioactive Gluta Fizzy (L-Glutathione), Reduce Cellular...",2298.0,1399,39.0,2290.0,4
Orimii Bump Hydrating Body Butter for Reducing Stretch Marks...,695.0,626,10.0,247.0,4
Oziva Plant Based Collagen Builder + Watermelon & Bioactive ...,2108.0,2023,4.0,759.0,4
"Vit C Body Oil for Brightening, Dryness, Uneven Tone & Textu...",1200.0,1360,25.0,135.0,5
Optimum Nutrition (ON) Gold Standard 100% Whey Protein Powde...,8799.0,7479,15.0,1970.0,4
"Bio-Oil Skincare Infused with Rosemary for Stretch Marks, Sc...",625.0,513,18.0,11808.0,4
Wellbeing Nutrition Slow Triple Strength Omega 3 Fish Oil 12...,899.0,764,15.0,109.0,4
"Bio-Oil Skincare Infused with Rosemary for Stretch Marks, Sc...",975.0,800,18.0,31619.0,4
Orimii Belly Treatment Elixir - Body Oil For Stretch Marks; ...,695.0,626,10.0,200.0,4
Plix The Plant Fix Pomegranate Youth Renewal Cleanser & Reti...,925.0,629,32.0,327.0,4
Cos-IQ Stretch Marks Removal Roll-On Serum With Striover For...,699.0,496,29.0,398.0,4
Oziva Hair Vitamins (with Dht Blocker & Omega 3) For Better ...,1698.0,1499,12.0,2748.0,4
Beautywise Skin Brilliance Glutathione Dual Action for Skin ...,1699.0,1410,17.0,1356.0,5
Plix Glutathione Skin Glow 15 Effervescent Tablet 500mg for ...,650.0,540,17.0,1255.0,4
"Carbamide Forte Vitamin D3 K2 Supplement, Supports Bone & He...",665.0,449,32.0,92.0,4
Oziva Phyto Ceramide+ Collagen For Skin Barrier Repair - Blu...,3358.0,2199,35.0,303.0,4
HealthKart HK Vitals Skin Radiance Collagen - Orange & Gluta...,1278.0,1169,9.0,358.0,4
"Be Bodywise Biotin Hair Gummies - Zinc, Fibre, Multivitamin ...",1200.0,549,25.0,10648.0,4
"Oziva ACV Moringa To Control Cravings, Apple Cider Vinegar, ...",1600.0,1149,28.0,2447.0,4
Kapiva Virgin Coconut Oil (Cold Pressed) 100% Pure & Organic...,1200.0,279,25.0,2234.0,4
Plix Apple Cider Vinegar Effervescent Tablet with Vitamin B6...,1400.0,798,43.0,166.0,4
WishCare 100% Pure Cold Pressed Jojoba Oil For Hair & Skin-S...,700.0,490,30.0,1852.0,4
"Carbamide Forte Calcium & Vitamin D3 Tablets with Magnesium,...",465.0,299,36.0,75.0,4
Nutrova Collagen + Antioxidants - Cranberry Flavour,1200.0,2575,25.0,131.0,4
"Palmer’s Cocoa Butter Massage Lotion for Stretch Marks, Keep...",575.0,489,15.0,1372.0,4
"Wellbeing Nutrition Slow Multivitamin + Omega 3 for Women, S...",1399.0,1189,15.0,140.0,4
"Wellbeing Nutrition Slow Triple Magnesium Complex 1000 mg, S...",1399.0,1189,15.0,83.0,5
Isopure Low Carb Whey Protein Isolate Powder - Dutch Chocola...,1200.0,11649,25.0,262.0,5
Plix The Plant Fix Plix Pomegranate Youth Renewal 4-Step Ski...,1500.0,1035,31.0,244.0,3
"What's Up Wellness Glutathione Gummies with Vitamin C, Radia...",1599.0,1149,28.0,104.0,5
Forest Essentials Organic Cold Pressed Virgin Coconut Oil - ...,1200.0,1450,25.0,956.0,5
"OZiva Protein & Herbs Women(with Shatavari, Giloy, Curcumin ...",1579.0,1529,3.0,1106.0,4
Beautywise Body Shape Pro Slimming Capsules,1699.0,1410,17.0,111.0,4
Oziva Plant Based Collagen Builder + Guava Glow & Bioactive ...,2108.0,1353,36.0,1032.0,4
hoop Magnesium Sleep Body Lotion Topical Magnesium Supplemen...,680.0,520,24.0,186.0,4
Nutrova Collagen+Antioxidants Zero Sugar Powder - Watermelon,1200.0,2575,25.0,21.0,5
Plix The Plant Fix Plix Pomegranate Youth Renewal Night Care...,1850.0,907,51.0,154.0,4
"Oziva ACV Moringa To Control Cravings, Apple Cider Vinegar, ...",1716.0,1232,28.0,1150.0,4
"Bio-Oil Skincare Infused with Rosemary for Stretch Marks, Sc...",1450.0,1189,18.0,3315.0,5
Forest Essentials Lime Saffron & Oudh Natural After Bath Oil,1200.0,825,25.0,133.0,5
Be Bodywise Biotin Gummies 90 Day Pack With Zinc & Multivita...,1499.0,1240,17.0,295.0,4
"Wellbeing Nutrition Skin Fuel Glutathione, Skin Radiance, Bl...",899.0,699,22.0,209.0,4
OZiva Plant Based HerBalance for PCOS with Myo-Inositol- Pro...,1149.0,1049,9.0,1070.0,4
Oziva Vegan Collagen with Biotin & Vitamin C For Brighter & ...,959.0,869,9.0,2390.0,4
Kama Ayurveda Extra Virgin Organic Coconut Hair Oil,1200.0,1075,25.0,9847.0,5
"OZiva Magnesium Triple Complex With Aquamin Mg, Magnesium Bi...",1399.0,749,46.0,74.0,5
Chicnutrix Mighty Collagen Japanese Marine Collagen Peptides...,1800.0,1028,43.0,145.0,4
HealthKart Hk Vitals Skin Radiance Collagen Supplement With ...,1200.0,909,25.0,1324.0,4
"HealthKart HK Vitals Glutathione With Vitamin C & E, Biotin ...",1200.0,759,25.0,803.0,4
Oziva Magnesium Melatonin For Anxiety & Sleep With Bacopa Mo...,879.0,749,15.0,37.0,5
Sol de Janeiro Glowmotions Rio Sunset Glow Oil,1200.0,3865,25.0,47.0,4
HealthKart HK Vitals Glutathione Tablets - Orange,1200.0,759,25.0,264.0,4
HealthKart HK Vitals Skin Radiance Pro Marine Collagen Suppl...,2099.0,2009,4.0,63.0,4
"Oziva Nature Derived Calcium, Magnesium+Zinc With Vitamin D3",879.0,749,15.0,10.0,5
hoop Epsom Body Wash Epsom Salt Infused Shower Gel With Lave...,440.0,410,7.0,77.0,5
"OZiva Bioactive Gluta Fizzy (L-Glutathione), Reduce Cellular...",2298.0,1399,39.0,675.0,4
MuscleBlaze Biozyme Performance Whey Protein - Rich Chocolat...,3599.0,3399,6.0,543.0,4
"Neuherbs Deep Sea Fish Oil for Muscle, Joints, Heart and Cog...",999.0,749,25.0,736.0,4
OZiva Glutathione Builder Milk Thistle & Grapeseed for Anti-...,759.0,659,13.0,1260.0,4
Miduty Stop Aging Trans Resveratrol 99% Supplement Green Tea...,1200.0,1680,25.0,119.0,5
Miduty Liposomal Glutathione 40% Anti Aging Skin Brightening...,1200.0,1493,25.0,185.0,5
Mountainor Collagen for Youthful & Glowing Skin with Biotin ...,899.0,729,19.0,511.0,4
"Wellbeing Nutrition Beauty Collagen Peptides, HLA & Biotin, ...",1999.0,1699,15.0,208.0,4
L'Occitane Almond Supple Skin Oil,1200.0,850,25.0,375.0,5
"Carbamide Forte PCOS Supplement for Women, 40:1 Ratio Myo-In...",1260.0,895,29.0,65.0,4
MOUNTAINOR Deep Sea Omega 3 Fish Oil 2500MG of Wild Alaska M...,1199.0,749,38.0,189.0,4
Setu Skin Renew L-Glutathione Tablets with Vitamin C for Cle...,4200.0,2499,40.0,4251.0,4
Plix The Plant Fix ACV CQR Plus Effervescent Tablets For Fat...,1500.0,1185,21.0,50.0,4
"Dr. Su Glow X Grow 6-In-1 Beauty Supplement For Skin, Hair &...",1349.0,1187,12.0,183.0,5
"Oziva Nature Derived Calcium, Magnesium+Zinc",1758.0,1549,12.0,9.0,4
Optimum Nutrition (ON) Gold Standard 100% Whey Protein Powde...,5079.0,4987,2.0,188.0,4
Kapiva Virgin Coconut Oil (Cold Pressed) 100% Pure & Organic...,1200.0,499,25.0,2671.0,5
Isopure Zero Carb Protein (Unflavoured),7999.0,7129,11.0,20.0,4
"Oziva ACV Moringa To Control Cravings, Apple Cider Vinegar, ...",858.0,642,25.0,1148.0,4
Pee Safe Toilet Seat Sanitizer Spray,1200.0,120,25.0,11634.0,5
Be Bodywise Collagen Builder Gummies Vitamins For Skin Nouri...,965.0,434,55.0,1164.0,4
Wellbeing Nutrition Beauty Korean Marine Collagen Peptides -...,1999.0,1699,15.0,276.0,4
Upakarma Ayurveda Pure Shilajit,1900.0,703,63.0,84.0,5
Forest Essentials Organic Cold Pressed Virgin Almond Oil - P...,1200.0,2450,25.0,394.0,5
"MCaffeine Coffee Body Polishing Oil - Moisturizes, Reduces C...",445.0,392,12.0,16320.0,5
TruNativ Everyday Sweet 1:1 Sugar Replacer,299.0,209,30.0,120.0,5
"Oziva ACV Moringa To Control Cravings, Apple Cider Vinegar, ...",1200.0,999,17.0,2443.0,4
HealthKart HK Vitals Fish Oil Capsules 1000mg Omega3 with 18...,1200.0,539,25.0,2760.0,4
"Healthkart HK Vitals Biotin, Supplement For Hair Growth, Str...",469.0,359,23.0,6083.0,4
INJA Pro Finest Hydrolyzed Japanese Marine Collagen - Unflav...,4000.0,3520,12.0,120.0,4
Oziva Acv Moringa Apple Cinnamon Hot Mix For Craving Control...,1800.0,1299,28.0,1.0,5
Nat Habit Pure Virgin Coconut Baby Oil,605.0,484,20.0,474.0,5
Baby Dove Rich Moisture Shampoo,220.0,154,30.0,629.0,4
Isopure 100% Whey Isolate Protein - Creamy Vanilla,13399.0,11959,11.0,32.0,4
"OZiva ACV Moringa To Control Cravings, Apple Cider Vinegar, ...",3200.0,1999,38.0,2444.0,4
YourHappyLife Pure Glutathione Skin Booster Capsules for Bri...,1399.0,1105,21.0,148.0,5
Oziva Vegan Collagen with Biotin & Vitamin C For Brighter & ...,959.0,869,9.0,297.0,4
Isopure 100% Whey Isolate Protein - Cookies & Cream,1200.0,6199,25.0,58.0,4
"Carbamide Forte Chelated Magnesium Glycinate 2000mg, Muscle ...",599.0,375,37.0,112.0,4
Miduty Krill Omega Complex Omega 3 EPA & DHA Heart & Brain H...,1200.0,2054,25.0,63.0,5
Bloom by Boldcare Internal + External Arouse Massager Stress...,1780.0,1593,11.0,37.0,5
Plix Apple Cider Vinegar Effervescent Tablet with Vitamin B6...,350.0,294,16.0,319.0,4
Miduty Marine Collagen 4X Hydrolysed Collagen Peptides Skin ...,1200.0,1960,25.0,50.0,5
"Wellbeing Nutrition Slow Hair, Skin & Nails with Biotin, Glu...",1399.0,1189,15.0,111.0,4
Oziva Advanced Hair Growth ActivesReduces Thinning Hair & Im...,6297.0,3749,40.0,439.0,5
YourHappyLife Marine Collagen Reglow 8000mg with Glutathione...,2199.0,1649,25.0,125.0,4
Gritzo Supermilk Growth+ 12G Protein Powder For 10-12Y Girls...,1200.0,849,25.0,17.0,4
Plix Glutathione Skin Glow 30 Effervescent Tablet 500mg for ...,1300.0,1092,16.0,990.0,4
Oziva Protein & Herbs Shake For Women - Cafe Mocha,2979.0,2799,6.0,337.0,5
Chicnutrix Glow - Glutathione & Vitamin C Tablets - Skin Rad...,699.0,455,35.0,414.0,4
Forest Essentials After Bath Oil Mogra,1200.0,1950,25.0,34.0,5
"Nat Habit 100% Pure Cold Pressed Castor Oil For Hair Growth,...",376.0,290,23.0,903.0,5
What's Up Wellness Daily Burner Weight Loss Capsules - CarbB...,699.0,599,14.0,88.0,4
"OZiva Protein & Herbs Women, Protein with Multivitamins for ...",1579.0,1529,3.0,124.0,4
TruNativ Advanced Japanese Marine Type 1 & 3 Collagen Powder...,1799.0,1511,16.0,18.0,5
Miduty Vitamin B12 Methyl Folate Fast Absorption Methylcobla...,1200.0,746,25.0,129.0,5
Wellbeing Nutrition Oral Thin Strips,1200.0,599,25.0,602.0,4
Oziva Vegan Collagen with Biotin & Vitamin C For Brighter & ...,959.0,869,9.0,416.0,4
"Beautywise Skin Resilience Combination Of Ceramides, Hyaluro...",2699.0,2213,18.0,582.0,5
Nat Habit Pure Coconut Oil,235.0,200,15.0,684.0,5
Nutrova Complete Omega 3 Capsules,1070.0,1014,5.0,17.0,5
YourHappyLife Collagen Naked Powder - Unflavoured,1999.0,1499,25.0,60.0,5
Miduty Liposomal NMN 85% Cellular Energy Anti Aging NAD+ Boo...,1200.0,1587,25.0,41.0,5
Be Bodywise Glutathione Gummies,699.0,599,14.0,67.0,4
Miduty Magnesium Relax Chelated Migraine High BP Constipatio...,1200.0,839,25.0,93.0,5
Optimum Nutrition (ON) Serious Mass High Protein Weight Gain...,1359.0,1199,12.0,350.0,4
Plix ACV CQR Plus Effervescent Tablets for Fat Reduction & W...,750.0,600,20.0,55.0,5
Miduty Thick And Grow Biotin Capsule,1200.0,886,25.0,65.0,5
"Carbamide Forte Triple Strength Omega 3 Fish Oil 1400mg, Sup...",935.0,595,36.0,146.0,5
Be Bodywise Multivitamin Gummies 60 Days Pack - Boosts Immun...,799.0,675,16.0,223.0,4
Glutone1000 - Setria L-Glutathione & Vit C Tablets For Skin ...,4894.0,3817,22.0,880.0,4
Keya Seth Aromatherapy Skin Defence Orange Body Oil,1200.0,320,25.0,2508.0,4
Plix Glutathione Skin Tablets With L-Glutathione & Vitamin C...,2600.0,1898,27.0,30.0,4
Brillare 100% Pure Cold-Pressed Castor Oil for Hair & Skin S...,495.0,446,10.0,717.0,5
The Wellness Shop Plump 'N' Lift Oil for Breast Enlargement ...,599.0,557,7.0,64.0,4
Nutriorg Seabucktorn Juice,1200.0,555,25.0,100.0,4
"Mountainor Himalayan Seabuckthorn Juice, 100% Pure liquid, H...",799.0,649,19.0,80.0,5
Oziva Hair Vitamins (With Dht Blocker & Omega 3) For Better ...,2577.0,2023,22.0,2270.0,4
Oziva Plant Based Collagen Builder - Watermelon,959.0,869,9.0,321.0,4
Isopure Collagen Peptides Unflavored,2155.0,1829,15.0,27.0,5
Plix ACV Apple Cider Vinegar L-carnitine Effervescent Tablet...,800.0,576,28.0,123.0,4
Optimum Nutrition (ON) Micronized Creatine Powder - Unflavor...,699.0,489,30.0,772.0,4
Max Care Virgin Coconut Oil Cold Pressed Wide Mouth,580.0,539,7.0,1327.0,5
Optimum Nutrition (ON) Gold Standard 100% Whey Protein Powde...,2389.0,2349,2.0,174.0,4
Miduty Triple Thyroid Care Hypothyroidisim Zinc KSM 66 Ashwa...,1200.0,1400,25.0,48.0,5
MuscleBlaze Raw Whey Protein Concentrate - Unflavoured,1899.0,1499,21.0,415.0,4
HealthKart HK Vitals Veg Collagen Supplement - Orange,1369.0,1289,6.0,75.0,5
Nua Cramp Comfort Heat Patches for Period Pain - Pack of 3,339.0,322,5.0,940.0,4
MsChief Crescendo Dual Sensual Vibrator-Personal Massager,3799.0,2963,22.0,49.0,4
"OZiva ACV Moringa To Control Cravings, Apple Cider Vinegar, ...",3432.0,2144,38.0,1148.0,4
Kerala Ayurveda Nalpamaradi Keram Face & Body Oil to Detan W...,1200.0,180,25.0,345.0,4
Beautywise Hair Rescue Biotin & Keratin Hair Aminos Vitamins...,2699.0,2213,18.0,705.0,5
Carbamide Forte Japanese Reduced L Glutathione 500mg with Vi...,1265.0,816,35.0,172.0,4
"Wellbeing Nutrition Slow 4x Strength Omega 3 Fish Oil, 1850m...",1399.0,1189,15.0,13.0,5
Kapiva Apple Cider Vinegar (ACV) with Mother Vinegar Suitabl...,1200.0,299,25.0,753.0,4
Plix ACV Apple Cider Vinegar L-carnitine Effervescent Tablet...,1600.0,1152,28.0,170.0,4
"Wellbeing Nutrition Slow PCOS Balance, Myoinositol & Shatava...",1399.0,1189,15.0,17.0,4
Nutrova Kerastrength Capsules,1200.0,1070,25.0,45.0,4
Kapiva Wild Amla Juice (Cold Pressed)Suitable for Healthy Ha...,1200.0,280,25.0,1090.0,4
Zoku Premium Camouflage Insulated Stainless Steel Water Bott...,4099.0,3771,8.0,9.0,4
Krishna's Herbal & Ayurveda Shapefix Juice,1200.0,478,25.0,58.0,4
Glutone C Setria Glutathione & Phyllanthus Emblica L. Extrac...,1753.0,1578,10.0,162.0,4
Miduty Liposomal Vitamin C Immunity Booster Antioxidant Skin...,1200.0,1400,25.0,30.0,5
"OZiva ACV Moringa To Control Cravings, Apple Cider Vinegar, ...",3316.0,1931,42.0,3592.0,4
"Carbamide Forte Multi Collagen Tablets, Hydrolyzed Peptides ...",899.0,674,25.0,265.0,4
PLIX Tender Coconut Water Premix Powder for an Instant Energ...,375.0,255,32.0,326.0,4
NAKPRO Impact Whey Protein Powder - Double Rich Chocolate,2600.0,1300,50.0,49.0,4
"Carbamide Forte Multivitamin Tablets for Women, With Probiot...",799.0,599,25.0,287.0,4
Sanfe Flix Breast Roll Shaper & Lifter,399.0,379,5.0,924.0,4
Miduty Berberine 98% with Vit B12 Diabetes Weight Loss Sugar...,1200.0,1859,25.0,34.0,4
"PLIX Deep Sleep with Melatonin, Oral Dissolving 30 Mini Mint...",399.0,299,25.0,236.0,4
HealthKart Hk Vitals Collagen Tablets,509.0,499,2.0,26.0,4
Plix The Plant Fix ACV CQR Plus Effervescent Tablets For Fat...,3000.0,2310,23.0,6.0,5
SheNeed Morning Weight Loss Pills,409.0,290,29.0,386.0,4
Krishna's Herbal & Ayurveda Swarna Prashan Drops,1200.0,1875,25.0,12.0,4
Glutone1000 - Setria L-Glutathione & Vit C Tablets For Skin ...,9788.0,7243,26.0,881.0,4
Sol de Janeiro Bum Bum Firmeza Firming & Debloating Body Oil,1200.0,5585,25.0,26.0,5
Brillare 100% Organic Pure Cold-Pressed Coconut Oil for Mois...,395.0,375,5.0,277.0,5
Nutrova Marine Collagen Peptides Powder - Unflavoured,2140.0,2029,5.0,8.0,5
Miduty Palak Notes Vitamin A.D.K Multivitamin Capsules,1200.0,1493,25.0,58.0,5
Milagro Beauty Belly Oil,1490.0,1043,30.0,47.0,5
Oziva Phyto Ceramides+ Collagen Builder Blueberry Tablets - ...,2598.0,1599,38.0,19.0,4
Oziva Plant Based Vitamin D3+K2+B12,879.0,749,15.0,31.0,4
Nat Habit 100% Pure Moroccan Argan Cold Pressed Oil Hair Ser...,612.0,508,17.0,241.0,5
Plix - The Plant Fix Plix Super Strength Fermented Yeast Pro...,2700.0,1809,33.0,7.0,5
Sebamed Baby Bath Routine Combo,1200.0,2722,25.0,5914.0,4
Nutrova Magnesium + D3 Tablets,760.0,719,5.0,17.0,5
Purna Gummies Hair Biotin Cranberry Sugar Free Gummies With ...,1200.0,599,25.0,10984.0,4
Biotique Carrot Seed Anti-Aging After-Bath Body Oil,230.0,207,10.0,3693.0,4
Baidyanath Rogan Badam Shireen Almond Oil,125.0,113,10.0,1627.0,4
Matra Double-Sided Fashion Tape Invisible Dressing Tape Stri...,49.0,44,10.0,295.0,4
"Silicone Breast Insert Pads, Push Up Bra Pads For Cleavage &...",199.0,189,5.0,77.0,3
Beautywise Advanced Marine Collagen Anti-Aging Powder- Gluta...,2299.0,1839,20.0,195.0,5
"Nat Habit 100% Pure Cold Pressed White Sesame Til Seed Oil, ...",317.0,269,15.0,423.0,4
Wellbeing Nutrition Slow Ultra Strength Magnesium+ Capsules,1799.0,1529,15.0,10.0,5
Nat Habit Pure Almond Baby Oil,1248.0,998,20.0,265.0,4
Plix Apple Cider Vinegar Effervescent Tablets with Vitamin B...,1400.0,504,64.0,77.0,4
"Joy Body Oil for Glowing Skin, Nourishing, Non-Greasy, Quick...",275.0,220,20.0,415.0,4
"OZiva Organic Plant Protein, 30g Pea Protein Isolate + Brown...",1329.0,1299,2.0,65.0,5
The Good Bug Daily Prebiotic Gut Cleanse Detox Shots with Gr...,769.0,749,3.0,88.0,4
Beautywise Hair Rescue Biotin & Keratin Hair Aminos Vitamins...,1599.0,1327,17.0,705.0,5
HealthKart Hk Vitals Multivitamin + Fish Oil,669.0,399,40.0,34.0,4
Sirona Fda Approved Super Soft Disposable Maternity Breast P...,449.0,426,5.0,500.0,4
Plix Collagen Builder Bubbly Effervescent Tablets Vitamin C ...,350.0,298,15.0,206.0,4
"OZiva Bioactive Gluta Fizzy (L-Glutathione), Reduce Cellular...",6894.0,4376,37.0,438.0,4
YourHappyLife Omega-3 Capsules,1499.0,1049,30.0,34.0,5
NAKPRO Impact Whey Protein Powder - Malai Kulfi,2600.0,1300,50.0,27.0,4
"Beautywise Skin Resilience Combination Of Ceramides, Hyaluro...",1599.0,1327,17.0,582.0,5
The Good Bug Advanced Metabolic System Probiotics + fiber - ...,1298.0,1199,8.0,360.0,4
Plix Face Ice Roller,1200.0,1000,25.0,4.0,5
"YourHappyLife Hair With Keranat™, Biotin, DHT Blockers - Dua...",1299.0,1000,23.0,79.0,5
"Bio Oil Skin Care Oil - Scars, Stretch Mark, Ageing, Uneven ...",2900.0,2378,18.0,6661.0,5
"HealthKart Hk Vitals Iron And Folic Acid Supplement, Support...",419.0,379,10.0,444.0,4
"Oziva Plant Based Her Balance for PCOS, Better Menstrual Cyc...",1499.0,1136,24.0,2245.0,4
Gunam Blue Spirulina with Antioxidants + Protein + Amino Aci...,1900.0,1710,10.0,1.0,5
MyFitFuel Skin Beauty Glutathione Capsules,1849.0,1054,43.0,3218.0,5
WOW Life Science Omega-3 1300Mg 60Capsules - EPA + DHA Enric...,1099.0,1044,5.0,743.0,4
"Wellbeing Nutrition Melts Vitamin B12, Folate, Orange Mint F...",599.0,509,15.0,127.0,4
TruNativ Advanced Japanese Marine Type 1 & 3 Collagen Powder...,1799.0,1511,16.0,14.0,4
"Wellbeing Nutrition Melts Healthy Hair, Biotin, Stronger, Sh...",1200.0,599,25.0,544.0,4
"Deve Herbes Vitamin E Oil for Face Brightening, Anit-Aging, ...",399.0,391,2.0,5781.0,4
Biotique Avocado Stress Relief Body Massage Oil,250.0,200,20.0,2842.0,4
"HealthKart Hk Vitals Omega 3, Fish Oil Supplement, For Joint...",499.0,429,14.0,533.0,4
"Wellbeing Nutrition Slow Burn with Garcinia & L-Carnitine, M...",1399.0,1189,15.0,27.0,4
"Oziva Plant Based Omega 369 Capsules For Skin, Heart, & Join...",699.0,449,36.0,253.0,4
Miduty Nerve Pain Relief Alpha Lipoic Acid B Vitamins Neurop...,1200.0,1822,25.0,13.0,5
Oziva Daily Women's Multivitamin Tablets For Energy,949.0,749,21.0,328.0,4
Plix Glowy Skin Bubbly 600MG Glutathione Effervescent Tablet...,660.0,528,20.0,9.0,4
Baidyanath Rogan Badam Shirin Almond Oil,220.0,198,10.0,648.0,4
Sirona Oxo-Degradable Sanitary Disposal Bags,249.0,211,15.0,651.0,5
HealthyHey Nutrition High Absorption Magnesium Glycinate - V...,1329.0,721,46.0,68.0,5
Khadi Natural Jasmine Massage Oil with a Floral Touch of Cal...,249.0,184,26.0,683.0,4
Palmer's Cocoa Butter Bust Cream Helps Reduce Appearance Of ...,700.0,595,15.0,298.0,4
HealthKart HK Vitals Skin Radiance Collagen Supplement with ...,1200.0,519,25.0,179.0,4
Plix Glowy Skin Bubbly 600MG Glutathione Effervescent Tablet...,1320.0,1082,18.0,9.0,4
"Wellbeing Nutrition Whey Protein Isolate, 31g Protein, 4B CF...",4999.0,4849,3.0,4.0,5
Indus Valley Sweet Almond Oil Cold Pressed For Hair Growth &...,1200.0,299,25.0,2690.0,4
HealthKart HK Vitals Glutathione With Vitamin C Effervescent...,1518.0,1299,14.0,8.0,4
HealthKart HK Vitals Glutathione Effervescent Tablets - Oran...,3795.0,2699,29.0,11.0,4
Sanfe Flix Fashion Tape,229.0,218,5.0,1216.0,4
Carbamide Forte Natural Vitamin C with Amla Extract & Zinc F...,395.0,295,25.0,162.0,4
Oziva Advanced Hair Growth Actives Capsules And Oziva Advanc...,3398.0,2606,23.0,1410.0,5
Baidyanath Maha Bhringraj Hair Oil,186.0,158,15.0,1552.0,4
MuscleBlaze Creatine Monohydrate Powder,2099.0,1499,29.0,842.0,4
Oziva Plant Based Biotin Xtra Capsules (with Keratin Builder...,699.0,549,21.0,447.0,4
Miduty PCOS Support Myo Inositol D Chiro Inositol PCOD Perio...,1200.0,1493,25.0,20.0,5
Glutone-Hydra Setria Glutathione & Ceramosides Tablets,1156.0,982,15.0,35.0,4
Miduty Palak Notes Fit N Lean Protein Shake,1200.0,3502,25.0,28.0,5
Sirona Pregrx Midstream One Step Urine Hcg Pregnancy Test Ki...,259.0,202,22.0,305.0,4
Miduty Multivitamin One Per Day Multimineral Supplement Omeg...,1200.0,746,25.0,71.0,5
"Wellbeing Nutrition Whey Protein Isolate, 26g Protein, 4B CF...",4999.0,4849,3.0,10.0,4
"Bio Oil Skin Care Oil - Scars, Stretch Mark, Ageing, Uneven ...",1950.0,1600,18.0,51458.0,4
INJA Beauty Collagen for Skin- Hair & Nails- with Vit C- Glu...,1250.0,1100,12.0,224.0,4
Wellbeing Nutrition Skin Fuel Effervescent Blueberry & Mint ...,3596.0,2158,40.0,416.0,4
"OZiva Organic Plant Protein, 30g Pea Protein Isolate + Brown...",2499.0,2299,8.0,37.0,5
Kama Ayurveda Ashwaras Reviving Body Massage Oil for Nourish...,1200.0,3395,25.0,9.0,4
HealthKart Hk Vitals Vitamin D3 (2000 Iu) Capsules,849.0,579,32.0,367.0,4
"Mountainor Glutathione Glowing, Pigmentation Tablets with Vi...",1998.0,999,50.0,400.0,5
Sanfe Flix Cotton Nipple Covers Pack Of 10,229.0,218,5.0,652.0,4
MYPRO SPORT NUTRITION High Protein Women Weight Gainer Choco...,1199.0,599,50.0,570.0,4
INLIFE B-Enhance Natural Breast Enhancement Size Increase Cr...,539.0,419,22.0,823.0,4
Miduty KSM 66 Ashwagandha 3x Stress Mood Stamina Cortisol Pu...,1200.0,688,25.0,47.0,5
Bonayu Acne Pimple Patch For Men & Women With Salicylic Acid...,205.0,159,22.0,191.0,3
"Oziva Advanced Metabolic Gut-Fit For Gut & Metabolic Health,...",2299.0,1680,27.0,26.0,5
Wellwoman Hairfollic UK's No.1 Hair Supplement for Women (26...,1200.0,690,25.0,376.0,4
Sol de Janeiro Glowmotions Copacabana Bronze Glow Oil,1200.0,3865,25.0,20.0,5
Carbamide Forte Omefish Gold Triple Strength Fish Oil Supple...,1335.0,874,35.0,34.0,5
"Carbamide Forte Chelated Magnesium Glycinate 2000mg, Muscle ...",999.0,649,35.0,42.0,5
Miduty Organic Blood Builder Iron Vit C Energy Hemoglobin Su...,1200.0,884,25.0,40.0,5
Optimum Nutrition (On) Micronized Creatine Powder - Citrus O...,1039.0,889,14.0,9.0,5
MsChief Maestro Premium Body Massager 3 Speeds 20 Patterns P...,6499.0,5134,21.0,9.0,4
MuscleBlaze Biozyme Performance Whey Protein With Us Patent ...,3599.0,3399,6.0,348.0,4
HealthKart HK Vitals Skin radiance Collagen Supplements - Mi...,1200.0,909,25.0,73.0,4
HealthKart HK Vitals Skin Radiance Collagen - Mixed Fruit & ...,1038.0,899,13.0,67.0,4
"Wellbeing Nutrition Slow Daily Probiotics 60 Billion CFU, Bl...",1399.0,1189,15.0,20.0,5
Mederma Stretch Marks Therapy,1200.0,1045,25.0,459.0,4
MuscleBlaze Fish Oil 1000mg Capsules,949.0,669,30.0,310.0,4
Optimum Nutrition Gold Standard 100% Whey Protein Double Ric...,19968.0,16482,17.0,738.0,4
"Fast&Up L-carnitine Tartrate 1000mg, Carnipure Tablets - Lem...",599.0,499,17.0,46.0,4
HealthKart HK Vitals Skin Radiance Collagen Powder - Mango (...,1818.0,1649,9.0,18.0,4
Beautywise Advanced Marine Collagen Anti-Aging Powder - Glut...,2299.0,1839,20.0,178.0,5
"What's Up Wellness Natural Biotin Gummies for Healthy Hair, ...",799.0,622,22.0,2638.0,4
Kapiva Dia Food Juice Clinically Proven Diabetes Care with K...,1200.0,562,25.0,64.0,5
"Wellbeing Nutrition Skin Fuel Japanese Collagen Peptides, L-...",1798.0,1259,30.0,418.0,4
Nua Nursing Disposable Pads - Pack Of 18,199.0,179,10.0,15.0,4
"Wellbeing Nutrition Vitamin C + Zinc, Orange Flavour, Immuni...",399.0,339,15.0,64.0,5
GUBB Safety Scissor For Hair Cutting- Moustache & Beard Trim...,175.0,158,10.0,228.0,4
Durex Lube Strawberry Flavoured Lubricant Gel for Men & Wome...,575.0,399,25.0,421.0,4
"HealthKart HK Vitals Calcium, Magnesium, and Zinc Tablets wi...",629.0,449,29.0,556.0,4
Inlife B-Firm Bust Firming Breast Tightening and Lifting Mas...,539.0,419,22.0,500.0,4
Chicnutrix Glow Effervescent Tablets - Orange,1399.0,970,31.0,10.0,4
HealthKart HK Vitals Skin Radiance Collagen Powder,829.0,769,7.0,143.0,4
Cureveda Glow Plant Based Collagen Builder Veg And Natural B...,1295.0,1204,7.0,25.0,5
Krishna's Herbal & Ayurveda Diabic Care Juice,1200.0,459,25.0,175.0,4
Oziva Plant Based Iron With Folic Acid,879.0,749,15.0,16.0,4
Plum Bodylovin' Vanilla Vibes Body Polishing Trio,1505.0,1159,23.0,52594.0,5
Optimum Nutrition (ON) Serious Mass High Protein Weight Gain...,6249.0,5069,19.0,131.0,4
"OZiva Advanced Hair Serum Plus Hair Vitamins, Redensyl, Lind...",2158.0,1807,16.0,3242.0,4
Gritzo Supermilk Growth+ 12G Protein Powder For 10-12Y Girls...,1200.0,849,25.0,2.0,5
HealthKart HK Vitals Multivitamin+ For Men,1200.0,669,25.0,53.0,4
"Wellbeing Nutrition Organic Vegan Protein Isolate, 3B CFU Pr...",1799.0,1529,15.0,31.0,4
"Kapiva Get Slim Juice Healthy Weight Management, Helps Manag...",1200.0,515,25.0,611.0,4
NAKPRO Perform Whey Protein Concentrate - Double Rich Chocol...,3600.0,1800,50.0,15.0,5
Plix Collagen Builder Bubbly Effervescent Tablets Vitamin C ...,1400.0,1092,22.0,53.0,4
Purna Gummies Glutathione Cola Flavour Gummies For Skin Whit...,1200.0,799,25.0,6799.0,4
Oziva Phyto Ceramides+ Collagen Builder Tablets - Blueberry,1299.0,1099,15.0,21.0,4
"MuscleBlaze Liquid L-carnitine Pro, Triple Strength Formula ...",1799.0,1599,11.0,24.0,4
Cureveda Weight-Gut Plant Based Powder - Pineapple,995.0,975,2.0,29.0,4
Neuherbs Vitamin E Plus from Sunflower and Almond Oil for Sk...,1200.0,479,25.0,331.0,4
"Wellbeing Nutrition Melts Hairfall Control, Biotin, DHT Bloc...",1200.0,599,25.0,139.0,4
Oziva Bioactive Gluta Fizzy to Reduce Cellular Damage - Oran...,799.0,549,31.0,64.0,4
Pee Safe Toilet Seat Sanitizer Spray Mint,1200.0,120,25.0,3446.0,5
Krishna's Herbal & Ayurveda She Care Juice,1200.0,984,25.0,6.0,4
Brillare 100% Pure Cold Pressed Almond Oil Organic Almond Oi...,795.0,676,15.0,35.0,4
Mountainor Herbal Knee Pain Relief Arthritis Inflammation Pa...,599.0,339,43.0,55.0,5
Bonayu Glutathione and Vitamin C Mouth Dissolving Strips,2300.0,644,72.0,61.0,4
Krishna's Herbal & Ayurveda Fat Reducer Juice,1200.0,478,25.0,82.0,4
MuscleBlaze Liquid L-carnitine - Tangy Orange,799.0,699,13.0,40.0,4
Setu Skin Renew Glutathione & Vitamin C Effervescent Tabs (O...,2800.0,1799,36.0,102.0,5
Swisse Wild Fish Oil with Omega 3 (1500mg) Fatty Acids for H...,1200.0,2599,25.0,58.0,5
MsChief Vibrato Personal Massager Vibrator for Women,3499.0,2694,23.0,14.0,5
"Wellbeing Nutrition Slow Bone Support, Glucosamine & Chondro...",1399.0,1189,15.0,19.0,5
Miduty Zinc Picolinate 50MG High Absorption Zinc For Immune,1200.0,699,25.0,43.0,5
hoop Magnesium Daily Body Lotion Topical Magnesium Supplemen...,680.0,520,24.0,16.0,4
Plix Apple Cider Vinegar Effervescent Tablets - Cola,4200.0,2814,33.0,27.0,4
"Ace Blend Methylated Multivitamin Supports Immunity, Focus &...",1196.0,945,21.0,9.0,4
Wellbeing Nutrition Slow Advanced NAC (N-Acetyl Cysteine) + ...,1399.0,1189,15.0,3.0,5
HealthKart Hk Vitals Skin Radiance Collagen Supplement With ...,1200.0,909,25.0,1179.0,4
"HealthKart HK Vitals Dht Blocker With Biotin Tablets, Helps ...",539.0,439,19.0,589.0,4
"Oziva Daily Protein Activ For Women With Clean Whey Protein,...",799.0,749,6.0,140.0,4
HealthyHey Nutrition High Absorption Magnesium Glycinate - V...,1069.0,632,41.0,33.0,4
HealthKart HK Vitals Magnesium Glycinate Tablets For Men,999.0,789,21.0,2.0,5
"Bio Oil Skin Care Oil - Scars, Stretch Mark, Ageing, Uneven ...",1600.0,1313,18.0,51433.0,4
Cureveda Skin-Gut Plant Based Powder,945.0,888,6.0,33.0,4
"Gritzo SuperMilk Growth+ (Formerly Height+) (13+y Boys), 13g...",1200.0,899,25.0,85.0,4
"Wellbeing Nutrition Melts Natural Vitamin D3 + K2, Raspberry...",599.0,509,15.0,82.0,5
Kerala Ayurveda Kumkumadi Oil,1200.0,520,25.0,224.0,4
MuscleBlaze Omega 3 Fish Oil Gold Capsules,1349.0,979,27.0,92.0,4
Wellwoman Supplements UK's No.1 Multivitamin for Women (Even...,1200.0,669,25.0,169.0,4
MuscleBlaze Super Mass Gainer XXL - Chocolate,1719.0,1109,35.0,422.0,4
Nutrova Multivitamin Tablets For Women,710.0,675,5.0,14.0,4
YourHappyLife Magnesium 5X Pro Capsules,1399.0,811,42.0,22.0,5
"Nat Habit Extra Virgin Cold Pressed Coconut Oil For Dry, Fri...",589.0,489,17.0,280.0,5
Oziva Plant Based Collagen Builder And Oziva Glutathione Bui...,1718.0,1409,18.0,7301.0,4
MOUNTAINOR L-Glutathione + Collagen Capsules For Skin Health,2098.0,1578,25.0,5197.0,4
Plix The Plant Fix Apple Cider Vinegar 750MG ACV Bubbly Effe...,2880.0,1958,32.0,3.0,3
Beautywise Dual Action Magnesium Capsules,899.0,746,17.0,34.0,5
MuscleBlaze Beginner'S Whey Protein - Chocolate,2279.0,1949,14.0,13.0,5
Krishna's Herbal & Ayurveda Thyro Balance Juice,1200.0,515,25.0,39.0,4
"Wellbeing Nutrition Probiotic + Prebiotic 18B CFU, Indigesti...",699.0,594,15.0,138.0,4
Plix Apple Cider Vinegar Effervescent Tablets with Vitamin B...,1400.0,1134,19.0,122.0,4
Miduty Estrogen Balance DIM Vitex Hormonal Balance PCOS Meno...,1200.0,1306,25.0,22.0,5
"Wellbeing Nutrition Daily Greens, For Immunity & Detox, Lime...",590.0,502,15.0,187.0,4
HealthKart HK Vitals Skin Radiance Collagen For Men Suppleme...,1289.0,1229,5.0,9.0,4
"HealthKart HK Vitals Fat Burner, Supports Weight Management ...",599.0,449,25.0,96.0,4
"Gritzo SuperMilk Growth+ (Formerly Height+) (7-12y Boys),10g...",1200.0,849,25.0,54.0,4
Bloom by Boldcare Personal Mini Massager Rechargeable Pain R...,842.0,730,13.0,25.0,4
Miduty Joint Pain Relief Patented Turmeric Root,1200.0,1400,25.0,13.0,5
MyFitFuel Hydrolyzed Marine Collagen - Orange,1429.0,822,42.0,3247.0,5
Miduty Sleep Well Melatonin Valerian Root Deep Sleep Support...,1200.0,1306,25.0,24.0,5
"Palmer’S Cocoa Butter Massage Cream For Stretch Marks, Free ...",625.0,531,15.0,231.0,4
Miduty Smarty Kids Multivitamins + Minerals Immunity Growth ...,1200.0,813,25.0,24.0,5
Orimii Leg & Foot Massage Heat Gel For Pain Relief With Natu...,595.0,536,10.0,25.0,4
Setu Skin Renew Glutathione With Vitamin C Tablets (Pack of ...,2100.0,1499,29.0,97.0,5
Bajaj 100% Pure Coconut Hair Oil,1200.0,865,25.0,758.0,4
"Swisse Beauty Biotin+ With Nicotinamide, Rose Hips & Vitamin...",1200.0,1549,25.0,46.0,4
Setu Skin Youthful Marine Collagen Powder with Biotin for Wo...,2400.0,1599,33.0,806.0,4
"Beautywise Advanced Vegan Collagen Builder For Skin, Hair An...",2299.0,1839,20.0,145.0,5
TruNativ Advanced Japanese Marine Type 1 & 3 Collagen Powder...,1799.0,1511,16.0,4.0,5
"Nat Habit Balamool Nimbuka Pure Baby Maahu, Baby Massage Oil...",784.0,557,29.0,32.0,5
Victoria's Secret Coconut Milk Rose Natural Beauty Body Oil,2799.0,2239,20.0,1.0,3
"Gritzo SuperMilk Growth+ (Formerly Height+) (13+y Girls), 13...",1200.0,899,25.0,86.0,4
Setu Skin Renew L-Glutathione Tablets with Vitamin C for Glo...,4200.0,2499,40.0,192.0,5
Cos-IQ Stretch Marks Removal Roll-On Serum For Scar Removal ...,1398.0,949,32.0,795.0,4
Baidyanath Shikakai And Bhringraj Nourishing Shampoo,290.0,261,10.0,509.0,4
Plush Hot Water Bag for Cramps & Pain Relief - Soft Cuddle B...,599.0,467,22.0,20.0,4
HealthKart HK Vitals Pure Korean Skin Marine Collagen Powder,1779.0,1749,2.0,24.0,4
"Sirona Premium Disposable Maternity Breast Pads, Ultra Thin,...",199.0,166,16.0,453.0,4
TruNativ Advanced Japanese Marine Collagen Type 1 & 3 Powder...,599.0,449,25.0,4.0,5
True Elements Raw Chia Seeds,600.0,390,35.0,1595.0,4
Nat Habit 100% Pure Cold Pressed Almond Oil,447.0,371,17.0,226.0,4
Nua Nipple Butter,599.0,499,17.0,4.0,5
Fast&Up L-Carnitine 1000mg Advanced - Orange Flavoured,599.0,499,17.0,24.0,4
Beautywise Skin Brilliance 4X Liposomal Glutathione Dual Act...,5798.0,4638,20.0,14.0,4
Fast&Up Carnitine 3000Mg Effervescent Tablets - Orange,849.0,646,24.0,2.0,5
Oziva Pro-Collagen Protein Peptides With Clean Protein - Car...,849.0,799,6.0,95.0,4
"hoop Pain Relief Spray Instant Cooling For Back, Leg, Lumbar...",459.0,410,11.0,13.0,4
SheNeed Evening Weight Loss Pills With Fat Reduction Formula...,409.0,290,29.0,272.0,4
MuscleBlaze Biozyme Performance Whey Protein - Rich Chocolat...,3499.0,3299,6.0,52.0,4
Pee Safe Toilet Seat Sanitizer Spray Floral,1200.0,180,25.0,871.0,5
Nature Sure Muscle Charge Tablets For Strength and Protein A...,1254.0,552,56.0,9.0,4
MuscleBlaze Creamp Creatine Monohydrate With Shaker - Sunset...,2098.0,1299,38.0,4.0,5
Nat Habit Pure Olive Baby Oil,306.0,254,17.0,397.0,4
"OZiva Nutritional Meal Women for Weight Management, High in ...",2499.0,2449,2.0,39.0,4
"Wellbeing Nutrition Melts Vital Iron, Folate, for Hemoglobin...",1200.0,599,25.0,104.0,5
Miduty Active CoQ10 Kaneka Ubiquinol + PQQ Capsules,1200.0,2989,25.0,3.0,5
"Auric Liver Detox Effervescent with 10 Ayurvedic Herbs, Clin...",890.0,854,4.0,13.0,5
Vlado's Himalayan Organics Methylcobalamin 1500mcg B12 Vitam...,654.0,340,48.0,34.0,4
"OZiva Plant Based Vitamin E(with Sunflower, Aloe vera & Arga...",749.0,699,7.0,402.0,4
Purna Gummies Apple Cider Vinegar for Adults & Kids Better D...,1200.0,599,25.0,5704.0,4
Aroma Magic 5 in 1 Facial Kit Salon Range,1270.0,1016,20.0,189.0,4
OZiva Skin Vitamins With Hyaluronic Acid & Grape Seed Extrac...,799.0,749,6.0,202.0,4
That Sassy Thing Candy Massager for Women - Retro Red,2499.0,1999,20.0,12.0,5
Max Care Virgin Coconut Oil - Pack of 2 (Each 250ml),1200.0,650,25.0,122956.0,5
Bonayu Probiotics For Kids Mouth Dissolving Strips - With Re...,640.0,448,30.0,1.0,2
Krishna's Herbal & Ayurveda Painshunya Juice,1200.0,549,25.0,14.0,4
"OZiva Protein & Herbs For Men, for Lean Muscle, Better Stami...",2979.0,2799,6.0,45.0,5
Merit Vco Extra Virgin Coconut Oil,1200.0,549,25.0,7725.0,5
"Sirona Herbal Period Pain Relief Patches, No Side Effects, S...",249.0,211,15.0,783.0,4
MsChief Rock N Roll Premium Egg Massager 3 Speeds 6 Patterns...,4499.0,3464,23.0,9.0,4
"Palmer's Cocoa Butter Skin Firming Body Lotion, Free Of Para...",650.0,553,15.0,219.0,4
Plix ACV Apple Cider Vinegar L-carnitine Effervescent Tablet...,400.0,296,26.0,62.0,4
Isopure Creatine,1109.0,945,15.0,4.0,4
"Kapiva Thar Aloe Vera Juice Rejuvenates Skin & Hair,Natural ...",1200.0,280,25.0,544.0,4
hoop Sleep Mist Pillow Spray With Lavender & Chamomile Oil f...,695.0,562,19.0,11.0,4
Kapiva Karela Jamun Juice Helps Manage Blood Sugar Levels Wi...,1200.0,374,25.0,142.0,5
Krishna's Herbal & Ayurveda Najlant Powder,1200.0,384,25.0,12.0,4
Oziva Plant Based Collagen Builder For Anti-Aging Beauty- Sk...,1718.0,1522,11.0,3352.0,4
"Neuherbs Mini Deep Fish Oil 1000 mg Omega 3 for Muscle, Join...",529.0,499,6.0,74.0,4
MuscleBlaze Biozyme Clear Whey Protein Isolate - Icy Lemonad...,2849.0,2179,24.0,9.0,4
Plush Phlic Lubricant - Natural - Non Flavoured + Non-Sticky,449.0,359,20.0,149.0,4
HealthKart HK Vitals Skin Radiance Collagen Supplement - Lem...,1200.0,909,25.0,23.0,4
MCaffeine Cellulite & Stretch Mark Reduction Combo - Exfolia...,894.0,742,17.0,298845.0,5
Gorgio Professional Premium Multipurpose Face and Skin Steam...,2499.0,1250,50.0,189.0,4
Krishna's Herbal & Ayurveda Cholesterol Care Juice,1200.0,562,25.0,12.0,4
Khadi Natural Sweet Almond Hair & Body Oil Hydrates Dull & D...,549.0,351,36.0,675.0,4
SheNeed Weight Loss Combo,818.0,654,20.0,1316.0,4
HealthKart HK Vitals Glutathione 15 Effervescent Tablets - O...,1518.0,1299,14.0,24.0,4
HealthKart Hk Vitals Glutathione Effervescent Tablets,1200.0,275,25.0,21.0,4
Oziva Vegan Collagen with Biotin & Vitamin C For Brighter & ...,1858.0,1646,11.0,196.0,4
Muscleblaze Iso-zero Zero-carb Whey Protein Isolate - Chocol...,5399.0,4799,11.0,43.0,5
"hoop Pain Relief Patch Instant Cooling For Back, Knee & Shou...",440.0,423,4.0,4.0,5
Plix 24k Guava Gold Lightweight Face Serum With Vitamin C & ...,600.0,498,17.0,268.0,4
"Palmer's Cocoa Butter Nursing Butter, For Pregnancy & Breast...",500.0,425,15.0,75.0,4
NAKPRO Perform Whey Protein Concentrate - Malai Kulfi,3600.0,1800,50.0,5.0,5
L'Occitane Shea Butter Fabulous Oil,1200.0,3800,25.0,12.0,4
"Oziva Protein & Herbs For Men, For Lean Muscle, Better Stami...",2979.0,2799,6.0,14.0,4
Blue Nectar Niraa Nabhi Oil with Olive Oil,845.0,701,17.0,19.0,5
Kapiva Aloe Vera + Amla Juice Thar Aloe Vera And Pratapgarh ...,1200.0,469,25.0,307.0,5
Praakritik Organic Beet Root Powder,269.0,199,26.0,754.0,4
Vigini Vaginal V Tightening Tight Cream & Breast Bust Firmin...,1150.0,1023,11.0,2842.0,4
Nutrova Calcium + Magnesium Tablets,950.0,904,5.0,10.0,5
Carbamide Forte Natural Vitamin C 1000mg Tablets,730.0,549,25.0,142.0,5
Dr. Odin 3 In 1 Vaporizer With Nose And Facial Steamer OSV10...,510.0,383,25.0,474.0,4
Plix Glutathione Skin Tablets With L-Glutathione & Vitamin C...,7800.0,5304,32.0,15.0,4
"Auric Liver Detox Effervescent with 10 Ayurvedic Herbs, Clin...",1780.0,1460,18.0,38.0,5
MuscleTech Nitrotech Whey Protein - Milk Chocolate,1200.0,14699,25.0,7.0,5
YourHappyLife Marine Collagen Reglow 8000mg with Glutathione...,4398.0,3123,29.0,250.0,4
Swisse High Strength Fish Oil with (1500mg) Omega 3 for Hear...,1200.0,1149,25.0,42.0,5
HealthKart HK Vitals Glutathione Effervescent Tablets - Oran...,3036.0,2199,28.0,12.0,4
Sheneed Collagen Booster With Hydrolysed Collagen,400.0,288,28.0,426.0,4
Plix Isabgol Orange Burst Sachet Powder (Pack Of 30),600.0,486,19.0,61.0,5
Oziva Acv Moringa Apple Cinnamon Hot Mix For Craving Control...,3600.0,2999,17.0,2.0,5
HealthKart Hk Vitals Skin Radiance Marine Collagen Supplemen...,1200.0,299,25.0,34.0,5
The Good Bug Good Down There SuperGut PowderHelps Reduce UTI...,679.0,649,4.0,48.0,5
Healthkart Hk Vitals Multivitamin And Fish Oil Combo For Wom...,588.0,499,15.0,103.0,4
MyFitFuel Hydrolyzed Bovine Collagen+ Hyaluronic Acid Biotin...,1279.0,838,34.0,3070.0,5
"HealthKart Hk Vitals Proteinup Active, For Energy, Strength,...",719.0,499,31.0,137.0,4
"OZiva Plant based HerBalance for PCOS, with ChasteBerry, For...",2298.0,1899,17.0,2140.0,4
Oziva Bioactive Plant Protein (25g Vegan Protein) For Endura...,2649.0,2399,9.0,9.0,5
HealthKart Hk Vitals Advanced Omega-3,849.0,759,11.0,31.0,5
Krishna's Herbal & Ayurveda Vcose Eaze Juice,1200.0,579,25.0,11.0,5
Kapiva Apple Cider Vinegar (ACV) Suitable for Weight Loss & ...,1200.0,598,25.0,1505.0,4
Wipness Natural Knee Patches For Knee Pain Relief - Pack Of ...,1200.0,499,25.0,58.0,4
KimiNo Gold Japanese Organic Ceremonial Grade Matcha Green T...,1000.0,649,35.0,70.0,4
"What's Up Wellness Sleep Gummies with Melatonin, Muscle Reco...",799.0,622,22.0,90.0,4
Krishna's Herbal & Ayurveda IBS Care Juice,1200.0,543,25.0,9.0,4
HealthKart HK Vitals Calcium + Vitamin D3 Supplement Tablets...,1200.0,359,25.0,184.0,4
"Deve Herbes Pure Kumkumadi Oil with Saffron For Glow Skin, H...",625.0,613,2.0,813.0,4
Dr. Morepen Itch Beat Antifungal Dusting Powder,126.0,115,9.0,33.0,5
Himalaya Rumalaya Forte Tablet - 30 Tablets,1200.0,450,25.0,9.0,4
Beautywise Advanced Marine Collagen Anti-Aging Powder- Gluta...,2299.0,1839,20.0,119.0,5
Osteocare Tablets(calcium 400mg+magnesium+zinc & Vitamin D3 ...,1200.0,164,25.0,61.0,4
Mountainor Collagen and Glutathione Tablets Combo for Glowin...,1798.0,1408,22.0,1316.0,4
"Palmer's Cocoa Butter Skin Therapy Oil For Scars, Stretch Ma...",650.0,585,10.0,100.0,4
Wellbeing Nutrition Pure Korean Marine Collagen Peptides - U...,3598.0,3058,15.0,1606.0,4
Matra Double-Sided Fashion Tape Invisible Dressing Tape Stri...,75.0,68,10.0,34.0,4
Beautywise Advanced Marine Collagen Peptides Powder - Lemon,2299.0,1839,20.0,7.0,5
Orgatre Pregnancy Stretch Mark Roll-On Serum With Striover F...,649.0,487,25.0,77.0,5
Fast&Up Charge Natural Vitamin C & Zinc Orange Tube 20 Table...,379.0,322,15.0,174.0,4
Khadi Natural Ayurvedic Teatree Essential Oil Reduces Blemis...,399.0,275,31.0,763.0,5
Pee Safe Feminine Herbal Pain Relief Patch (Pack Of 5),249.0,234,6.0,254.0,5
Miduty Anxiety Anger Mood Calm Supplement KSM 66 Ashwagandha...,1200.0,1400,25.0,6.0,5
The Good Bug ByeBye Bloat SuperGut PowderHelps with Bloating...,679.0,649,4.0,133.0,4
Dr. Su Gluta Glow Liposomal L-Glutathione For Hyperpigmentat...,1200.0,1699,25.0,4.0,4
Blue Nectar Ayurvedic Herbal Compress Potli with Neem & Turm...,615.0,572,7.0,30.0,5
Sirona Oxo Biodegradable Disposal Bags (50) For Discreet Dis...,149.0,141,5.0,492.0,5
Vedic Valley Akta Stress Relieving Body Massage Oil,640.0,595,7.0,13.0,5
Miduty Leaky Gut Support L Glutamine Acidity Bloating Digest...,1200.0,1587,25.0,14.0,5
Plix Heavenly Hair With Natural Biotin Tablets - Orange Flav...,700.0,560,20.0,43.0,5
Miduty Eye Vision Shield Lutemax Astaxanthin Blue Light Prot...,1200.0,1400,25.0,16.0,4
Palmer's Cocoa Butter Soothing Oil Spray For Dry Itchy Skin ...,650.0,553,15.0,49.0,5
Plush Love Glove Super Dotted Condoms for Her Extra Pleasure...,399.0,299,25.0,101.0,4
Krishna's Herbal & Ayurveda Digestive Care Juice,1200.0,421,25.0,22.0,4
Carbamide Forte Ferronoz Chelated Iron Supplement,665.0,569,14.0,18.0,5
NAKPRO Impact Whey Protein Powder - Cookies & Cream,2600.0,1300,50.0,11.0,4
Sirona Sanitary Disposal Bags for Discreet Disposal of Intim...,199.0,169,15.0,312.0,5
HealthSense Full Body Composition Monitoring 8 Electrode BMI...,1200.0,10000,25.0,9.0,4
Gunam Golden Glow Blend with Vit C Curcumin & Saffron for Im...,1400.0,1260,10.0,2.0,5
Vigini Stretch Marks Scar Removal Oil Cream In During Pregna...,375.0,338,10.0,196.0,5
Plix Gua Sha Stone,1300.0,507,61.0,20.0,4
Plix The Plant Fix ACV CQR Plus Effervescent Tablets For Fat...,4500.0,3285,27.0,3.0,5
Plix Glutathione Skin Tablets With L-Glutathione & Vitamin C...,7800.0,5304,32.0,3.0,4
"Setu Skin Glow & Youth Combo, Setu Glutathione Fizz Tablets ...",3800.0,2499,34.0,136.0,4
MsChief Electro Personal Massager With Remote Vibrator,3799.0,2963,22.0,7.0,3
Carbamide Forte Novosules Woman + Multivitamin for Women,532.0,399,25.0,55.0,4
Nat Habit 100% Pure Cold Pressed Neem Hair & Skin Oil,412.0,350,15.0,96.0,4
"Undercover Climax Chronicles, Big O Palm, And Solo Flight Ra...",14999.0,8249,45.0,9.0,4
MuscleBlaze Stainless Steel Beige Gym Pro Shaker,1200.0,1499,25.0,1.0,5
"INLIFE Seabuckthorn Seed Oil, 500mg, 30 Veg Caps, Anti Aging...",1599.0,999,38.0,24.0,4
Carbamide Forte Magnesium Oil Spray,770.0,499,35.0,12.0,4
MuscleBlaze Raw Whey Isolate - Unflavoured,1200.0,2499,25.0,142.0,4
Carbamide Forte Organic Moringa Tablet with 0mg Leaves Extra...,295.0,210,29.0,46.0,4
Himalaya Wellness Ayurslim Capsules (3N*60 Capsules),954.0,861,25.0,188.0,4
Plush Preg-oh! Midstream Pregnancy Test Kit For Women 99% Ac...,349.0,300,14.0,129.0,4
Glutone C Setria Glutathione - Japan 500mg & Natural Vit C T...,3506.0,3085,12.0,324.0,4
"Indulgeo Essentials Hermosa Body Oil For Women, Helps in Red...",1800.0,1260,30.0,51.0,5
"Wellbeing Nutrition Melts Calm & Relaxation, L-theanine, Red...",1200.0,599,25.0,24.0,4
Miduty ShapeMe Up Plant Protein Pea & Brown Rice Protein Wei...,1200.0,1680,25.0,11.0,5
Cureveda Berberine 97% Glucose Control Supports Weight Manag...,995.0,796,20.0,3.0,4
Wellbeing Nutrition Matcha Collagen Sachets,1699.0,1444,15.0,1.0,5
"Auric Liver Detox Effervescent with 10 Ayurvedic Herbs, Clin...",1335.0,1202,10.0,8.0,5
Nat Habit 100% Pure Cold Pressed Coconut Hair & Skin Oil,424.0,352,17.0,87.0,5
Man Matters Biotin Hair Gummies For Hair Growth With Multivi...,1200.0,990,25.0,211.0,4
Krishna's Herbal & Ayurveda Moringa Powder,1200.0,328,25.0,4.0,5
"HealthKart Hk Vitals Proteinup Women, With Collagen, Biotin,...",2999.0,1999,33.0,145.0,4
HealthSense Chef-Mate Kitchen Scale (KS33),1200.0,1899,25.0,8.0,3
Nua Cramp Comfort Heat Patches For Period Pain - Pack Of 2,678.0,583,14.0,1880.0,4
"OZiva Plant Based DHT Blocker with Stinging Nettle extract, ...",549.0,529,4.0,79.0,4
Carbamide Forte Novosules - Daily Multivitamin with Probioti...,399.0,299,25.0,67.0,5
OZiva Superfood Greens & Herbs (Supergreens powder with Chlo...,1199.0,1099,8.0,113.0,4
Man Matters Anti Hair Fall Shampoo,1200.0,499,25.0,729.0,4
Peebuddy Before & After Toilet Seat Sanitizer Spray (Vanilla...,189.0,170,10.0,472.0,5
MuscleBlaze Biozyme Performance Whey Protein Powder - Rocky ...,3599.0,3399,6.0,1.0,5
Wellbeing Nutrition Whey Protein Isolate - Dark Chocolate,8999.0,8729,3.0,2.0,3
"BRALCON Raw Seeds Combo Of Chia, Pumpkin, Sunflower & Flax",270.0,267,1.0,329.0,5
Fast&Up Reload Electrolyte Energy And Hydration Drink - Oran...,265.0,215,19.0,25.0,5
Inlife Myo Inositol Powder Supplement For Pcos,1329.0,699,47.0,15.0,5
Cureskin Smoothing Body Butter Stretch Marks Cream,450.0,395,12.0,158.0,5
Nabhi Sutra Daily Digestion Ayurvedic Belly Button Oil For M...,589.0,530,10.0,49.0,4
Vlado's Himalayan Organics Plant Based Vitamin B12 Good for ...,924.0,702,24.0,109.0,4
"HealthKart HK Vitals Zinc Supplements With Vitamin C, Vitami...",469.0,399,15.0,42.0,4
Plush Preg-oh! Midstream Pregnancy Test Kit For Women 99% Ac...,129.0,114,12.0,145.0,4
Miduty Fat Burning Chai Creamer MCT Oil Green Coffee Metabol...,1200.0,1493,25.0,10.0,5
Vlado's Himalayan Organics Calcium Magnesium Zinc Vitamin D3...,896.0,699,22.0,185.0,4
MuscleBlaze Beginner's Whey Protein Supplement - Chocolate,1099.0,1049,5.0,179.0,4
Setu Sleep Restore - Melatonin 5mg Orally Dissolving Strips ...,2400.0,1099,54.0,265.0,5
Purna Gummies Superfruits Collagen Mixed Fruit Flavour Gummi...,1200.0,599,25.0,4769.0,4
"Chicnutrix Glow 100% Japanese Glutathione, Strawberry Lemon ...",3960.0,2384,40.0,5244.0,4
Man Matters Ketoconazole Anti Dandruff Shampoo For Men With ...,1200.0,299,25.0,558.0,4
TruNativ Advanced Japanese Marine Collagen Type 1 & 3 Powder...,599.0,449,25.0,10.0,5
HealthKart HK Vitals Fish Oil 1000mg Omega 3 with 180mg EPA ...,319.0,289,9.0,93.0,4
Carbamide Forte Calcium with Magnesium- Zinc- Vitamin D-K2,935.0,549,41.0,51.0,4
Victoria's Secret Vanilla Orchid Palo Santo Natural Beauty B...,2799.0,2239,20.0,3.0,4
Miduty Kids Calcium Vitamin D3 Strong Bones Immunity Support...,1200.0,710,25.0,21.0,5
"Vlado's Himalayan Organics Biotin 10, 000Mcg for Hair Growth...",851.0,655,23.0,640.0,4
"Wellbeing Nutrition Organic Vegan Protein Isolate, 3B CFU Pr...",1999.0,1699,15.0,6.0,5
HealthSense Yoga Mat For Women & Men With Carry Rope Ym 601 ...,1200.0,2500,25.0,11.0,4
Sorich Organics Raw Flax Seeds,1200.0,199,25.0,465.0,4
Oziva Plant Based Biotin 10000+ Mcg With Sesbania Agati - Ba...,1298.0,999,23.0,1095.0,4
Plix The Plant Fix Tri-Magnesium Plus Tablets,750.0,540,28.0,9.0,4
"Cureveda Veg Collagen 5000mg Peptides Type I, II & III Plant...",995.0,896,10.0,14.0,5
Blue Nectar Balalakshadi Jasmine Vitamin D Massage Oil,845.0,761,10.0,216.0,5
MyFitness Peanut Butter - Chocolate Crunchy,1200.0,320,25.0,204.0,4
HealthSense Magic-Vibe Cherry Body Massager (HM260),1200.0,1900,25.0,248.0,4
MsChief Virtuoso With Air-Pluse Stimulator Personal Massager,4799.0,3743,22.0,13.0,3
"Kapiva Shilajit Gold Resin For Stamina And Energy Shilajit, ...",1200.0,1799,25.0,49.0,4
Wellbeing Nutrition Whey Protein Isolate - Unflavoured,8999.0,8729,3.0,1.0,1
Plix ACV Apple Cider Vinegar L-carnitine Effervescent Tablet...,1200.0,852,29.0,13.0,4
Bliss Of Earth Certified Organic Chia Seed,1200.0,455,25.0,113.0,4
BRALCON Chamomile Flower Tea,240.0,238,1.0,68.0,5
MuscleBlaze Biozyme Performance Whey Protein - Magical Mango,3599.0,3399,6.0,113.0,4
HealthKart Hk Vitals 3X Metabolic Apple Cider Vinegar Tablet...,899.0,819,9.0,9.0,4
"Miduty Blue Spirulina + Peak ATP, Phycocyanin Coating, Super...",1200.0,2290,25.0,17.0,5
Oziva Plant Based Collagen Builder - Watermelon + Free Oziva...,1458.0,984,33.0,891.0,4
Oziva Bioactive Plant Protein Powder for Better Muscle Recov...,2649.0,2319,12.0,13.0,5
"Mountainor Glutathione Glowing, Pigmentation Tablets with Vi...",3996.0,1998,50.0,800.0,5
Krishna's Herbal & Ayurveda Liver Detox Juice,1200.0,543,25.0,10.0,5
BRALCON Rosemary Dry Leaves,99.0,98,1.0,35.0,4
"Wellbeing Nutrition Melts Multivitamin, B-complex, for Immun...",1200.0,599,25.0,81.0,4
Krishna's Herbal & Ayurveda Uric Balance Juice,1200.0,478,25.0,21.0,4
That Sassy Thing Rocket Bullet Massager - Perky Plum,1299.0,1039,20.0,2.0,2
Everteen XXL Soft 40 Sanitary Napkins Pad With Free Menstrua...,399.0,259,35.0,140.0,4
Namyaa Curvalicious - Bust Plumping Cream,900.0,648,28.0,40.0,4
Undercover Climax Chronicles Personal Massager For Women,7999.0,4159,48.0,9.0,4
MuscleBlaze MB-VITE Multivitamin Tablets,1299.0,1029,21.0,212.0,5
Skore Skin Thin Condoms,180.0,131,27.0,47.0,4
Oziva Daily Blood Sugar Support for Diabetes & Sugar Control,1069.0,999,7.0,22.0,5
HealthKart HK Vitals Apple Cider Vinegar Tablets - Watermelo...,1249.0,819,34.0,185.0,4
Pee Safe Toilet Seat Sanitizer Spray Lavender - Pack of 3,360.0,319,11.0,229.0,5
Glutone-A with Japanese L-Glutathione+Tablets,1200.0,900,25.0,10.0,4
Krishna's Herbal & Ayurveda Joint Pain Care Juice,1200.0,478,25.0,27.0,4
Keya Seth Aromatherapy Soft & Smooth Olive Body Oil,1200.0,450,25.0,68.0,5
Wellwoman Hairfollic Tricologic Tablets,1200.0,1245,25.0,3.0,5
Kapiva Ayurveda Aloe Vera Juice + Amla Juice Combo,1200.0,560,25.0,3267.0,4
Krishna's Herbal & Ayurveda Sciatifix Juice,1200.0,478,25.0,11.0,4
"MuscleBlaze Liquid L-Carnitine PRO L- Carnitine,Triple Stren...",1799.0,1599,11.0,18.0,4
Everpure Life Ultimate Hydrolysed Pure Type I & 3 Marine Col...,4100.0,3280,20.0,12.0,5
Nutrabay Pure 100% Whey Protein Isolate - Unflavoured,4699.0,4605,2.0,17.0,4
The Body Shop Spa Of The World Polynesian Monoi Radiance Oil,1200.0,2995,25.0,26.0,5
"Oziva ACV Moringa To Control Cravings, Apple Cider Vinegar, ...",1287.0,911,29.0,1148.0,4
"Auric Liver Detox Effervescent with 10 Ayurvedic Herbs, Clin...",1200.0,445,25.0,29.0,4
Miduty Organic Plant Based Collagen Skin Elasticity Hair & N...,1200.0,1405,25.0,33.0,4
"MyFitFuel L-Glutathione, Skin Health Vitamins For Skin Healt...",399.0,326,18.0,13.0,4
Miduty Lung Detox Lung Cleanse Supplement NAC Curcumin Respi...,1200.0,839,25.0,20.0,5
Aroma Magic Coconut Oil,174.0,151,13.0,55.0,4
Oziva Protein & Herbs Women + Free Oziva Shaker,2078.0,1699,18.0,763.0,4
Tulips Bandage Absorbent Cotton Wool,135.0,128,5.0,283.0,5
Vlado's Himalayan Organics Organic Moringa Powder,495.0,282,43.0,8.0,5
Nutrabay Pure 100% Pea Protein Isolate - Unflavoured,1499.0,959,36.0,47.0,4
Krishna's Herbal & Ayurveda Skin & Pimple Care Juice,1200.0,478,25.0,43.0,4
Nutrova Whey Protein Isolate - Dark Chocolate Flavour,4800.0,4569,5.0,3.0,5
Miduty Palak Notes Keto Electrolytes Energy Drink Tablets - ...,1200.0,560,25.0,5.0,5
Plix Hyaluronic Acid + Superfoods 15 Effervescent Tablets Fi...,350.0,298,15.0,131.0,4
"Azah Full Body Personal Massager For Women, 20 Modes, USB Ch...",1099.0,961,13.0,352.0,4
Miduty Calcium Alpha-Ketoglutarate Glutarate (Ca-Akg) Capsul...,1200.0,2054,25.0,9.0,4
Plum Bodylovin' Smell Like A Vanilla Cupcake Duo,1125.0,866,23.0,62325.0,5
Kamasutra Dotted Condoms,200.0,190,5.0,79.0,4
Oziva Bioactive Plant Protein For Better Muscle Recovery Man...,1459.0,1359,7.0,9.0,5
MuscleXP Drfitness+ Wrist Brace With Thumb Support For Men &...,799.0,352,56.0,25.0,4
Wommune Keto Slim Tablets,799.0,280,65.0,416.0,4
GNC Pro Performance 100% Whey Protein Powder - Chocolate Sup...,1200.0,6399,25.0,26.0,4
"Inja Glow Liposomal Glutathione Drop, Fizz & Drink Effervesc...",750.0,660,12.0,11.0,5
MuscleBlaze Micronised Creatine Monohydrate Creamp - Lychee ...,1599.0,999,38.0,4.0,4
NAKPRO Perform Whey Protein Concentrate Supplement Powder - ...,3600.0,1800,50.0,45.0,4
BBETTER Omega 3 Fish Oil - 1000mg Omega 3 Fatty Acid - Softg...,1200.0,899,25.0,58.0,4
Baidyanath Mahanarayan Body Pain Oil,359.0,280,22.0,83.0,4
Setu Skin Youthful Upgraded 8G Marine Collagen + Ceramosides...,2200.0,1599,27.0,1.0,5
Baidyanath Rasraj Ras Gold Tablet,3180.0,2862,10.0,9.0,4
Oziva Bioactive Plant Protein Powder for Better Muscle Recov...,2649.0,2399,9.0,10.0,5
Miduty Kids Chocolate Shake Protein + Multivitamins Growth &...,1200.0,1213,25.0,23.0,5
"Wellbeing Nutrition Daily Prebiotic Fiber, 17 Superfoods, Bl...",899.0,764,15.0,39.0,4
"Purna Gummies Vitamin C Lemon Gummies with Vitamin D3, and Z...",1200.0,499,25.0,2967.0,4
Vandelay Magic Mate-rechargeable Personal Body Massager For ...,1200.0,1999,25.0,73.0,4
"Wellbeing Nutrition Melts Healthy Gut, Probiotics, Indigesti...",1200.0,599,25.0,59.0,4
MOUNTAINOR L-Glutathione Capsules For Skin - Pack Of 2,2398.0,1698,29.0,4175.0,4
CULT Yoga Mat Tpe 10Mm Maroon With Strap And Bag,3699.0,1036,72.0,3.0,4
Optimum Nutrition Gold Standard 100% Whey Protein Sachets - ...,940.0,919,2.0,63.0,4
Blue Nectar Kumkumadi Body Polishing Oil For Stretch Marks &...,895.0,814,9.0,219.0,5
MuscleBlaze Biozyme Performance Whey With Gym Steel Shaker -...,4598.0,3699,20.0,2.0,3
HealthKart HK Vitals Pre & Probiotics Capsules With CFU & 10...,649.0,589,9.0,56.0,4
Cureveda Sparkle Oil Pulling 30 Sachets,795.0,731,8.0,10.0,5
NAKPRO Impact Whey Protein Powder - Chocolate,2600.0,1300,50.0,18.0,4
Skore Vybes Ring Personal Massager For Him & Her,1495.0,1121,25.0,88.0,4
Miduty Cholest Off Diabetes Heart Disease Niacin CQR 300 100...,1200.0,1493,25.0,5.0,4
Carbamide Forte L-Glutathione Reduced+ Effervescent Tablets,730.0,499,32.0,5.0,4
"AreoVeda Natural Nipple Butter, Soothes Sore Nipples, Mom an...",299.0,254,15.0,10.0,5
Oziva Protein & Herbs Women Protein With Multivitamins + Fre...,2078.0,1699,18.0,670.0,4
Upakarma Ayurveda Kesar,649.0,402,38.0,289.0,4
MuscleBlaze Creamp Creatine Monohydrate With Shaker - Juicy ...,2098.0,1299,38.0,3.0,4
The Good Bug PCOS Balance SuperGut Powder for Women Helps Re...,679.0,649,4.0,30.0,4
"HealthKart Hk Vitals Multivitamin With Probiotics, Supports ...",449.0,425,5.0,428.0,4
Keya Seth Aromatherapy Soft & Smooth Olive Body Oil,1200.0,259,25.0,774.0,4
Plix The Plant Fix Apple Cider Vinegar 750MG ACV Bubbly Effe...,4320.0,2981,31.0,9.0,4
Kamasutra Long Last Condoms,400.0,300,5.0,74.0,4
Beautywise Advanced Marine Collagen Peptides Powder - Unflav...,2299.0,1839,20.0,7.0,5
Miduty Apple Cider Vinegar Stevia Fenugreek Detox Weight Los...,1200.0,990,25.0,8.0,5
KimiNo Japanese Organic Matcha Green Tea Powder With Free Re...,750.0,549,27.0,48.0,5
MCaffeine Coffee De-stress Gift Kit - Gift Sets & Combos For...,1192.0,1025,14.0,1750.0,5
Max Care Virgin Coconut Oil - Pack of 2 (Each 500ml),1200.0,1100,25.0,122956.0,5
Vlado's Himalayan Organics Vitamin D3 10000 Iu Chewable Tabl...,1072.0,450,58.0,1.0,2
"Wellbeing Nutrition Apple Cider Vinegar, Weight Management, ...",549.0,424,23.0,102.0,4
MuscleBlaze High Protein Muesli - Dark Chocolate & Cranberry,749.0,649,13.0,122.0,5
Bliss Of Earth Certified Organic Licorice Powder,1200.0,410,25.0,32.0,5
Vitabiotics Feroglobin B12 Capsules,1200.0,253,25.0,12.0,5
"CULT Unisex Tumbler 1200 ml with Steel Straw, Straw Cap and ...",2799.0,1204,57.0,9.0,4
MuscleBlaze Fuel One Whey Protein Immunity+ - Cafe Mocha,1200.0,2199,25.0,56.0,4
Carbamide Forte Probiotic Supplements 50 Billion Cfu For Men...,995.0,599,40.0,49.0,4
Vandelay Mini Mate Massager - Wireless & Waterproof - Person...,1200.0,1999,25.0,66.0,4
Carbamide Forte Organic Ashwagandha 1000mg Tablets,275.0,225,18.0,23.0,4
Sirona Sanitary Disposal Bags for Discreet Disposal of Intim...,150.0,142,5.0,268.0,5
Matra Hot Water Bag for Pain Relief Small Heating Travel Bot...,199.0,179,10.0,18.0,4
Bonayu Iron Liposomal Mouth Dissolving Strips - Mixed Fruit,1200.0,700,25.0,9.0,4
MsChief Tremolo 4 In 1 Bullet Massager For Women,1799.0,1403,22.0,3.0,4
"Gritzo SuperMilk Growth+ (Formerly Height+) (13+y Girls),13g...",1200.0,1699,25.0,9.0,4
MuscleBlaze Biozyme Performance Whey Protein - Blue Tokai Co...,6699.0,6399,4.0,17.0,4
Miduty Probiotics & Prebiotic Fiber,1200.0,839,25.0,15.0,5
"Oziva Plant Based Biotin 10000+ Mcg With Sesbania Agati, Bam...",649.0,549,15.0,94.0,4
Inlife Magnesium Glycinate Supplement With Zinc Picolinate,1069.0,699,35.0,12.0,5
"Ace Blend Rise Creatine Monohydrate For Ultra-Fine, Fast Abs...",1499.0,1169,22.0,9.0,4
"Old School Handcrafted Carrots, Beets And Camphor Body Elixi...",1200.0,1220,25.0,5.0,4
Miduty Betaine HCL & Pepsin Gas Acidity Bloating Anti Acid S...,1200.0,932,25.0,32.0,5
Clarins Body Partner Stretch Mark Expert 175ml,1200.0,4600,25.0,7.0,4
"Gritzo SuperMilk Growth+ (Formerly Height+) (7-12y Boys),10g...",1200.0,1599,25.0,5.0,5
Plix The Plant Fix Fruit Fusion Bubble Sheet Mask Combo - Pa...,1800.0,828,54.0,1.0,5
BRALCON Organic Hibiscus Flower Tea,190.0,179,6.0,42.0,4
Chicco Baby Moments Delight Gift Set For Babies - Beige,1200.0,995,25.0,10.0,4
Deve Herbes Pure Almond Oil With Vitamin E For Hair Fall Con...,515.0,505,2.0,1144.0,5
Gritzo Supermilk Growth+ 13G Protein Powder For 13+Y Boys - ...,1200.0,899,25.0,1.0,1
Vlado's Himalayan Organics Plant Based Vitamin B12 Good for ...,639.0,390,39.0,20.0,5
Oziva Plant Based Collagen Builder - Guava Glow - Skin Brigh...,1718.0,1522,11.0,3114.0,4
Plix Apple Cider Vinegar Effervescent Tablet with Vitamin B6...,350.0,294,16.0,88.0,4
"Oziva Daily Protein Activ For Women With Clean Whey Protein,...",1149.0,796,31.0,386.0,4
Deve Herbes Tone Up Breast Enlargement & Firming Oil,349.0,342,2.0,155.0,4
HealthKart HK Vitals Hair Vitamin with DHT Blockers Omega & ...,669.0,639,4.0,173.0,4
"Upakarma Ayurveda Premium, Pure And Natural Rose Water",399.0,200,50.0,180.0,5
HealthKart HK Vitals Marine Collagen Supplement - Lemon (Pac...,1818.0,1649,9.0,2.0,3
Oziva Organic Plant Protein For Everyday Fitness And Black S...,1679.0,1329,21.0,236.0,4
MuscleBlaze Weight Gainer - Chocolate,1469.0,989,33.0,145.0,4
"Bio Oil Skin Care Oil - Scars, Stretch Mark, Ageing, Uneven ...",1250.0,1026,18.0,23624.0,4
Oziva Bioactive Plant Protein - Malabar Vanilla,1459.0,1359,7.0,17.0,5
"Moroccanoil Dry Body Oil|Argan, Olive & Avocado Oils|Lightwe...",1200.0,7020,25.0,1.0,5
True Elements 7-in-1 Super Seeds And Nut Mix,295.0,274,7.0,201.0,4
Wellbeing Nutrition Melts Healthy Hair & Hairfall Control Co...,1200.0,1198,25.0,1366.0,4
NAKPRO Impact Whey Protein Powder - Vanilla,2600.0,1300,50.0,6.0,5
"OZiva Protein & Herbs for Men,for Lean Muscle, Better Stamin...",2979.0,2799,6.0,20.0,4
MuscleBlaze Creapro Creatine - Unflavoured,1799.0,1409,22.0,82.0,4
Chicco Baby Moments Caring Gift Set For Babies -Blue,1200.0,590,25.0,43.0,4
Elemis Japanese Camellia Body Oil Blend,1200.0,7000,25.0,5.0,4
Blue Nectar Niraa Nabhi Oil with Almond Oil,845.0,701,17.0,12.0,5
Luxuri Busty Best - Bust Firming Serum,1200.0,1199,25.0,15.0,4
HealthKart HK Vitals Glutathione Tablets - Watermelon,1200.0,759,25.0,22.0,4
Plix Jade Roller,1500.0,675,55.0,2.0,4
MuscleBlaze Biozyme Performance Whey Protein PR - Chocolate ...,3949.0,3599,9.0,25.0,4
Oziva Bioactive Plant Protein - Malabar Vanilla,2649.0,2399,9.0,9.0,4
VLCC Clinic Proshape Slimming Gel,1199.0,1139,5.0,6.0,4
HealthKart HK Vitals Glutathione With Vitamin C Effervescent...,2277.0,1799,21.0,2.0,5
Keya Seth Aromatherapy Skin Defence Orange Body Oil - Pack o...,1200.0,198,25.0,242.0,4
Wellbeing Nutrition Her Superfood Plant Protein Chocolate Pe...,1799.0,1376,24.0,6.0,3
Vlado's Himalayan Organics Liposomal Glutathione 650MG,1995.0,1077,46.0,1.0,5
"BRALCON Seeds Combo Of Raw Chia, Watermelon, Pumpkin, Sunflo...",380.0,376,1.0,200.0,5
"YourHappyLife Hair With Keranat™, Biotin, DHT Blockers - Dua...",2598.0,1897,27.0,158.0,5
KimiNo Japanese Organic Matcha Green Tea Powder With Free Re...,550.0,399,27.0,156.0,4
Setu Vitamin C Fizz Effervescent Tablets - Orange,1400.0,800,43.0,741.0,4
Vlado's Himalayan Organics BerberisAristata Berberine 95% wi...,1348.0,971,28.0,7.0,5
Oziva Plant Based Sugar Support - Pack of 2,2138.0,1599,25.0,9.0,4
Kama Ayurveda Organic Moringa Oil,1200.0,2050,25.0,115.0,4
Pregnacare Stretchmark Cream (with Aloe Vera),1200.0,450,25.0,104.0,4
MuscleBlaze Liquid L-carnitine - Lemon Lime,799.0,699,13.0,86.0,4
"Gritzo Supermilk Weight+ (2–6Y Kids), 4G Protein - Double Ch...",1200.0,699,25.0,5.0,4
That Sassy Thing Fiddle Couples Massager - Gaga Green,2999.0,2099,30.0,1.0,3
"The Good Bug Gut Balance SuperGut Powder, Health Supplement ...",679.0,649,4.0,64.0,4
Krishna's Herbal & Ayurveda Thyro Balance Tablet,1200.0,515,25.0,3.0,5
Wellwoman 50+ Health Supplements UK's No.1 Vitamin for Women...,1200.0,573,25.0,64.0,5
"Sirona Natural Intimate Wet Wipes, Balance PH, Hypoallergeni...",150.0,125,17.0,2890.0,5
Max Care Virgin Coconut Oil - 250ml + 1000ml,1200.0,1375,25.0,122955.0,5
Vlado's Himalayan Organics Vlado's Vegan Collagen 2000Mg wit...,1279.0,972,24.0,44.0,5
Fast&Up L-carnitine Tartrate 1000mg Carnipure Tablets - Lemo...,1198.0,998,17.0,92.0,4
Oziva Plant Based Multivitamins for Women 35+ for Hormonal H...,1898.0,1234,35.0,656.0,4
Baidyanath Brahmi Bati (s.m.yu),450.0,405,10.0,13.0,5
Miduty Coco D3 + K2 IN MCT OIL 50 ml,1200.0,551,25.0,8.0,5
Keya Seth Aromatherapy Soft & Smooth Olive Body Oil,1200.0,125,25.0,323.0,4
HealthKart HK Vitals Calcium + Vitamin D3 Supplement With Ma...,1200.0,269,25.0,81.0,4
PLIX Garcinia Cambogia Effervescent Tablets Advanced Weight ...,1400.0,1176,16.0,65.0,4
"INLIFE Chelated Iron Folic Acid Supplement with Vitamin C, E...",439.0,349,20.0,90.0,4
"Wellbeing Nutrition Slow Liver Detox, Milk Thistle, Arjuna, ...",1399.0,914,35.0,10.0,4
Carbamide Forte Multivitamin For Men,530.0,425,20.0,29.0,5
Gritzo Supermilk Overall Growth For 2-6 Yrs Boy & Girls - Cr...,1200.0,699,25.0,10.0,5
Welme Period Pain Relief Device,1200.0,3999,25.0,10.0,4
Carbamide Forte Neoflora Veg 30 Billion Probiotics Supplemen...,685.0,339,51.0,23.0,5
Fast&Up Charge Natural Vitamin C & Zinc Orange Pack of 3 20 ...,1137.0,888,22.0,139.0,4
HealthKart Hk Vitals Veg Collagen & Glutathione Powder - Ora...,1668.0,1599,4.0,3.0,3
Kapiva Shilajit Gold Capsules Contains Himalayan Shilajit As...,1200.0,1499,25.0,18.0,5
Fast&Up L-carnitine Tartrate 1000mg Carnipure Tablets - Lemo...,1797.0,1497,17.0,92.0,4
Baidyanath Ashokarishta For Healthy Menstrual Cycle,165.0,149,10.0,94.0,4
Decode Age Dake 5000 IU Vitamin D3 K2 Capsules,1200.0,1400,25.0,9.0,4
Kerala Ayurveda Mahanarayana Thailam,1200.0,600,25.0,17.0,5
"MuscleBlaze Pre Workout Wrathx With Creapure, Enxtra & Biope...",2549.0,2039,20.0,6.0,4
Bonayu Immunity Essential Multivitamin Supplement For Men & ...,695.0,487,30.0,1.0,5
Optimum Nutrition (ON) Gold Standard Pre-Workout Single Serv...,709.0,619,13.0,34.0,4
HealthKart HK Vitals Protein Vegetarian Protein For Women - ...,1289.0,999,22.0,59.0,5
"Gritzo SuperMilk Overall Growth (13+y Girls), 12g Protein Po...",1200.0,849,25.0,19.0,4
Krishna's Herbal & Ayurveda Patharchatadi Juice (Stone Crake...,1200.0,478,25.0,10.0,4
Krishna's Herbal & Ayurveda Prostirid Juice,1200.0,543,25.0,7.0,3
Undercover Big O Palm And Climax Chronicles Personal Massage...,12999.0,7149,45.0,9.0,4
The Good Bug Metabolically Lean Supergut Powder,799.0,699,13.0,2.0,5
BRALCON Rose Flower Tea,190.0,179,6.0,36.0,5
"MyFitFuel Pcos Rebalance+ 40:1 Myo, D-Chiro Inositol, Berber...",1299.0,848,35.0,62.0,5
HK Vitals Skin Radiance Marine Collagen Supplement Powder - ...,1200.0,909,25.0,1.0,1
Dr. Morepen Natural & Pure Honey Nmr Tested & No Sugar Adult...,129.0,116,10.0,160.0,4
MuscleBlaze Daily Multivitamin for Women,799.0,649,19.0,47.0,4
MuscleTech Mass-Tech Elite - Chocolate Fudge Cake,1200.0,5999,25.0,1.0,4
PLIX Garcinia Cambogia Effervescent Tablets Advanced Weight ...,2100.0,1701,19.0,4.0,4
CULT Tumbler 1200Ml Steel Straw With Straw Cap And Cleaner U...,2799.0,980,65.0,1.0,4
CULT Tumbler 1200Ml Steel Straw With Straw Cap And Cleaner U...,2799.0,980,65.0,9.0,4
Khadi Natural Ayurvedic Herbal Olive Hair and Body Oil,349.0,241,31.0,2359.0,4
INJA Life Japanese Collagen- with Vit C- Glutathione- Glucos...,3000.0,2640,12.0,25.0,4
Carbamide Forte NovaJoint Joint Support Supplement 3900mg,1195.0,799,33.0,21.0,4
Nutrova Vegan Protein - Mango,2230.0,2099,6.0,1.0,5
Krishna's Herbal & Ayurveda Amla Juice,1200.0,215,25.0,32.0,4
Oziva Biotin Xtra with Keratin Builder (60 Veg Biotin Capsul...,1558.0,1401,10.0,3164.0,4
Plix The Plant Fix Apple Cider Vinegar 750MG ACV Bubbly Effe...,360.0,299,17.0,3768.0,4
Glutone C Setria Glutathione - Japan 500mg & Natural Vit C T...,7012.0,5960,15.0,324.0,4
GNC Pro Performance Powder Bulk 1340 - Chocolate,1200.0,6599,25.0,3.0,5
Bold Care Ultra Pleasure Rechargeable Ring,1200.0,1999,25.0,1.0,1
"Soulflower Romance Aroma Massage Oil for Muscle Relaxation, ...",450.0,405,10.0,44.0,4
Vedic Valley Akta Anti-Cellulite Body Massage Oil,640.0,595,7.0,16.0,5
Namyaa Anartava For Delayed And Irregular Periods,499.0,474,5.0,216.0,4
Kapiva BP Care Juice 100% Ayurvedic Juice for Controlling Bl...,1200.0,983,25.0,7.0,5
Vigini Silicone Free Water Based Vaginal Lubricant Lube Jell...,325.0,267,18.0,182.0,4
Miduty Coco D3+K2 Drops For Kids & Babies,1200.0,551,25.0,36.0,5
MuscleBlaze Gym Gallon Leakproof & BPA White Water Bottle,1200.0,1499,25.0,2.0,4
Wellbeing Nutrition Organic Apple Cider Vinegar with Amla & ...,649.0,419,35.0,42.0,4
Votre Breast Tightening & Uplifting Combo Kit,1200.0,1770,25.0,39.0,4
"Miduty Probiotics+ Kids - Pre, Pro & Postbiotic",1200.0,1499,25.0,4.0,5
PLIX Garcinia Cambogia Effervescent Tablets Advanced Weight ...,1050.0,704,33.0,22.0,4
"Aminu Nourishing Sleep Oil Overnight Repair for Redness, Bre...",1200.0,2400,25.0,4.0,3
Optimum Nutrition Gold Standard 100% Whey Protein Double Ric...,5778.0,5179,10.0,1036.0,5
Nutrova Whey Protein Isolate - Unflavoured,4800.0,4569,5.0,1.0,1
Nutrabay Pure 100% Micronised Creatine Monohydrate - Unflavo...,499.0,299,40.0,82.0,5
Bloom by Boldcare Personal Wand Massager 20 Modes Rechargeab...,1405.0,1171,17.0,11.0,4
"Gritzo SuperMilk Overall Growth (10-12y Girls), 11g Protein ...",1200.0,799,25.0,16.0,4
Cureveda Mood Mints For Him & Her For Mood Balance & Energy ...,1200.0,645,25.0,2.0,3
House Of Beauty Reusable Rabbit Breast Lift Ups,1200.0,699,25.0,6.0,3
Vlado's Himalayan Organics Vaginal Probiotics For Women With...,1329.0,758,43.0,1.0,4
What's Up Wellness Daily Burner Weight Loss Capsules - CarbB...,1398.0,1149,18.0,177.0,4
"MuscleBlaze Biozyme Performance Whey Protein, Mb-Vite Multiv...",7398.0,6969,6.0,9.0,4
"Giordano Black Smart Watch With Bluetooth Voice Calling,1.28...",11400.0,3534,69.0,9.0,4
HealthKart Hk Vitals Biotin Hair Gummies With Zinc Vitamin C...,1069.0,869,19.0,231.0,4
Inja Veg Collagen - Natural Flavour,2500.0,2200,12.0,5.0,5
Gritzo Super Multivitamin Gummies For Kids,1200.0,489,25.0,5.0,5
MuscleBlaze Burner Pro Tablets,1149.0,925,19.0,29.0,4
"Kapiva Shilajit Gold Resin For Stamina And Energy Ssilajit, ...",1200.0,3599,25.0,7.0,4
MuscleBlaze Raw Whey Protein Concentrate - Unflavoured,1200.0,2399,25.0,4.0,5
Sirona Oxo Biodegradable & Leak-Proof Sanitary Disposal Bags...,75.0,71,5.0,577.0,5
True Elements Raw Pumpkin Seeds,225.0,214,5.0,110.0,5
HealthKart HK Vitals Ashwagandha Plus with Tulsi Extract 500...,449.0,389,13.0,34.0,4
BRALCON Raw Chia Seeds,140.0,116,17.0,25.0,4
Nutrova Pea Protein - Unflavoured,850.0,809,5.0,5.0,5
HealthSense Ultra-Lite Personal Scale (PS126),1200.0,2300,25.0,17.0,4
Vitabiotics Ultra Omega 3 Capsules,262.0,244,7.0,2.0,5
Carbamide Forte B-Complex Tablets,665.0,499,25.0,13.0,5
Sheneed Morning Weight Loss Pills Fat Reduction Formula Caps...,700.0,595,15.0,9.0,3
Baidyanath Triphala Churna,220.0,209,5.0,135.0,4
What's Up Wellness Lung & Liver Detox Capsules,699.0,599,14.0,3.0,4
Plix Protein Shaker,800.0,592,26.0,1.0,5
MuscleBlaze Super Gainer Black With Egf (chocolate),1849.0,1279,31.0,30.0,4
Wellbeing Nutrition Slow Multi + Omega for Her Multivitamin ...,2798.0,2378,15.0,280.0,4
Wellwoman 50+ Health & Vitality Multivitamin Tablets For Wom...,1200.0,1041,25.0,1.0,5
"Gritzo SuperMilk Growth+ (Formerly Height+) (13+y Boys), 13g...",1200.0,1699,25.0,5.0,4
"OZiva Glutathione Builder (with ALA, Skin Vitamins ) for Ski...",1518.0,1249,18.0,2520.0,4
"Sirona Bleu 3-In-1 (Dotted, Ribbed & Contour Shaped) Condoms...",498.0,473,5.0,98.0,5
Nutrova Poultry Collagen Peptides - Unflavoured,3120.0,2959,5.0,13.0,4
HealthKart HK Vitals Multivitamin With Probiotics Tablets & ...,988.0,899,9.0,11.0,4
"HealthKart Multivitamin Tablets With Ginseng Extract, Taurin...",419.0,399,5.0,317.0,4
MuscleBlaze Biozyme Performance Whey Protein - French Vanill...,3799.0,3399,11.0,13.0,4
HealthKart Hk Vitals Veg Collagen Supplement,1200.0,909,25.0,1.0,5
Krishna's Herbal & Ayurveda Hair & Scalp Care Juice,1200.0,487,25.0,11.0,4
Gritzo Supermilk Growth+ 13G Protein Powder For 13+Y Girls -...,1200.0,475,25.0,13.0,4
Bonayu Wrinklefree Forever Young Collagen Shots (Pack of 6),1148.0,677,41.0,24.0,5
Kamasutra Ultra Dotted Condoms - Pack of 20,400.0,380,5.0,86.0,4
Inja Prime Finest Hydrolyzed Marine Collagen - Unflavoured,1200.0,780,35.0,61.0,4
"MyFitFuel Iron (For 6 Months)+ Folic Acid, Zinc, Vitamin C &...",789.0,518,34.0,373.0,5
GNC AMP Mass XXX Gainer - Chocolate,1200.0,4999,25.0,4.0,4
Dr. Odin Electric Heating Pad - Grey,1599.0,1007,37.0,3.0,5
Fast&Up L-Carnitine 1000mg Advanced - Orange Flavour (Pack o...,1797.0,1497,17.0,48.0,4
Vlado's Himalayan Organics Vitamin D3 600 Iu K2 As Mk7 Suppl...,896.0,726,19.0,10.0,5
"Wellwoman Health, Vitality & Wellbeing Capsules",1200.0,1201,25.0,2.0,1
Moroccanoil Shimmering Body Oil,1200.0,7020,25.0,1.0,5
Beautywise Dual Action Magnesium Capsules,1799.0,1475,18.0,2.0,5
Vlado's Himalayan Organics Chelated Magnesium Glycinate 2000...,1062.0,435,59.0,32.0,5
MuscleBlaze Biozyme Performance Whey Protein - Magical Mango...,3499.0,3299,6.0,19.0,4
Nutrova Multivitamin Tablets For Men,799.0,760,5.0,2.0,5
SheNeed Ovulation Booster Supplement For Women,400.0,180,55.0,29.0,4
MuscleBlaze Stainless Steel Vacuum Insulated Water Bottle - ...,1200.0,1499,25.0,2.0,2
TruNativ Advanced Japanese Marine Collagen Type 1 & 3 Powder...,599.0,449,25.0,2.0,5
Vlado's Himalayan Organics Omega 3 6 9 Vegan Nutrition Suppl...,1170.0,807,31.0,61.0,4
MuscleXP Drfitness+ Double Toning Tube Latex Tube Body Enhan...,799.0,447,44.0,11.0,3
Wellman Hairfollic UK's No.1 Hair Supplement for Men ( Trico...,1200.0,798,25.0,91.0,4
Inlife NAC N-Acetyl L-Cysteine 600mg Capsules,799.0,549,31.0,9.0,4
Plix Heavenly Hair With Natural Biotin Tablets - Orange Flav...,1400.0,1162,17.0,28.0,5
HealthKart hk vitals Glucosamine + Chondroitin & MSM Tablets,999.0,509,49.0,26.0,4
Wellbeing Nutrition Skin Renew Collagen Combo,2898.0,2398,17.0,1176.0,4
"MyFitFuel Calcium+ & Vitamin D 3, K2 (Mk7), Zinc, Magnesium ...",569.0,331,42.0,541.0,5
"Kapiva Triphala Juice100% Ayurvedic, Relieves Constipation &...",1200.0,279,25.0,115.0,4
Oziva Acv Moringa Hot Mix For Craving Control - Apple Cinnam...,429.0,399,7.0,6.0,5
NAKPRO Platinum 100% Whey Protein Isolate Supplement Powder ...,7000.0,3500,50.0,44.0,4
Optimum Nutrition Gold Standard 100% Whey Protein Powder,4999.0,4899,2.0,9.0,4
"Mountainor Glutathione Glowing, Pigmentation Tablets With Fo...",1200.0,1199,25.0,9.0,4
"PLIX Deep Sleep with Melatonin, Oral Dissolving 30 Mini Mint...",798.0,646,19.0,15.0,5
Sheneed Folic Acid & Iron Supplement For Pregnancy,350.0,210,40.0,136.0,4
Kerala Ayurveda Ksheerabala Thailam,1200.0,195,25.0,16.0,4
CULT Tumbler 1200Ml Steel Straw With Straw Cap And Cleaner U...,2799.0,980,65.0,1.0,5
HealthKart HK Vitals Skin Collagen for Men Supplement - Oran...,799.0,669,16.0,14.0,4
NAKPRO Perform Whey Protein Concentrate Supplement Powder - ...,3600.0,1800,50.0,12.0,4
"Nabhi Sutra Belly Button Oil For Skin Care with Almond, Oliv...",667.0,600,10.0,117.0,5
Carbamide Forte Rejunal-L Liver Detox Milk Thistle Extract 8...,1325.0,945,29.0,20.0,4
Oziva Wellness Combo For Women (Daily Women's Multi And Omeg...,1648.0,1429,13.0,1160.0,4
Baidyanath Siddha Makardhwaj Special For Weakness,1925.0,1733,10.0,2.0,5
Bliss Of Earth Certified Organic Multani Mitti Powder,1200.0,240,25.0,66.0,4
Decode Age Nmn 1000 Cellular Energy Capsules,1200.0,3500,25.0,9.0,4
Decode Age Longevit 10 In 1 Longevity Tablets,1200.0,3000,25.0,9.0,4
Oziva Plant Based Collagen Builder For Anti-Aging Beauty + F...,1458.0,949,35.0,5348.0,4
HealthKart HK Vitals Multivitamin Gummies - Orange,649.0,639,2.0,30.0,4
MyFitFuel Salmon Fish Oil 1000mg (180 EPA : 120 DHA),849.0,574,32.0,1250.0,5
Baidyanath Mahamanjisthadi Kadha,120.0,108,10.0,108.0,5
Miduty Palak Notes Methyl B-12 & Folate Chewables,1200.0,1306,25.0,13.0,5
Kapiva Himalayan Shilajit Resin Pure Original Shilajit for H...,1200.0,1499,25.0,74.0,4
"Wellbeing Nutrition Melts Pure Ashwagandha KSM-66, Stress & ...",1200.0,599,25.0,5.0,3
Vitabiotics Ultra Magnesium Tablets,169.0,155,8.0,22.0,4
"OZiva Plant based HerBalance Menopause, Supports Relief for ...",849.0,845,25.0,39.0,5
"Gritzo SuperMilk for 7-12 Yrs Protein & Nutrition Drink Mix,...",1200.0,799,25.0,24.0,5
MuscleBlaze Whey Gold Whey Protein Isolate - Rich Milk Choco...,28999.0,21749,25.0,38.0,5
Pee Safe Disposable Maternity Pads - Pack of 8,299.0,249,17.0,73.0,4
Vlado's Himalayan Organics Liposomal Berberine Hcl+ 1500Mg W...,1995.0,1077,46.0,2.0,5
Zivame Curvy Double Layered Non Wired Full Coverage Maternit...,1099.0,440,60.0,20.0,5
MuscleBlaze Pre Workout Wrathx Powder With Creapure - Natty ...,2199.0,2039,7.0,1.0,5
MuscleBlaze Biozyme ISO Zero Low Carb 100% Pure Whey Protein...,20199.0,18599,8.0,9.0,4
Mars by GHC Delay Spray With Lidocaine For Men To Last Long ...,499.0,199,60.0,58.0,4
Online Quality Store Sunflower Seeds and Pumpkin Seeds Combo,249.0,237,5.0,18.0,5
Inlife Cranberry 400 mg Capsules For Urinary Tract 400 mg D-...,1069.0,649,39.0,4.0,5
Nutrova Whey Protein Isolate - Vanilla Flavour,4800.0,4569,5.0,9.0,4
Kamasutra Ultra Delay Condoms - Pack of 20,1200.0,400,25.0,62.0,4
"Wellbeing Nutrition Whey Protein Concentrate, 27g Protein, 4...",3499.0,3324,5.0,2.0,5
Oziva Advanced Hair Growth ActivesReduces Thinning Hair & Im...,4198.0,3213,23.0,438.0,5
"MyFitFuel Chelated Magnesium Glycinate 2000Mg +Zinc, Vit. B6...",899.0,611,32.0,108.0,5
"MyFitFuel Hair Vitamins with DHT Blocker (36 Vitamins, Miner...",1399.0,896,36.0,2356.0,5
Gunam Functional Plant-Based Creamer + MCT,1400.0,1330,5.0,2.0,5
HealthKart Vitals Marine Collagen For Men - Lemon,1289.0,1229,5.0,6.0,5
Sorich Organics Spearmint Green Tea,1200.0,380,25.0,252.0,4
Oziva Protein & Herbs Women With Multivitamins For Better Me...,2078.0,1699,18.0,814.0,4
Glutone Revive Japanese Marine Collagen Effervescent Tablets,599.0,509,15.0,7.0,4
Plix - The Plant Fix Plix Super Strength Fermented Yeast Pro...,8100.0,5022,38.0,1.0,1
"MuscleBlaze Protein Oats With Added Probiotics, For Weight M...",699.0,599,14.0,56.0,4
HealthKart HK Vitals Glutathione 15 Effervescent Tablet - Wa...,1518.0,1299,14.0,9.0,4
"HealthKart Vitals Hyaluronic Acid (Orange, 15 Effervescent T...",1200.0,549,25.0,9.0,4
Nutrabay Bioabsorb Whey Protein Powder - Milk Chocolate,7999.0,6559,18.0,1.0,5
"MuscleBlaze Biozyme Iso-Zero, Whey Protein Isolate Powder - ...",999.0,899,10.0,1.0,5
"Neuherbs Natural Beetroot Powder for Face, Skin, Hair and to...",1200.0,498,25.0,630.0,4
MuscleBlaze Fit High Protein Oats - Unflavoured,549.0,469,15.0,18.0,4
TruNativ Everyday Fiber,399.0,331,17.0,14.0,4
Plix The Plant Fix Fruit Fusion Bubble Sheet Mask Combo - Pa...,600.0,426,29.0,4.0,4
Optimum Nutrition Gold Standard 100% Whey - Vanilla Ice Crea...,940.0,919,2.0,2.0,5
Carbamide Fort Cold Pressed Flax Seed Oil,460.0,345,25.0,78.0,4
Baidyanath Basant Malti Ras With Gold,1210.0,1089,10.0,5.0,4
Nutrova Pea Protein - Unflavoured,2230.0,2099,6.0,1.0,5
Inlife Zinc Supplements With Zinc Picolinate & Gluconate Com...,799.0,549,31.0,3.0,5
"Inja Fit Marine Collagen For Skin, Joints And Muscles, With ...",2250.0,1980,12.0,6.0,5
Miduty Happy Heart CoQ10 Heart Health BP Energy Booster 100%...,1200.0,1493,25.0,2.0,5
NAKPRO Gold Whey Protein Concentrate Chocolate With Creatine...,4800.0,2400,50.0,4.0,4
The Good Bug Bye Bye Bloat Supergut Powder (Pack Of 6),4074.0,2699,34.0,266.0,4
That Sassy Thing Candy Massager for Women - Bubbly Blue,2499.0,1999,20.0,5.0,3
Nutrabay Bioabsorb Whey Protein Powder - Kesar Badam Pista,7999.0,6559,18.0,1.0,1
Skore Dots Condoms,145.0,119,18.0,39.0,4
Plush Phlic Lubricant - Strawberry Chill - Friction Free + W...,399.0,319,20.0,82.0,4
MyFitFuel Women Advance Daily Essential Multivitamin Capsule...,1079.0,661,39.0,1030.0,5
Miduty Memory & Focus Bacopa Monnieri Ginkgo Biloba Brain He...,1200.0,1587,25.0,2.0,5
Chicco Anti - Bacterial Breast Pads Pads,1200.0,419,25.0,78.0,4
"Sirona Bleu Ultra Thin Condoms For Men & Women, Vegan, Toxin...",498.0,473,5.0,93.0,5
Sangya Project Sangya 360 Vibrating Stroker,1200.0,5500,25.0,1.0,1
MuscleBlaze Super Gainer XXL - Cookies & Cream,1719.0,1109,35.0,40.0,5
Purna Gummies Multivitamin Mango Gummies with Vitamins & Min...,1200.0,499,25.0,1495.0,4
Sirona PH Balanced Intimate Intimate Wet Wipes - 40 Wipes (4...,300.0,235,22.0,2890.0,5
MyFitFuel Hydrolyzed Bovine Collagen - Unflavored,1279.0,838,34.0,216.0,5
Kamasutra Honeymoon Surprise Pack Condoms - 21pcs,750.0,713,5.0,64.0,4
Nutriorg Pumpkin Seed Oil Softgel Capsule,1200.0,580,25.0,5.0,4
Miduty Digest Fat Fatty Liver Gall Bladder Ox Bile Pepsin Fa...,1200.0,793,25.0,8.0,5
Krishna's Herbal & Ayurveda Asthma Care Juice,1200.0,515,25.0,9.0,4
NAKPRO Platinum 100% Whey Protein Isolate Supplement Powder ...,7000.0,3500,50.0,5.0,4
Nutrova Creatine Monohydrate For Adults - Unflavoured,699.0,664,5.0,9.0,4
Be Bodywise Multivitamin Gummies For Women - Pack Of 2,1598.0,1254,22.0,446.0,4
"HealthKart HK Vitals Fat Burner With L-Carnitine, Garcinia C...",939.0,899,4.0,19.0,4
Miduty Immune Shield (With Liposomal quercetin),1200.0,1773,25.0,3.0,5
Krishna's Herbal & Ayurveda Shapefix Tablet,1200.0,553,25.0,1.0,3
Nykd By Nykaa Mommy Slip-On Bra - Nude NYB129,699.0,629,10.0,44.0,5
Undercover Altura Bullet Personal Massager For Women,7999.0,4159,48.0,1.0,5
The Good Bug Good Down There Supergut Powder (Pack Of 6),4074.0,2699,34.0,96.0,5
Krishna's Herbal & Ayurveda Uric Balance Tablet,1200.0,478,25.0,2.0,5
INLIFE Pumpkin Seed Extract Supplement 500mg 60 Capsules,599.0,479,20.0,9.0,4
SandPuppy Eyefresh- Reusable Cool Gel Eye Mask - Ideal For P...,899.0,503,44.0,41.0,4
Nabhi Sutra Belly Button Oil for Acne treatment & Dark Spots...,589.0,530,10.0,57.0,4
Radhikas A Picnic ParTea Gift Set,1200.0,6000,25.0,9.0,4
"MuscleBlaze Protein Oats With Added Probiotics, Rolled Oats,...",319.0,299,6.0,42.0,4
Nutrabay Pro Fish Oil Omega 3 (Triple Strength) - 1000mg,1129.0,802,29.0,6.0,4
Vlado's Himalayan Organics Probiotics 50 Billion Cfu with Pr...,1037.0,757,27.0,50.0,5
INLIFE Berberine HCL 500mg Supplements with Milk Thistle & T...,1329.0,859,35.0,3.0,5
"Gritzo SuperMilk Growth+ (Formerly Height+) (7-9y Girls), 10...",1200.0,849,25.0,44.0,4
"Wellbeing Nutrition Melts Instant Energy, Natural Caffeine, ...",599.0,419,30.0,10.0,4
"MuscleBlaze Super Gainer Xxl, Chocolate Bliss",1719.0,1109,35.0,32.0,5
HealthKart Hk Vitals Glutathione Effervescent Tablets - Oran...,1509.0,1299,14.0,9.0,4
MuscleBlaze Creatine Monohydrate CreAMP with CreAbsorb - Cit...,649.0,549,15.0,9.0,4
Miduty Testoup 5X - Testosterone Booster Supplement,1200.0,1689,25.0,17.0,5
MuscleXP Drfitness+ Hand Grip Exerciser / Strengthener,599.0,323,46.0,8.0,3
Vlado's Himalayan Organics L-Glutathione 600mg Tablets - Ora...,1003.0,552,45.0,40.0,5
Oziva Acv Moringa Desi Kahwa Hot Mix For Craving Control - P...,1800.0,1299,28.0,2.0,5
Azah Pregnancy Test Kit - Pack Of 3,1200.0,199,25.0,2.0,3
"Kapiva Shilajit Gold Resin Helps in boosting Stamina, Contai...",1200.0,890,25.0,11.0,4
Vitabiotics Patchex Tablets With Picrorrhiza Kurroa Extract,387.0,372,4.0,2.0,5
BBETTER Garcinia Cambogia For Weight Loss Supplement - Veg C...,1200.0,1299,25.0,80.0,4
MyFitness Peanut Butter - Chocolate Smooth,1200.0,320,25.0,86.0,4
Optimum Nutrition Gold Standard 100% Whey - Alphonso Mango -...,1200.0,940,25.0,1.0,5
PLIX Green Coffee Bean Effervescent Tablet For Better Metabo...,1396.0,1103,21.0,30.0,4
MsChief Adagio Intimate Sensual Personal Massager,4999.0,3849,23.0,2.0,1
Vlado's Himalayan Organics Chelated Iron with Vitamin C Tabl...,1995.0,818,59.0,9.0,5
Dr. Odin Sthethoscope Black,830.0,481,42.0,9.0,4
MsChief Anywear Wearable Remote Control 3 Speeds 7 Patterns ...,4199.0,3233,23.0,9.0,4
KimiNo Japanese Organic Matcha Green Tea Powder With Free Re...,1500.0,999,33.0,12.0,5
The Good Bug Sleep and Calm SuperGut Powder for Healthy Deep...,679.0,649,4.0,10.0,4
"MuscleBlaze Biozyme Iso-Zero, Low Carb Whey Protein Isolate ...",5399.0,4799,11.0,2.0,5
NAKPRO Gold Whey Protein Concentrate - Double Rich Chocolate,4600.0,2300,50.0,3.0,4
MuscleBlaze Micronized Creatine Monohydrate Powder,1499.0,999,33.0,4.0,3
INLIFE L Glutathione Reduced Supplement 30 Veg Capsules,1289.0,599,54.0,13.0,4
Kerala Ayurveda Dhanwantharam Thailam - Black,1200.0,480,25.0,3.0,4
TruNativ Advanced Japanese Marine Collagen Type 1 & 3 Powder...,599.0,449,25.0,7.0,4
NAKPRO Perform Raw Whey Protein Concentrate With Added Diges...,3600.0,1800,50.0,25.0,4
Nutrova Whey Protein Isolate - Dark Chocolate Flavour,1800.0,1709,5.0,2.0,3
Gritzo Supermilk Growth+ 13G Protein Powder For 13+Y Girls -...,1200.0,899,25.0,11.0,4
Krishna's Herbal & Ayurveda Shatavari Juice,1200.0,206,25.0,3.0,5
"PLIX Deep Sleep with Melatonin, Oral Dissolving 30 Mini Mint...",1197.0,994,17.0,13.0,5
True Elements Quinoa,650.0,423,35.0,63.0,4
Azah Pregnancy Test Kit For Women - Pack Of 3,299.0,239,20.0,71.0,4
HealthKart Hk Vitals Glutathione Effervescent Tablets - Mang...,1200.0,1509,25.0,9.0,4
MuscleTech Hydroxycut Hardcore Super Elite - Unflavoured,1200.0,2799,25.0,17.0,4
Flexnest German Designed Turbo Massage Gun for Body Pain Rel...,4999.0,2500,50.0,1.0,4
Plix The Plant Fix ACV Hot Brew Cinnamon Effervescent Tablet...,1400.0,1092,22.0,1.0,2
iGRiD BMI Scale for Body Weight with Feelfit Fitness App (IG...,3999.0,1400,65.0,7.0,4
Baidyanath Lohasav Increases hemoglobin levels,185.0,157,15.0,55.0,5
Vlado's Himalayan Organics Pure Shilajit 24 Carat Gold with ...,936.0,655,30.0,9.0,4
Menopace Iso Menopause Supplement (22 Key Nutrients With Ant...,816.0,767,6.0,2.0,5
"Deve Herbes Pure Babchi Oil For Anit-Aging, Hydrating, Even ...",515.0,505,2.0,69.0,5
Baidyanath Rumartho Gold Plus Treating Arthritis,740.0,666,10.0,4.0,5
"Inlife Myo Inositol Supplement, Shatavari, Zinc, Folic Acid,...",1069.0,599,44.0,1.0,4
"Wellbeing Nutrition Melts Acidity Relief, Amla & Mint, Acidi...",1200.0,599,25.0,2.0,4
HealthKart HK Vitals Hyaluronic Acid Effervescent Tablets Wi...,1308.0,1149,12.0,7.0,3
Clovia Cotton Rich Solid Padded Demi Cup Wire Free Maternity...,1199.0,408,66.0,17.0,4
Krishna's Herbal & Ayurveda Diabic Care Plus Juice,1200.0,979,25.0,9.0,4
NAKPRO Perform Whey Protein Concentrate Supplement Powder - ...,3600.0,1800,50.0,18.0,4
Gritzo Super Gummies Multivitamin For Kids - Strawberry,599.0,499,17.0,5.0,4
Neuherbs Skin Glow Collagen Supplement Orange Flavour with H...,1099.0,899,18.0,42.0,4
Wellbeing Nutrition Radiance Duo Combo,3998.0,3398,15.0,976.0,4
Neuherbs Skin Collagen Booster and Vitamin E Plus Combo,1200.0,978,25.0,3.0,4
Plix The Plant Fix Watermelon Collagen Booster Powder - Pack...,1200.0,1799,25.0,9.0,4
MuscleBlaze Biozyme Performance Whey Protein PR - Chocolate ...,7599.0,6999,8.0,8.0,4
Wellman Hairfollic Tablets With Biotin That Support Healthy ...,1200.0,1423,25.0,9.0,4
Oziva Glutathione Builder For Skin Brightening,1518.0,1249,18.0,2520.0,4
Fast&Up Melatonin 5mg Fall asleep Drug-free & Non- Strawberr...,375.0,287,23.0,7.0,4
MuscleBlaze Biozyme Daily Multivitamin With US Patent Filed ...,1299.0,1029,21.0,33.0,5
Vlado's Himalayan Organics Shatavari Powder 100GMS Promotes ...,795.0,286,64.0,1.0,5
MCaffeine Pre & Post Shower Moisturization Routine - Coffee ...,1090.0,916,16.0,79277.0,5
Gritzo Supermilk Growth+ 13G Protein Powder For 13+Y Boys - ...,1200.0,475,25.0,3.0,3
CULT Gallon Bottle 2.2L Unisex Black,1799.0,720,60.0,2.0,5
"BRALCON Tea Combo Of Hibiscus Flower, Butterfly, Rose & Lemo...",480.0,466,3.0,44.0,5
Carbamide Forte Organic Triphala Powder,295.0,195,34.0,35.0,5
HealthKart HK Vitals Salmon 1000mg Omega 3 Fish Oil Capsules...,699.0,559,20.0,49.0,4
Neuherbs Organic Amla Powder for Healthy Hair and Skin with ...,1200.0,498,25.0,170.0,4
Krishna's Herbal & Ayurveda Chywanprash,1200.0,459,25.0,16.0,4
Gritzo SuperMilk Growth+ (Formerly Height+) (2-6y Boy & Girl...,1200.0,1399,25.0,5.0,5
Vegan Greens Skin Radiance Japanese 500mg Glutathione +11 Nu...,3629.0,2609,28.0,2103.0,5
Vlado's Himalayan Organics Spirulina 2000mg Greensuper Food ...,699.0,440,37.0,2.0,5
HealthKart Hk Vitals Skin Radiance Collagen Powder Combo Pac...,1038.0,889,14.0,153.0,4
"Inja Fit Marine Collagen For Skin, Joints And Muscles, With ...",2250.0,1980,12.0,4.0,5
NAKPRO Mr. Fit Mass Gainer - Chocolate,1160.0,510,56.0,3.0,4
Wellbeing Nutrition Total Wellness Pair Combo,2798.0,2378,15.0,502.0,4
Krishna's Herbal & Ayurveda BP Care Juice,1200.0,468,25.0,1.0,5
GLAMOUR WORLD AYURVEDIC Glow Body Polishing Oil,250.0,235,6.0,23.0,4
Oziva Hair Actives + Shilajit For Men Hair Supplement With L...,4796.0,2600,46.0,9.0,4
Baidyanath Mahanarayan Body Pain Oil - Pack Of 2,190.0,180,5.0,45.0,4
HealthyHey Nutrition L - Theanine - Support Relaxation - Veg...,1779.0,769,57.0,3.0,5
MuscleBlaze Compact 100% Leakproof Gym Shaker,1200.0,499,25.0,158.0,4
SandPuppy Elbow Ice Pack For Tendonitis & Tennis Elbow,1999.0,660,67.0,9.0,4
Vlado's Himalayan Organics Spirulina 2000mg Greensuper Food ...,899.0,566,37.0,34.0,5
Pee Safe Domina Discover Personal Massager For Women,2299.0,1717,25.0,6.0,4
Wellbeing Nutrition Daily Probiotic + Prebiotic 18 Billion C...,1398.0,1188,15.0,276.0,4
PLIX Green Coffee Bean Effervescent Tablet For Better Metabo...,350.0,298,15.0,52.0,4
HealthyHey Nutrition CoQ10-105mg - Veg Capsules,1199.0,849,29.0,1.0,5
"Wellbeing Nutrition Slow Burn with Capsimax Garcinia, Chromi...",2798.0,2219,21.0,54.0,4
"MyFitFuel Multi Collagen Peptides 3000Mg+Biotin, Hyaluronic ...",899.0,566,37.0,257.0,5
"INLIFE Vitamin B12 With Alpha Lipoic Acid, Folic Acid, Inosi...",799.0,499,38.0,1.0,5
"MuscleXP Drfitness+ Resistance Loop Band Set Of 5, Exercies ...",1099.0,604,45.0,15.0,4
Inlife High Absorption Magnesium Glycinate Forte Tablets,1149.0,699,39.0,4.0,5
Gritzo Supermilk Girl Height+ 7-12Y 9G Protein (Double Choco...,1288.0,1199,7.0,3.0,2
Matra Double-Sided Fashion Tape Invisible Dressing Tape Stri...,109.0,95,13.0,16.0,3
Radhikas Pisces White Leaf Tea For The Healer,1200.0,750,25.0,9.0,4
INLIFE Plant Based Vitamin D3 600IU K2 Supplement from Liche...,799.0,599,25.0,5.0,5
"OZiva HerBones for Women with Algae Calcium, Plant Based Veg...",799.0,749,6.0,41.0,4
Oziva High Protein Peanut Butter - Crunchy,1200.0,449,25.0,4.0,4
HealthKart Vitals Marine Collagen For Men - Watermelon,1289.0,1229,5.0,1.0,4
Nutrabay Magnesium Glycinate High Absorbing Chelated Tablets,999.0,549,45.0,3.0,4
GNC Pro Performance Creatine Monohydrate Powder - Unflavoure...,1200.0,2699,25.0,9.0,4
"MOUNTAINOR Collagen Capsules For Skin, Hair & Bone Health - ...",1798.0,1458,19.0,1022.0,4
HealthyHey Nutrition Egg White Protein - Instant Mix - Unfla...,3499.0,2679,23.0,3.0,4
MuscleBlaze Creamp Creatine Monohydrate With Shaker - Unflav...,2298.0,1299,43.0,1.0,3
MuscleBlaze Creamp Creatine Monohydrate With Shaker - Waterm...,2298.0,1299,43.0,9.0,4
MuscleBlaze Biozyme Gold Whey Protein & Creatine Monohydrate...,9048.0,8479,6.0,3.0,5
Miduty Activated Coconut Charcoal Edible Supplement Teeth Wh...,1200.0,560,25.0,21.0,5
Hajamat Scythe Double Edge Safety Razor For Men Stainless St...,1200.0,999,25.0,2.0,4
"Kapiva Get Slim Juice Healthy Weight Management, Aids Metabo...",1200.0,1030,25.0,1222.0,4
Inlife Japanese Hydrolyzed Collagen Peptides Powder - Unflav...,1149.0,699,39.0,28.0,5
True Elements Rolled Oats,400.0,360,10.0,236.0,4
"HealthKart Hk Vitals Hair Multivitamin With Dht Blockers, Om...",1200.0,399,25.0,2.0,5
Nutriorg Certified Organic Rose Water,1200.0,285,25.0,225.0,5
Pee Safe Toilet Seat Sanitizer Spray Floral - Pack of 3,540.0,486,10.0,73.0,5
Miduty Complete Turmeric Matrix Turmeric Cough Cold Choleste...,1200.0,1119,25.0,17.0,5
PLIX Hyaluronic Acid Effervescent Tablets For Skin Hydration...,1400.0,1092,22.0,25.0,4
Baidyanath Pure Honey,475.0,333,30.0,68.0,4
Vlado's Himalayan Organics Nano Curcumin 1600Mg With Piperin...,1395.0,865,38.0,9.0,4
Plix Glowy Skin Bubbly 600MG Glutathione Effervescent Tablet...,5280.0,4277,19.0,9.0,4
Pee Safe Domina Female Condom,398.0,279,30.0,102.0,4
HealthKart HK Vitals Glutathione Tablets - Lemon,1200.0,759,25.0,3.0,3
HealthKart HK Vitals ProteinUp For Women - Chocolate,719.0,519,28.0,7.0,3
NAKPRO Impact Whey Protein Powder - Cream Chocolate,2600.0,1300,50.0,3.0,5
Vlado's Himalayan Organics Naturally Sourced Astaxanthin 4mg...,1323.0,1019,23.0,6.0,4
"MuscleBlaze Zma (zinc, Magnesium Aspartate, Vitamin B6) Tabl...",849.0,649,24.0,16.0,4
BRALCON Butterfly Blue Pea Flower Tea & Chamomile Flower Tea,340.0,337,1.0,26.0,5
Tea Treasure Super Mint Tea,1200.0,345,25.0,7.0,4
"MuscleBlaze Mb-vite Multivitamin, 30 Tablets With Omega 3 Fi...",778.0,707,9.0,77.0,4
Plix Eye Mask,500.0,380,24.0,1.0,5
"Cureveda Hair Bioten - Biotin 10,000 Mcg For Stronger & Shin...",995.0,915,8.0,11.0,5
Vlado's Himalayan Organics Vitamin D3 60000 LU Oral Shots - ...,974.0,448,54.0,2.0,4
HealthKart Skin Radiance Collagen Powder Combo Pack - Orange...,1818.0,1649,9.0,9.0,4
Krishna's Herbal & Ayurveda LFTSure Juice,1200.0,549,25.0,6.0,5
"Nat Habit Balamool Nimbuka Pure Baby Maahu, Baby Massage Oil...",435.0,361,17.0,24.0,4
Skore Nothing - Climax Delay,150.0,111,26.0,45.0,5
MuscleBlaze Gym Gallon Leakproof & BPA Black Water Bottle,1200.0,1499,25.0,1.0,5
"Wellbeing Nutrition Melts Restful Sleep, For Natural Sleep C...",1198.0,1138,5.0,589.0,4
Fast&Up ACV - Apple Cider Vinegar with Mother - Weight manag...,350.0,244,30.0,35.0,4
Plix Good Gut Pre+probiotic Green Apple 15 Effervescent Tabl...,1800.0,1476,18.0,10.0,5
HealthKart HK Vitals Skin Radiance Collagen Powder - Mixed F...,988.0,799,19.0,20.0,4
Leeford Cornex Foot Corn Cap Medicated Plaster Bandage,400.0,360,10.0,4.0,4
Fast&Up Charge Natural Vitamin C & Zinc Orange Tube Tablets ...,758.0,644,15.0,348.0,4
Oziva Plant Based Vitamin D3+K2+B12 For Stronger Bones - Pac...,1758.0,1449,18.0,2.0,4
CULT Yoga Mat Tpe 10Mm Blue With Strap And Bag,3499.0,1050,70.0,9.0,4
MuscleTech Platinum Multivitamin - Unflavoured,1200.0,1599,25.0,37.0,4
Krishna's Herbal & Ayurveda Piles Care Juice,1200.0,543,25.0,3.0,2
Kerala Ayurveda Dhanwantharam Thailam,1200.0,220,25.0,34.0,4
"Inja Beauty Collagen For Skin, Hair & Nails - Mango Flavour",1250.0,1100,12.0,20.0,4
MsChief Minim Bent Angle 3 Speeds 7 Patterns Personal Massag...,2699.0,2105,22.0,3.0,5
Krishna's Herbal & Ayurveda Hridyguard Juice,1200.0,549,25.0,1.0,4
NAKPRO Perform Whey Protein Concentrate Supplement Powder - ...,3600.0,1800,50.0,4.0,5
Kapiva Wild Amla Juice Natural Source of Vitamin C Made with...,1200.0,560,25.0,2179.0,4
Purna Gummies Multivitamin Strawberry Gummies with Vitamins ...,1200.0,499,25.0,4284.0,4
NAKPRO Gold 100% Whey Protein Concentrate Supplement Powder ...,4800.0,2400,50.0,39.0,4
Auric Poop Easy Effervescent Tablets,623.0,604,3.0,3.0,4
HealthKart HK Vitals Skin Radiance Collagen Powder - Mixed F...,1508.0,1349,11.0,3.0,5
Oziva Plant Based Collagen Builder For Anti-Aging Beauty- Sk...,2877.0,2399,17.0,832.0,4
Plix - The Plant Fix Plix Super Strength Fermented Yeast Pro...,5400.0,3402,37.0,9.0,4
Oziva Acv Moringa Desi Kahwa Hot Mix For Craving Control - P...,3600.0,2599,28.0,1.0,1
Vlado's Himalayan Organics Plant Based Vitamin E (Sunflower ...,923.0,794,14.0,81.0,4
GlowCollagen Pure Marine Japanese Formulation Peptides I & I...,1200.0,4000,25.0,2.0,5
Krishna's Herbal & Ayurveda Freshoeaze Powder,1200.0,255,25.0,1.0,5
HealthKart Hk Vitals Melatonin Tablets For Restful Sleep & R...,799.0,749,6.0,9.0,4
Vlado's Himalayan Organics Organic Ashwagandha Powder,595.0,232,61.0,3.0,5
HealthyHey Nutrition Curcumin With Piperine,2399.0,1209,50.0,7.0,4
Gritzo Supermilk Growth+ 10G Protein Powder For 7-12Y Boys -...,1200.0,435,25.0,3.0,4
"Nutriburst Hair, Skin & Nail Growth Gummies - Strawberry",1200.0,499,25.0,99.0,5
Undercover Altura Bullet And Solo Flight Rabbit Personal Mas...,12999.0,7149,45.0,9.0,4
MuscleBlaze Pre Workout 200 Xtreme - Berry Bolt Flavour,649.0,599,8.0,24.0,4
NAKPRO Whey Platinum Plus+ Protein Isolate - Malai Kulfi,7200.0,3600,50.0,9.0,4
Gorgio Professional Steamer & Vapouriser GS3,799.0,439,45.0,21.0,3
PINQ POLKA Disposable Nipple Pasties Sweat Proof Nipple Cove...,1200.0,998,25.0,1166.0,4
MyFitFuel Triple Strength Omega 3 & Fish Oil Capsules (540EP...,1289.0,938,27.0,1126.0,5
Ace Blend Lion's Mane Shroom Instant Medium Roast Blend Coff...,1335.0,1135,15.0,9.0,4
Vlado’s Himalayan Organics Magnesium Complex 1660MG Tablets,923.0,757,18.0,4.0,5
Tulips Bandage Absorbent Cotton Wool,79.0,75,5.0,526.0,5
HealthSense Nano-Cure Facial Steamer (FS550),1200.0,2400,25.0,39.0,4
Everteen Relax Nights XXL Ultra Thin Overnight Sanitary Pads,499.0,329,34.0,77.0,4
Nykd By Nykaa Mommy Slip-On Bra - Blue NYB129,699.0,629,10.0,47.0,4
Setu Plant Protein + Veg Collagen 24G Protein Powder - Vietn...,2900.0,2499,14.0,1.0,1
SheNeed Daily Probiotics,409.0,180,56.0,71.0,5
"MuscleBlaze High Protein Peanut Butter With Pea Protein, Cru...",669.0,625,7.0,68.0,4
Vitabiotics Calcimax 1000 Tablets With Calcium Carbonate,356.0,324,9.0,4.0,4
Ace Blend Hydro Hype Natural Beetroot Extract With Vitamins ...,400.0,360,10.0,9.0,4
Neurozan 27 Micronutrients Tablets,1200.0,1312,25.0,1.0,3
MuscleBlaze Biozyme Performance Whey Protein - French Vanill...,6699.0,6399,4.0,34.0,4
Krishna's Herbal & Ayurveda Diabic Care Tablet,1200.0,450,25.0,2.0,2
Oziva Clean Whey Concentrate Protein Powder - Coffee,3899.0,3319,15.0,9.0,4
"Wellbeing Nutrition Pure Himalayan Shilajit Gold Resin, 24K ...",1599.0,974,39.0,7.0,4
"MyFitFuel Advance Pre-Workout (5.35G Aminos, Caffeine +12 Co...",1339.0,822,39.0,19.0,5
HealthyHey Nutrition Gold Collagen - Cranberry,2219.0,896,60.0,8.0,5
What's Up Wellness Daily Burner Weight Loss Capsules - CarbB...,2097.0,1649,21.0,177.0,4
CULT Unisex Gym Belt Leather - Black,1499.0,510,66.0,9.0,4
Plix The Plant Fix ACV Hot Brew Effervescent Tablets For Met...,350.0,294,16.0,6.0,5
"Gritzo Supermilk Athlete Black Panther (13+), 17G Protein - ...",1200.0,1199,25.0,3.0,4
"MuscleBlaze Super Gainer Xxl, For Muscle Mass Gain - Banana",4299.0,3049,29.0,15.0,4
Gritzo Super Milk 13+y: Teen Athletes Nutrition Drink - Natu...,1200.0,1599,25.0,4.0,5
Bonayu Multivitamin For Kids Mouth Dissolving Strips,700.0,490,30.0,9.0,4
HealthSense Digital Weight Machine For Body Weight PS111,1200.0,1600,25.0,22.0,5
Vlado's Himalayan Organics Melatonin 10mg (Healthy Sleep Cyc...,638.0,549,14.0,17.0,5
Fast&Up Nightout Tablets - Fizzy Lemon Flavour,311.0,262,16.0,4.0,5
GNC Pro Performance Pure Micronized Creatine Monohydrate Pow...,1200.0,1799,25.0,2.0,5
HealthKart HK Vitals Multivitamin Adults 50+ Tablets,449.0,369,18.0,3.0,5
Oziva Plant Based Collagen Builder - Guava Glow - Watermelon,1918.0,1754,9.0,915.0,4
Oziva Acv Moringa Apple Cinnamon Hot Mix For Craving Control...,900.0,749,17.0,1.0,5
HealthyHey Nutrition Egg White Protein - Instant Mix - Choco...,1699.0,1389,18.0,10.0,4
Kerala Ayurveda Kottamchukkadi Thailam,1200.0,160,25.0,24.0,4
Vlado's Himalayan Organics Plant Based Collagen Builder Powd...,1240.0,756,39.0,160.0,4
ThriveCo Anti Greying Hair Supplement,599.0,419,30.0,3.0,3
HealthKart HK Vitals Hair Multivitamin & DHT Blocker with Bi...,1208.0,899,26.0,2.0,3
Sebamed Baby Massage Oil - Pack Of 2,1200.0,1260,25.0,1072.0,5
Vandelay Magic Mate-rechargeable Personal Body Massager For ...,1200.0,1999,25.0,2.0,4
Bold Care Surge For Erectile Dysfunction,1200.0,699,25.0,243.0,4
Purna Gummies Pretty Woman Glutathione Cola Flavour - Pack O...,1200.0,1598,25.0,13598.0,4
"Auric Lung Detox for Smokers with Natural Blend of NAC, Push...",534.0,454,15.0,10.0,5
MuscleBlaze Biozyme Performance Whey Protein & Creatine Mono...,4248.0,3869,9.0,9.0,4
Oziva Plant Based Iron With Folic Acid With Vitamin C & B12 ...,1758.0,1699,3.0,1.0,4
CULT Yoga Mat Allignment 6Mm Black Green With Strap,1799.0,720,60.0,1.0,5
Everpure Life Marine Collagen Supplement For Health & Joints,3900.0,3120,20.0,6.0,5
MyFitFuel Hydrolyzed Marine Collagen+ Hyaluronic Acid Biotin...,2579.0,1483,42.0,231.0,5
MuscleBlaze High Protein Muesli - Fruits & Nut,375.0,319,15.0,38.0,4
MuscleBlaze L-Carnitine L-Tartrate Capsules - Unflavoured,999.0,749,25.0,11.0,4
Miduty Shilajit Gold 3x Ashwagandha Safed Musli Men Sexual W...,1200.0,1499,25.0,8.0,5
INJA Beauty Collagen for Skin- Hair & Nails- with Vit C- Glu...,1250.0,1100,12.0,16.0,5
CULT Yoga Mat Eva 4Mm Brown With Strap,999.0,350,65.0,4.0,3
TruNativ Micronised Creatine,599.0,300,50.0,1.0,5
"Mystiq Living Organic Moringa Powder, 100% Pure & Nutrient-R...",229.0,218,5.0,15.0,5
"Vegan Greens Plant Based Vitamin E Sunflower, Aloe Vera, Oli...",499.0,100,80.0,431.0,5
"By Nature Raw, Unfiltered Apple Cider Vinegar With Mother",1200.0,440,25.0,10.0,4
Skore Zig Zag Condoms,190.0,133,30.0,41.0,5
Skore Blues Condoms,90.0,74,18.0,41.0,4
Puma Unisex Multicolor Gym Gloves,2799.0,1400,50.0,9.0,4
Matra Hot Water Bag for Pain Relief Heating Bottle Rubber Pa...,399.0,339,15.0,5.0,4
HealthKart HK Vitals Skin Radiance Collagen Powder - Waterme...,1818.0,1649,9.0,15.0,4
Matra Electric Hot Water Bag Heating Pad Bottle for Pain Rel...,299.0,269,10.0,3.0,2
Carbamide Forte Plant Based Multivitamin Tablets,770.0,499,35.0,12.0,5
Baidyanath Rogan Hair Oil with Almond (Badam) - Pack Of 2,250.0,226,10.0,3256.0,4
Aroma Magic Jojoba Oil,1200.0,1077,25.0,9.0,4
Skore Chocolate Lubes,300.0,207,31.0,16.0,4
Nutrabay Gold 100% Whey Protein Concentrate - Vanilla Ice Cr...,6499.0,6239,4.0,4.0,5
"Auric Get Slim Effervescent- Power of Green Coffee, Green Te...",1780.0,801,55.0,32.0,4
Vlado's Himalayan Organics Methylcobalamin 500mcg B12 Vitami...,607.0,285,53.0,7.0,5
HealthKart HK Vitals Glutathione Effervescent Tablets - Cola...,1518.0,1299,14.0,1.0,5
GNC Pro Performance Pure Micronized Creatine Monohydrate Pow...,1200.0,1799,25.0,1.0,2
MuscleBlaze Micronised Creatine Monohydrate Creamp - Candy R...,1599.0,999,38.0,9.0,4
MuscleBlaze Chocolate Peanut Butter - Crunchy,399.0,339,15.0,68.0,4
Radhikas A Box of Tea Bliss Gift Set,1200.0,4000,25.0,9.0,4
Kerala Ayurveda Sahacharadi Thailam,1200.0,210,25.0,18.0,4
Auric Poop Easy Effervescent Tablets - Pack Of 4,2492.0,2019,19.0,1.0,5
Vlado's Himalayan Organics Vegan Omega 3 6 9 with DHA 1120 f...,1288.0,708,45.0,6.0,5
"Wellbeing Nutrition Organic Apple Cider Vinegar, Raw & Unfil...",1200.0,599,25.0,18.0,4
HealthKart Hk Vitals Glutathione (Pack Of 3),1200.0,2277,25.0,2.0,5
Carbamide Forte L-carnitine L-tartrate 1000mg Capsules,665.0,499,25.0,16.0,4
MuscleBlaze Gym Gallon Leakproof & BPA Free Water Bottle,1200.0,1249,25.0,9.0,4
Dr. Morepen Omega 3 Deep Sea Fish Oil Triple Strength Capsul...,975.0,663,32.0,32.0,5
Bold Care Lockdown Handcuffs,1200.0,699,25.0,4.0,5
"MuscleBlaze Koshaveda Ashwagandha 500mg,60 Tablets",399.0,369,8.0,38.0,4
MuscleBlaze Hybrid Gym Bag Cum Backpack - Camo (40 L),1200.0,1649,25.0,10.0,4
Gritzo Supermilk Growth+ 13G Protein Powder Unsweetened Drin...,1200.0,949,25.0,2.0,5
Skore Time Less Condoms,190.0,127,33.0,64.0,4
Neuherbs Hair Skin Vitamins Supplement with Hyaluronic Acid ...,999.0,699,30.0,223.0,4
SheNeed Joint Collagen For Knee Caps & Bones & Joint Care,409.0,278,32.0,5.0,4
Dr. Odin Abdominal Binder 8,870.0,635,27.0,1.0,5
Oziva Plant Based Dht Blocker With Stinging Nettle Extract F...,1098.0,1078,2.0,158.0,4
Baidyanath Yogendra Ras,858.0,772,10.0,2.0,3
Phab Double Chocolate Crunchy Granola Cereals (Pack of 2),1200.0,550,25.0,9.0,4
Bold Care Ultra Thin Long Last Condoms- With Benzocaine 4.5%...,1200.0,300,25.0,201.0,4
Vlado's Himalayan Organics Vitamin C 1000mg From Amla Extrac...,1695.0,661,61.0,65.0,4
Optimum Nutrition (ON) Gold Standard Pre-Workout Single Serv...,790.0,690,13.0,32.0,4
"HealthKart Hk Vitals Glutathione (Orange, 15 Effervescent Ta...",1558.0,1299,17.0,1.0,4
Baidyanath Surakta For Skin Problem,250.0,225,10.0,32.0,5
MuscleBlaze Micronised Creatine Monohydrate Pack Of 2,2598.0,1999,23.0,2.0,4
Carbamide Forte Multivitamin For Men,999.0,749,25.0,10.0,4
Krishna's Herbal & Ayurveda Kidney Relive Juice,1200.0,562,25.0,3.0,5
Dr. Vaidya's Herboslim Tablet - Pack Of 2,1200.0,500,25.0,3.0,5
Krishna's Herbal & Ayurveda Nutrin Juice,1200.0,515,25.0,3.0,4
MuscleBlaze Premium Grade Stainless Steel Water Bottle - Bla...,1200.0,699,25.0,9.0,4
Radhikas Aquarius Mukhwas Tea For The Innovative Humanitaria...,1200.0,750,25.0,9.0,4
NAKPRO Pre Workout Supplement Powder - Fruit Punch,890.0,338,62.0,3.0,2
Plix Kids Supertots Multivitamin Gummies - Pulpy Mango,600.0,498,17.0,4.0,4
Sanfe Wellness Menstrual Cramps Patch,199.0,189,5.0,11.0,4
Krishna's Herbal & Ayurveda Tulsi Drop,1200.0,375,25.0,1.0,5
Sanfe Flix Shoe Grip Pad,169.0,161,5.0,15.0,4
What's Up Wellness Gut Health Gummies with Pre & Probiotic P...,1199.0,889,26.0,17.0,4
GNC Pro Performance Weight Gainer- Vanilla Ice Cream,1200.0,2999,25.0,28.0,4
Kapiva Karela Jamun Juice Helps Control Blood Sugar Level & ...,1200.0,748,25.0,284.0,5
"MyFitFuel Biotin+ 10,000Mg Sesbania +10 Hair Key Extracts",859.0,520,39.0,252.0,5
Plix Acne Fighter 15 Effervescent Tablets And Jamun Face Ser...,1050.0,651,38.0,61.0,4
Neuherbs Glutathione Effervescent Tablets - Orange,849.0,599,29.0,2.0,5
Inlife Natural Vitamin C Amla Extract With Zinc For Immunity...,619.0,449,27.0,10.0,5
Plix Probiotics+ ACV Apple Cider Vinegar Effervescent Tablet...,1600.0,1216,24.0,39.0,4
Fast&Up Nac 600mg Vitamin C- Lung Health Strawberry 20 Effer...,365.0,304,17.0,15.0,4
Wellbeing Nutrition Pure Glow Duo Combo,3798.0,3228,15.0,2022.0,4
"HealthKart HK Vitals Milk Thistle Extract, Liver Support Sup...",799.0,769,4.0,22.0,4
Oziva Pro-Collagen Protein Peptides With Clean Protein - Car...,1698.0,1109,35.0,190.0,4
Vlado's Himalayan Organics Plant Based Iron Supplement with ...,973.0,759,22.0,22.0,4
HealthKart HK Vitals Glutathione Effervescent Tablets - Mang...,1518.0,1299,14.0,3.0,5
NAKPRO Micellar Casein Protein Powder - Malai Kulfi,3400.0,1700,50.0,9.0,4
Chicco Baby Moments Delight Gift Set For Babies -Green,1200.0,995,25.0,27.0,4
MYPRO SPORT NUTRITION 5mg Melatonin Sleep Gummies - Mango,699.0,349,50.0,2.0,5
OZiva Skin Vitamins With Hyaluronic Acid & Grape Seed for Sk...,1598.0,1438,10.0,404.0,4
Vlado's Himalayan Organics Plant Based B-Complex and Biotin ...,1645.0,444,73.0,13.0,4
"Oziva Gorgeous Hair Routine (Oziva Plant Based Biotin. 10,00...",1508.0,1367,9.0,3212.0,4
Vlado's Himalayan Organics Vitamin B Complex with 100% Rda H...,1181.0,543,54.0,13.0,4
Vegan Greens Skin Vitamins Minerals & Herbs Effervescent Tab...,499.0,100,80.0,248.0,5
Oziva Acv Moringa Desi Kahwa Hot Mix For Craving Control - P...,900.0,749,17.0,9.0,4
Briyo Evening Primrose Oil Filled Capsules,550.0,457,17.0,12.0,4
PLIX Garcinia Cambogia Effervescent Tablets Advanced Weight ...,700.0,560,20.0,43.0,4
Vlado's Himalayan Organics Organic Moringa 1200Mg Tablets Wi...,715.0,236,67.0,1.0,5
Krishna's Herbal & Ayurveda Lungs Care Juice,1200.0,478,25.0,1.0,4
GNC Pro Performance 100% Whey Protein Powder- vanilla Cream ...,1200.0,4099,25.0,7.0,4
Cureveda Herbal Brain Boost For Brain & Memory Wellness,1295.0,764,41.0,2.0,5
MOUNTAINOR Omega 3 (2500mg) Fish Oil Softgels - Pack Of 2,2398.0,1498,38.0,378.0,4
"Wellbeing Nutrition Hydrasalt Electrolyte Drink, Instant Hyd...",799.0,639,20.0,5.0,5
"Upakarma Ayurveda Organic Ashwagandha 500mg - Stress Relief,...",699.0,203,71.0,40.0,5
NAKPRO Perform Whey Protein Concentrate Supplement Powder - ...,3600.0,1800,50.0,10.0,4
MuscleBlaze Shaker Bpa-free Blender Bottle - Black,1200.0,699,25.0,49.0,4
Victoria's Secret Fresh Fig Sage Natural Beauty Body Oil,2799.0,2239,20.0,9.0,4
MyFitFuel DHT Blocker (For 3 Months) with Biotin & Zinc for ...,1349.0,849,37.0,238.0,5
Nutrabay Pure 100% Micronised Creatine Monohydrate - Unflavo...,1049.0,608,42.0,37.0,5
Man Matters Testosterone Booster For Men With Pure Shilajit ...,1200.0,899,25.0,139.0,4
Vlado's Himalayan Organics Biotin 10000 Mcg Supplement Kerat...,1995.0,758,62.0,48.0,4
Neuherbs Deep Sea Cod Liver Oil Softgels - Lemon Flavour,1200.0,449,25.0,12.0,5
MyFitness Peanut Butter - Natural Crunchy,1200.0,649,25.0,16.0,4
Carbamide Forte Alpha Lipoic Acid 300mg With Vitamin B12 Sup...,999.0,749,25.0,6.0,5
Blue Nectar Stretch Mark Body Lotion For Skin Firming & Mois...,875.0,796,9.0,192.0,5
Dr. Morepen Fat Burner Weight Management Metabolism Support,879.0,554,37.0,4.0,3
HealthKart HK Vitals Glutathione Effervescent Tablets - Mang...,1200.0,759,25.0,8.0,4
Bliss Of Earth Certified Organic Mustard Oil,1200.0,475,25.0,9.0,4
RAS Luxury Oils Sweet Almond Pure Plant Oil,690.0,621,10.0,4.0,5
Oziva Bioactive Plant Protein Powder Chocolate - Pack of 2,2918.0,2750,6.0,90.0,4
Dr. Odin Steam Vaporizer OSV103 With 3 Attachment,510.0,398,22.0,5.0,4
Wellwoman 70+ Health Supplements UK's No.1 Vitamin for Women...,1200.0,456,25.0,23.0,5
OZiva Better Hair & Skin Pack (OZiva Hair Vitamins + Plant B...,1618.0,1358,16.0,4790.0,4
HealthyHey Nutrition Ashwagandha Root Extract 8:1 - Capsules,1419.0,809,43.0,1.0,3
Ace Blend Hydro Hype Natural Beetroot Extract With Vitamins ...,1200.0,1020,15.0,9.0,4
Dr. Odin Ankle And Foot Binder AF 02,380.0,323,15.0,3.0,3
Purna Sampurna As Long As You Love Me Ceramides Gummies - Pa...,1200.0,599,25.0,53.0,5
MuscleBlaze Protein Bar - Cookies & Cream (Pack Of 6),450.0,399,11.0,21.0,5
Kapiva Aloe Vera Skin Gel Hydrating & Moisturizing Gel for F...,1200.0,900,25.0,1496.0,4
Baidyanath Maha bhringraj Hair Oil - Pack Of 2,372.0,316,15.0,599.0,4
MuscleBlaze Super Gainer Black - Double Rich Chocolate,3799.0,3439,9.0,3.0,5
MuscleBlaze Fit High Protein Oats - Dark Chocolate,1299.0,1099,15.0,1.0,1
Nutrabay Gold 100% Whey Protein Concentrate - Rich Chocolate...,6499.0,6434,1.0,32.0,4
Nutrova Functional Fibre,800.0,759,5.0,1.0,5
NAKPRO Creatine Monohydrate Jar for Increase Strength & Endu...,1100.0,517,53.0,5.0,4
Kerala Ayurveda Karpooradi Thailam,1200.0,200,25.0,15.0,5
Krishna's Herbal & Ayurveda Diabic Care Juice,1200.0,843,25.0,4.0,4
Dr. Odin Premium Stethoscope With Brass Chest Piece - Compac...,1800.0,1206,33.0,9.0,4
The Good Bug Gluta Glow L-Glutathione Effervescent Tablets -...,699.0,499,29.0,9.0,4
Inja Veg Collagen - Blackcurrant,2500.0,2200,12.0,1.0,5
What's Up Wellness Beauty & Gluta-Glow Combo,2398.0,1771,26.0,2652.0,4
Vlado's Himalayan Organics Chelated Magnesium Glycinate 2000...,1409.0,761,46.0,20.0,5
Oziva Plant Based Collagen Builder For Skin Repair & Regener...,2877.0,2399,17.0,4780.0,4
Vlado's Himalayan Organics Biotin 10000mcg High Potency For ...,1200.0,1295,25.0,7.0,4
Dr. Odin Abdominal Binder AB 02,1050.0,746,29.0,1.0,3
Skore Flavours Condoms,250.0,193,23.0,45.0,4
NAKPRO Whey Platinum Protein Isolate - Malai Kulfi,7000.0,3500,50.0,9.0,4
"INLIFE Plant Based Natural Vitamin E Capsule for Skin, Face ...",799.0,599,25.0,11.0,4
MuscleBlaze Fit Instant Oats - Unflavoured (Pack Of 2),598.0,479,20.0,12.0,4
Auric Poop Easy Effervescent Tablets - Pack Of 3,1869.0,1607,14.0,9.0,4
Pee Safe Toilet Seat Sanitizer Spray Lavender - Pack of 3,540.0,486,10.0,68.0,4
"Gritzo SuperMilk Weight+ (13+y), 10g Protein - Double Chocol...",1200.0,849,25.0,9.0,3
Enamor MT02 Sectioned Lift & Support Nursing Bra - Non-Padde...,1200.0,949,25.0,135.0,4
Plix The Plant Fix Tri-Magnesium Plus Tablets - Pack of 2,1500.0,1005,33.0,9.0,4
Blue Nectar Saffron & Almond Oil,895.0,814,9.0,6.0,5
Inlife Vegetarian Omega 3 Dha Supplement Algal Oil 400 Mg Pe...,1599.0,999,38.0,2.0,5
GNC Pro Performance Double Chocolate Weight Gainer,1200.0,2999,25.0,83.0,4
Sorich Organics Moringa Green Tea,1200.0,190,25.0,113.0,4
Nutrabay Pro Liquid L-Carnitine +Vitamin B5 Powder - Mango S...,1299.0,805,38.0,1.0,5
"MuscleBlaze Biozyme Performance (Rich Chocolate,1 kg) & Crea...",4248.0,3869,9.0,19.0,4
Skore Chocolate Condoms,145.0,115,21.0,23.0,4
Baidyanath Shankhapushpi Boosts Memory,230.0,184,20.0,31.0,5
Wellbeing Nutrition Melts Healthy Hair Biotin 10000mcg+ For ...,1198.0,1050,12.0,1088.0,4
What's Up Wellness Magbliss Magnesium Capsules,899.0,794,12.0,9.0,4
MuscleBlaze CLA 1000 Fat Burner,889.0,825,7.0,10.0,4
Nutrabay Wellness Fish Oil Omega 3 - 1000mg,599.0,323,46.0,20.0,4
"Beautywise Dual Action Skin Resilience Ceramides, Hyaluronic...",5398.0,4049,25.0,4.0,5
Baidyanath Garbha Chintamani Ras,660.0,594,10.0,2.0,5
Vedic Valley Lavender Stress Relieving Body Massage Candle,1000.0,930,7.0,1.0,4
MyFitness Peanut Butter - Original Crunchy,1200.0,649,25.0,60.0,4
Plix The Plant Fix Fruit Fusion Bubble Sheet Mask Combo - Pa...,1200.0,624,48.0,9.0,4
BBETTER Organic Apple Cider Vinegar With The Mother,1200.0,520,25.0,45.0,4
"MuscleBlaze Eaa 8000, With 1000 Mg Hydration Blend, & 750 Mg...",1999.0,1459,27.0,18.0,4
Neurozan Health Supplements (23 Micronutrients Including Bot...,726.0,581,20.0,8.0,5
CULT Gym Gloves Premium Beige,1800.0,450,75.0,1.0,1
Skore Cherry Lubes,300.0,210,30.0,15.0,4
MuscleBlaze Pre-Workout Ripped - Fruit Splash,2199.0,1679,24.0,3.0,5
Optimum Nutrition (ON) L-Glutamine Powder - Unflavoured,999.0,899,10.0,16.0,4
Skore Cool Sensation Lubes,300.0,207,31.0,33.0,4
Sheneed Evening Weight Loss Pills Fat Reduction Formula Caps...,700.0,560,20.0,1.0,5
"Ace Blend Fenulean Fibre Flex For Weight Loss, Constipation ...",325.0,299,8.0,1.0,3
Nutriorg Certified Organic High Altitude Honey,1200.0,250,25.0,22.0,3
BODYOPS Apple Cider Vinegar 500mg Capsules,898.0,629,30.0,1.0,5
Fast&Up Hydration Reload - Cola (20 Tablets),265.0,225,15.0,9.0,4
True Elements Raw Honey - Used For Lip Exfoliation,300.0,285,5.0,95.0,4
HealthSense Posture Corrector For Women PC-850,1200.0,2000,25.0,24.0,4
Krishna's Herbal & Ayurveda Aloe - Amla Mix Juice,1200.0,262,25.0,38.0,5
The Good Bug First Defense SuperGut Powder Immunity Booster ...,699.0,649,7.0,16.0,5
The Good Bug Gut Balance Supergut Powder (Pack Of 6),4074.0,2699,34.0,128.0,4
Wellbeing Nutrition Melts Hair Fall Control Hair Loss Suppor...,1198.0,1050,12.0,278.0,4
Morph Maternity Pack Of 2 Leak-Proof Sleep Nursing Bras - Mu...,1200.0,1790,25.0,15.0,3
French Connection Nexus Premium Smart Watch with Orange Sili...,12995.0,1949,85.0,9.0,4
"HealthKart HK Vitals Biotin for Hair Skin & Nails, 60 Capsul...",1358.0,919,32.0,1.0,1
Krishna's Herbal & Ayurveda Acidity Care Juice,1200.0,478,25.0,3.0,5
YourHappyLife Core Detox Dual-Action Cleanse For Lungs + Liv...,1399.0,993,29.0,9.0,4
Baidyanath Maharasnadi Kadha,130.0,117,10.0,31.0,4
Oziva Plant Based Collagen Builder Berry Orange + Free Oziva...,1458.0,969,34.0,1402.0,4
Praakritik Organic Moringa Powder,320.0,272,15.0,35.0,4
MyFitFuel Iso-Hydro Prozymes Hydrolyzed Whey Protein & Isola...,4899.0,3746,24.0,9.0,4
Optimum Nutrition (ON) BCAA 5000 Powder - Green Apple,1399.0,869,38.0,10.0,3
HealthSense Ks 63 Chef-mate Kitchen Scale,1200.0,1700,25.0,13.0,5
"Neuherbs Deep Sea Fish And Omega Oil For Muscle, Joints, Hea...",1528.0,1248,18.0,736.0,4
Upakarma Ayurveda Pure Herbs Safed Musli Veggie Capsules,649.0,201,69.0,4.0,5
Baidyanath Bangeshwar Ras Brihat With Gold And Pearl,490.0,441,10.0,2.0,5
Vlado's Himalayan Organics Veg Collagen Powder,1418.0,752,47.0,38.0,5
NAKPRO Platinum 100% Whey Protein Isolate Supplement Powder ...,7200.0,3600,50.0,28.0,5
Oziva Acv Moringa Hot Mix For Craving Control - Desi Kahwa,429.0,399,7.0,7.0,5
"MuscleBlaze Instant Oats, Unflavoured",299.0,275,8.0,34.0,5
BRALCON Sunflower Seeds & Pumpkin Seeds,210.0,208,1.0,67.0,5
Baidyanath Amla Juice (Rich in Vitamin C and Natural Immunit...,240.0,216,10.0,150.0,4
SheNeed Magnesium Supplement For Men Women 310 Mg Sports Rec...,404.0,299,26.0,46.0,4
Vigini Vaginal Tightening Cream for Women & Private Part Bik...,950.0,823,13.0,1364.0,4
Sheneed Glutathione & Vit-C Shots - Orange,499.0,299,40.0,9.0,4
Baidyanath Chandraprabha Bati,310.0,279,10.0,11.0,5
Undercover The Climax Chronicles Vibrator & Vanilla Water Ba...,8998.0,4499,50.0,9.0,4
Krishna's Herbal & Ayurveda Arjun Amla Juice,1200.0,206,25.0,1.0,1
Vigini Breast Firming Bust Tightening Size Increase Cream & ...,850.0,734,14.0,2206.0,4
"What's Up Wellness Natural Biotin Gummies for Healthy Hair, ...",2397.0,1599,33.0,2622.0,4
NAKPRO Perform Whey Protein Concentrate Supplement Powder - ...,7000.0,3500,50.0,3.0,4
Optimum Nutrition Gold Standard 100% Whey Protein Powder (Va...,10888.0,10738,1.0,604.0,4
MuscleBlaze L-Arginine Capsules,1099.0,675,39.0,5.0,5
MuscleTech Platinum 100% Creatine,1200.0,2199,25.0,57.0,4
Fast&Up Reload Electrolyte Instant Energy And Hydration Drin...,265.0,223,16.0,6.0,4
Vlado's Himalayan Organics Vlado's Plant Based Vitamin C wit...,1047.0,817,22.0,50.0,4
Everteen XXL Dry 40 Sanitary Napkins Pad With Free Menstrual...,399.0,259,35.0,63.0,4
Phab Chocolate Brownie 21g Protein Bars (Pack of 12),1200.0,1620,25.0,9.0,4
Vlado's Himalayan Organics Vegan Omega3 with Multivitamin fo...,1047.0,555,47.0,2.0,3
Muscleblaze Biozyme Shred Crafted For Weight Management - 90...,1299.0,999,23.0,1.0,5
HealthyHey Nutrition Resveratrol + Bioperine For Absorption ...,3559.0,1489,58.0,6.0,5
NAKPRO Grass Fed Whey Protein Concentrate - Chocolate,4800.0,2400,50.0,1.0,1
"GNC Gym Starter Pack - Whey Protein Powder (Chocolate), Gym ...",1200.0,5603,25.0,9.0,4
Vlado's Himalayan Organics Probiotics 60B CFU with Prebiotic...,1409.0,761,46.0,37.0,5
"MuscleBlaze Pre Workout WrathX With Creapure, Nitroblaze & B...",1849.0,1399,24.0,2.0,5
MuscleBlaze Biozyme Gold 100% Whey Protein Powder - Monk Fru...,799.0,699,13.0,3.0,4
"MyFitFuel Mff Plant Pea Protein Isolate, Chocolate Delight S...",1309.0,803,39.0,253.0,5
Bliss Of Earth Natural Dehydrated Beetroot Powder,1200.0,390,25.0,21.0,4
The Good Bug Advance Metabolic System (Pack Of 6),7788.0,4999,36.0,429.0,4
MyFitFuel Ashwagandha Root Extract (7% Withanolides + Piperi...,999.0,659,34.0,186.0,5
CULT Yoga Mat Tpe 6Mm Seismic Green With Strap & Bag,3199.0,800,75.0,9.0,4
"Gritzo SuperMilk Daily Nutrition (2-6y), 6g Protein Powder (...",1200.0,1299,25.0,22.0,4
Carbamide Forte Multi Collagen Supplements For Women & Men -...,1065.0,699,34.0,9.0,4
Zivame Curvy Double Layered Non Wired Full Coverage Maternit...,1099.0,385,65.0,6.0,3
Wellbeing Nutrition Melts Vegan Vitamin B12 + Folate Misty O...,1198.0,1050,12.0,254.0,4
Plix Heavenly Hair With Natural Biotin Tablets - Orange Flav...,4200.0,1680,60.0,1.0,1
Gritzo Iron Gummies With Folic Acid & Vitamin C Gummies For ...,799.0,699,13.0,3.0,5
Fast&Up Charge Natural Vitamin C & Zinc Orange Tube Tablets ...,1137.0,966,15.0,348.0,4
Dr. Vaidya's Herboslim Tablet,1200.0,250,25.0,4.0,5
Axiom Musli Juice,1200.0,450,25.0,9.0,4
Dr. Odin Anklet With Closed Heel Skin AF04,390.0,332,15.0,9.0,4
Plix Kids Supertots Multivitamin Gummies - Pulpy Mango (Pack...,1800.0,1206,33.0,9.0,4
Baidyanath Ashwagandharishta Asava,287.0,238,17.0,28.0,4
Sanfe Active Nutrition For Hair Growth,249.0,237,5.0,10.0,5
Saffrn Anti Stretch Marks Cream,899.0,590,34.0,8.0,5
The Good Bug IBS Rescue - C SuperGut Powder for Irritable Bo...,789.0,699,11.0,9.0,5
HealthyHey Nutrition Spirulina - Capsules,1299.0,759,42.0,9.0,4
The Good Bug Gut Balance SuperGut Powder (Pack Of 2),1358.0,1249,8.0,128.0,4
"Leeford Posture Corrector Belt, Back & Shoulder Posture Supp...",875.0,621,29.0,4.0,1
Dr. Odin Steam Vaporizer OSV104 With 4 Attachment,675.0,500,26.0,3.0,4
Plix Apple Cider Vinegar Effervescent Tablet with Vitamin B6...,350.0,294,16.0,48.0,4
"OZiva Plant Based Vitamin E, with Sunflower, Aloe vera & Arg...",1498.0,1278,15.0,804.0,4
CULT Yoga Mat Tpe 8Mm Brick/Black With Carry Bag,3899.0,897,77.0,1.0,5
HealthKart HK Vitals ProteinUp Women - Vanilla,1339.0,1099,18.0,6.0,4
Azah Menstrual Pain Relief Device for Period Cramp with 5 Mo...,3499.0,2999,14.0,3.0,2
LoveChild Masaba Antiguan Decaf Body Shimmer Oil,1300.0,780,40.0,2.0,1
PLIX Garcinia Cambogia Effervescent Tablets Advanced Weight ...,350.0,298,15.0,57.0,4
Fast&Up L-Carnitine 1000mg Advanced - Orange Flavour (Pack o...,1198.0,998,17.0,48.0,4
Optimum Nutrition Gold Standard Whey Protein Powder DRC & Pr...,19638.0,16225,17.0,258.0,4
"MuscleXP Drfitness+ Knee Wraps For Cross Training, For Both ...",1075.0,645,40.0,9.0,4
Strauss Double Toning Tube (Grey),869.0,739,15.0,2.0,5
Krishna's Herbal & Ayurveda Sleep Health Juice,1200.0,478,25.0,3.0,5
HealthSense Yoga Mat For Exercise Gym Mat For Home Workout W...,1200.0,1900,25.0,11.0,3
Wellwoman 70+ Physical & Mental Performance Tablets,1200.0,831,25.0,1.0,5
"MyFitFuel Hydrolyzed Whey Protein (partially Digested), Unfl...",2449.0,1873,24.0,3.0,4
Oziva Plant Based Collagen Builder + Plant Based Biotin Comb...,1578.0,1499,5.0,74.0,4
Inlife Prebiotic And Probiotics Forte Supplement For Men & W...,1149.0,779,32.0,4.0,4
Nutriorg Certified Organic Extra Virgin Coconut Oil,1200.0,325,25.0,23.0,5
Vlado’s Himalayan Organics Multivitamin with Probiotics Tabl...,932.0,755,19.0,33.0,5
HealthyHey Nutrition Natural Vitamin E From Sunflower - Veg ...,1159.0,549,53.0,7.0,4
Vlado's Himalayan Organics Korean Red Ginseng 1000mg Boosts ...,1038.0,550,47.0,9.0,4
"MuscleBlaze Weight Lifting Straps, Deadlift Strap (Black Fre...",1200.0,699,25.0,9.0,4
"HealthKart HK Vitals Biotin & DHT Blocker with Biotin, Suppl...",1008.0,749,26.0,8.0,5
MyFitness Peanut Butter - Chocolate Crispy,1200.0,320,25.0,22.0,5
Bold Care Forever For Premature Ejaculation,1200.0,599,25.0,291.0,4
Plix The Plant Fix ACV Hot Brew Cinnamon Effervescent Tablet...,4200.0,2814,33.0,1.0,1
Upakarma Ayurveda Pure Shilajit Resin,999.0,400,60.0,5.0,4
MyFitFuel Champion Prozymes Whey Protein Concentrate & Isola...,3149.0,2524,20.0,221.0,5
Baidyanath Drakshasava (special),395.0,356,10.0,19.0,4
Krishna's Herbal & Ayurveda Eye Care Juice,1200.0,515,25.0,1.0,5
Oziva Plant Based Biotin 10000+ Mcg With Sesbania Agati- Bam...,1947.0,1629,16.0,942.0,4
"What's Up Wellness Sleep Gummies with Melatonin, Muscle Reco...",1598.0,1149,28.0,180.0,4
Sorich Organics Cold Milled Organic Flax Seeds Powder,1200.0,250,25.0,47.0,5
Wellbeing Nutrition Apple Cider Vinegar Effervescent Tablet ...,2196.0,1697,23.0,205.0,4
Vlado's Himalayan Organics Melatonin 10mg + Tagar 250mg Pote...,851.0,757,11.0,5.0,3
GNC AMP Gold Series 100% Whey Protein Advanced - Double Rich...,1200.0,5499,25.0,4.0,4
Vlado's Himalayan Organics Plant Based Collagen Builder for ...,973.0,710,27.0,5.0,4
NAKPRO Creatine Monohydrate for Increase Strength & Enduranc...,1200.0,1720,25.0,8.0,4
Dr. Odin Knee Cap KC 02,1200.0,480,25.0,2.0,5
Vlado's Himalayan Organics Resveratrol 255mg With Grape Seed...,1777.0,1084,39.0,1.0,4
"MuscleBlaze Mb Vite Multivitamin, Unflavored",889.0,809,9.0,13.0,5
Everpure Life Marine Collagen With Vitamin C & Hyaluronic Ac...,1200.0,3750,25.0,4.0,5
Baidyanath Swas Chintamani Relieve Respiratory Problems,1400.0,1260,10.0,5.0,5
Nutrova Whey Protein Isolate Powder - Mango,4800.0,4569,5.0,9.0,4
PLIX Hyaluronic Acid Effervescent Tablets For Skin Hydration...,1050.0,735,30.0,13.0,5
MyFitFuel Hydrolyzed Marine Collagen - Mango,2579.0,1483,42.0,225.0,5
Baidyanath Arjunarishta Maintain Blood Pressure,195.0,166,15.0,24.0,5
MuscleBlaze Whey Energy Protein Supplement Powder - Chocolat...,2999.0,2349,22.0,55.0,4
Carbamide Forte L Arginine Capsules,730.0,549,25.0,25.0,4
CULT Gym Gloves Camo,1500.0,450,70.0,1.0,5
CULT Yoga Mat Eva 4Mm Pink with Strap,999.0,350,65.0,9.0,4
Vitabiotics Sleepnite Tablets With Ashwagandha,264.0,240,9.0,7.0,4
Optimum Nutrition (ON) BCAA 5000 Powder - Fruit Punch,1239.0,1049,15.0,8.0,4
Pee Safe Toilet Seat Sanitizer Spray Mint - Pack of 3,540.0,486,10.0,69.0,5
Krishna's Herbal & Ayurveda Himalayan Shilajit Resin Form Sp...,1200.0,1031,25.0,3.0,3
Plix Good Gut Pre+probiotic Green Apple 15 Effervescent Tabl...,450.0,360,20.0,34.0,3
"HealthKart HK Vitals Skin Radiance Collagen Powder, Mango wi...",978.0,799,18.0,9.0,4
"MuscleBlaze Pre Workout WrathX With Creapure, Nitroblaze & B...",2199.0,2039,7.0,1.0,5
NAKPRO Perform Whey Protein Concentrate Supplement Powder - ...,3600.0,1800,50.0,7.0,4
"Inlife Multivitamin Gummies For Kids, Teens, Men & Women, Es...",529.0,399,25.0,8.0,5
"Gritzo Supermilk Growth+,Double Chocolate For 13+Y Boys With...",1698.0,1548,9.0,9.0,4
"Nature's Island Collagen Skin Formula For Glow, Anti-aging A...",2599.0,1799,31.0,15.0,4
Baidyanath Triphala Juice Detoxify The Body,195.0,193,1.0,67.0,4
Onelife Glutalife: Glutathione 500mg for Skin Glow,1200.0,1999,25.0,16.0,4
HealthyHey Nutrition Probiotics 50 Billion CFU Multi - Strai...,1869.0,989,47.0,9.0,5
Krishna's Herbal & Ayurveda Neem Juice,1200.0,318,25.0,1.0,1
Ace Blend Curcumin Wonder Latte For High Immunity & Anti-Inf...,325.0,299,8.0,9.0,4
HealthyHey Nutrition Natural Omega 3 - Veg Capsules,1419.0,809,43.0,4.0,3
Plush Do Me Good Combo - Super Dotted Condoms 10 & Natural L...,999.0,799,20.0,3.0,5
Krishna's Herbal & Ayurveda Ayurvedic Detox Juice,1200.0,421,25.0,6.0,5
Dr. Odin NKW02 Knee Wrap Neoprene,690.0,593,14.0,9.0,4
GNC AMP Gold Series Ultra Rush - Blue Raspberry,1200.0,3699,25.0,1.0,5
Plush Phlic Bubblegum Water-Based pH Balanced Lubricant,399.0,319,20.0,20.0,4
Blue Nectar Turmeric Face Oil For Facial Glow & Tan Removal,795.0,716,10.0,4.0,5
Wellman Health Supplements UK's No.1 Multivitamin( With Gins...,1200.0,387,25.0,38.0,5
Krishna's Herbal & Ayurveda Kabzee Relief Juice,1200.0,206,25.0,2.0,4
CULT Yoga Mat Tpe 10Mm Teal Wsb,3699.0,1036,72.0,9.0,4
The Good Bug Apple Cider Vinegar Vitamin B6 & B12 Effervesce...,399.0,299,25.0,9.0,4
Skore Duo Max (Pack Of 10),300.0,207,31.0,17.0,4
Vlado's Himalayan Organics Vlado's Glutathione Builder for A...,923.0,757,18.0,7.0,4
Inlife Hydrolyzed Marine Collagen Tripeptides Supplement - W...,1069.0,849,21.0,9.0,4
NAKPRO Hydro Whey Protein Hydrolyzed Supplement Powder - Cof...,4800.0,2400,50.0,9.0,4
Plix Kids Chyawanboost Gummies Immune - Pack Of 2,1200.0,1200,25.0,9.0,4
OZiva Hair & Skin Radiance Pack (OZiva Hair Vitamins + Skin ...,1658.0,1438,13.0,2674.0,4
Vedic Valley Body Care Gift Box,3340.0,1670,50.0,1.0,5
Nutriorg USDA Certified Organic Rolled Oats,1200.0,299,25.0,12.0,5
Puma Future 2 Unisex Blue Football (5),1299.0,909,30.0,3.0,4
Kerala Ayurveda Balaswagandhadi Thailam,1200.0,215,25.0,9.0,4
Online Quality Store Green Coffee Beans,479.0,449,6.0,8.0,5
Nutrabay Gold Concentrate Whey Protein Powder - Kesar Badam ...,6499.0,5914,9.0,9.0,4
Cureveda Herbal Pureprash Jaggery Chyawanprash For Immunity ...,645.0,471,27.0,2.0,4
Bliss Of Earth Certified Organic Kalonji Seeds,1200.0,410,25.0,11.0,5
Nabhi Sutra Healthy Hair Care Belly Button Oil,667.0,600,10.0,92.0,5
Vitabiotics Calcimax D Suspension With Active Vitamin,169.0,152,10.0,4.0,5
Neuherbs Skin Glow Collagen Supplement Litchi Flavour with H...,1099.0,899,18.0,9.0,3
NAKPRO N-Acetyl L-Cysteine Pre Workout Supplement - Unflavou...,1000.0,320,68.0,9.0,4
TGL Co. Morning Motivation Instant Coffee Powder (Pack of 2)...,1200.0,1498,25.0,2.0,4
"Bold Care Multi-textured Condoms - Ribbed, Dotted, & Contour...",1200.0,300,25.0,210.0,4
Phab Variety Pack Granola Bars (Pack of 12),1200.0,540,25.0,9.0,4
Oziva Hair Actives + Shilajit For Men Hair Supplement With L...,2398.0,1399,42.0,9.0,4
Krishna's Herbal & Ayurveda Bhringraj Juice,1200.0,206,25.0,3.0,5
The Good Bug Good Down There SuperGut Powder (Pack Of 2),1358.0,1249,8.0,96.0,5
Vedic Line Multi Active Rub For Cold & Muscular Pain With Cl...,1200.0,225,25.0,66.0,5
Kerala Ayurveda Pinda Thailam,1200.0,185,25.0,8.0,4
Nutriorg Certified Organic Virgin Coconut Oil,1200.0,285,25.0,17.0,5
NAKPRO Perform Whey Protein Concentrate Supplement Powder - ...,7000.0,3500,50.0,1.0,5
Ace Blend Trublk Shilajit Sticks With Over 75% Fulvic Acid &...,1599.0,991,38.0,9.0,4
"MyFitFuel Pcos Wellness Collagen Peptides, 40:1 Inositol, Hy...",1999.0,1409,30.0,60.0,5
Vlado's Himalayan Organics Plant Based Calcium 650mg Supplem...,1995.0,758,62.0,3.0,4
Timex Unisex Smart Watch-TWTXW202T,5995.0,4976,17.0,9.0,4
Bold Care Laws of Attraction - An Intimate Card Game for Cou...,1200.0,999,25.0,4.0,5
Skore Shiver Ring Personal Massager For Men,600.0,462,23.0,64.0,4
iGRiD Digital Bluetooth Body Fat Weight Scale (IG-HS1900),2999.0,1050,65.0,10.0,4
Matra Bra Cups Inserts Round Breast Lift Pads Boob Enhancers...,199.0,179,10.0,7.0,3
Bold Care Vibe (Chocolate Lubricant),1200.0,550,25.0,290.0,4
Undercover Unisex Water Based Vanilla Lubricant,999.0,350,65.0,2.0,5
Vlado's Himalayan Organics Garcinia Cambogia Tea Extract 100...,1110.0,766,31.0,5.0,5
Wellbeing Nutrition Pure Korean Marine Collagen Peptides - U...,7196.0,6116,15.0,1606.0,4
Inlife Calcium Magnesium Zinc Vitamin D B12 With K2 & Folic ...,799.0,549,31.0,8.0,5
Baidyanath Arshakuthar Ras Remedy For Piles,100.0,90,10.0,15.0,5
"Wellbeing Nutrition Grandma's Kadha, Ayurvedic Herbs, Immuni...",299.0,254,15.0,17.0,4
NAKPRO Whey Platinum Protein Isolate - Double Rich Chocolate,13800.0,6900,50.0,2.0,3
Baidyanath Triphala Guggulu For Piles,80.0,72,10.0,44.0,4
Enamor MT02 Sectioned Lift & Support Nursing Bra - Non-Padde...,1200.0,949,25.0,37.0,4
Oziva Bioactive Plant Protein For Better Muscle Recovery Man...,2918.0,2538,13.0,18.0,5
Vlado's Himalayan Organics ACV Supplement for Body Detoxific...,967.0,764,21.0,8.0,5
"MuscleBlaze BCAA Pro, Powerful Intra Workout - Watermelon",1099.0,949,14.0,10.0,4
MuscleBlaze High Protein Natural Peanut Butter Unsweetened -...,649.0,559,14.0,66.0,4
Fast&Up Reload Electrolyte Instant Energy And Hydration Drin...,265.0,228,14.0,5.0,4
French Connection Nexus Premium Smart Watch with Black Silic...,12995.0,1949,85.0,2.0,5
Kerala Ayurveda Brahmi Ghritham,1200.0,240,25.0,8.0,4
MuscleBlaze Pre Workout - Fruit Splash,929.0,709,24.0,18.0,4
SESA DHT Blocker Ayurvedic Hair Nutrients Biotin Vitamins 60...,895.0,806,10.0,8.0,5
YourHappyLife Mojo Testo Booster with 100x Tongkat Ali & Fen...,1099.0,659,40.0,5.0,5
GNC Pro Performance 100% Whey Protein Powder - Mango Smoothi...,1200.0,3499,25.0,6.0,4
Arth Liver Health Support Tablets,1200.0,1199,25.0,9.0,4
Purna Gummies Apple Cider Vinegar - Pack Of 2,1200.0,1198,25.0,11408.0,4
Oziva Collagen Builder (250 gms) + Biotin Xtra with Keratin ...,1658.0,1517,9.0,5673.0,4
"MuscleBlaze Biozyme Whey PR, 30G Protein, 3G Creatine Refill...",7599.0,6899,9.0,9.0,4
"Wellbeing Nutrition Melts Throat Relief, Tulsi, Ginger, Coug...",1200.0,599,25.0,19.0,5
Oziva Plant Based Iron With Folic Acid With Vitamin C & B12 ...,2637.0,2199,17.0,9.0,4
HealthyHey Organic Spirulina Powder Organic - Micro Superfoo...,619.0,435,30.0,11.0,5
Nutriburst True Radiance Gummies - Raspberry,1200.0,549,25.0,54.0,5
BRALCON Raw Pumpkin Seeds,140.0,137,2.0,3.0,4
Nutriorg Gluten Free Rolled Oats,1200.0,450,25.0,9.0,4
Bliss Of Earth Certified Organic Neem Leaf Powder,1200.0,220,25.0,10.0,5
"Gritzo Supermilk Athlete Iron Man (13+), 17G Protein - Doubl...",1200.0,1199,25.0,1.0,5
Speedo Unisex Adult Adult Bubble Active+ Chlorine Resistant ...,1200.0,1199,25.0,9.0,4
Vlado's Himalayan Organics Milk Thistle Extract 800mg Of Sil...,994.0,706,29.0,2.0,5
Krishna's Herbal & Ayurveda Pulpy Aloevera Juice,1200.0,234,25.0,13.0,5
Online Quality Store Lemongrass Herbal Tea,186.0,106,43.0,6.0,5
Venihea Toofanii Personal Full Body Massager,1200.0,3999,25.0,9.0,4
Vitabiotics Tendoease Tablets,238.0,217,9.0,4.0,4
Nutriorg Certified Organic Virgin Coconut Oil,1200.0,525,25.0,4.0,5
Nutrabay Gold Micronised Creatine Monohydrate Powder - Orang...,599.0,300,50.0,8.0,4
Nutrabay Bioabsorb Whey Protein Powder - Strawberry,2199.0,1517,31.0,9.0,4
MuscleBlaze Biozyme Whey Protein - Chocolate Fudge,14699.0,13999,5.0,1.0,5
Bliss Of Earth 99.8% Reb-a Stevia Powder,1200.0,675,25.0,5.0,5
NAKPRO Gold 100% Whey Protein Concentrate Supplement Powder ...,4600.0,2300,50.0,5.0,4
Nutrabay Gold Vital Whey Protein - Belgian Chocolate,1899.0,1215,36.0,8.0,4
"Strauss Adjustable Knee Support Patella, Single (Free Size, ...",699.0,463,34.0,10.0,4
Bliss Of Earth Certified Organic Sesame Oil,1200.0,475,25.0,10.0,5
Zivame Curvy Double Layered Non Wired Full Coverage Maternit...,1049.0,420,60.0,14.0,4
Vitabiotics Thyropace Tablets,177.0,166,6.0,8.0,4
Wellman Health & Vitality Multivitamin Tablets For Men,1200.0,711,25.0,1.0,5
Plix The Plant Fix ACV Hot Brew Effervescent Tablets For Met...,350.0,294,16.0,1.0,5
Inlife Melatonin 5mg Tablets to Promotes Sleep and Relaxatio...,799.0,449,44.0,1.0,1
Radhikas Energy China Oolong Shanghai Style + Yixing Light B...,1200.0,5850,25.0,9.0,4
"MyFitFuel MFF Weight Gainer, Double Rich Chocolate",1249.0,846,32.0,1.0,5
Plix Multi Power ACV Multivitamin + Apple Cider Vinegar Fizz...,1400.0,1092,22.0,10.0,4
MuscleBlaze Micronized Creatine Monohydrate Powder - Fruit S...,1099.0,775,29.0,2.0,5
Optimum Nutrition Pre Workout Greenapple and ON Pre Workout ...,1499.0,1243,17.0,132.0,4
"Gritzo SuperMilk Growth+ (Formerly Height+) (7-9y Girls),10g...",1200.0,1599,25.0,1.0,1
Nutrabay Wellness Vegan Plant Protein Powder + Superfoods - ...,1349.0,809,40.0,6.0,4
NatXtra Proplus Supports Prostate Health Capsules,1200.0,1400,25.0,9.0,4
Steadfast NUTRITION Incredible Isolate Whey Protein Blend Th...,14700.0,11172,24.0,9.0,4
Dr. Odin OCB101 Clavicle Brace Black Medium,595.0,506,15.0,3.0,3
MuscleBlaze Koshaveda Ashwagandha And Shilajit Pro Combo,1698.0,1309,23.0,2.0,4
Bliss Of Earth Naturally Organic Sunflower Seed,1200.0,210,25.0,9.0,5
Kerala Ayurveda Varunadi Kwath,1200.0,125,25.0,6.0,5
Praakritik Organic Jumbo Rolled Oats,398.0,326,18.0,5.0,5
Himalaya Wellness Pure Herbs Tulasi Respiratory Wellness - 6...,1200.0,240,25.0,5.0,5
Briyo Primrose Oil 500 mg Capsules,450.0,360,20.0,2.0,4
Plix Hair Care Capsules For Women With Ashwagandha - Contain...,900.0,729,19.0,4.0,5
INLIFE Shatavari Extract Asparagus Recemosus (Saponins > 20%...,499.0,339,32.0,9.0,5
MuscleBlaze Biozyme Performance Whey Protein - Choco Crisper...,6699.0,6399,4.0,5.0,4
Wellbeing Nutrition Collagen Boost Age Defence Combo,2898.0,2398,17.0,633.0,4
Inlife Biotin Advanced Hair Skin & Nails Supplement with Mul...,619.0,399,36.0,39.0,4
Baidyanath Gaisantak Bati,130.0,114,12.0,22.0,4
Nykd by Nykaa All Day Yoga Mat NYA030-Dark Blue + Light Blue,1799.0,900,50.0,1.0,4
Neuherbs Mini Deep Sea 1000mg Fish Oil Softgels (Lemon) & Vi...,1008.0,759,25.0,1.0,1
MuscleBlaze Whey Protein - Rich Milk Chocolate,18499.0,11059,40.0,29.0,4
HealthKart hk vitals Calcium Magnesium & Zinc & Glucosamine ...,1318.0,699,47.0,8.0,4
Healthvit Magnesium Oxide 370 mg – 60 Capsules,1200.0,600,25.0,9.0,4
MuscleBlaze CreaPRO Creatine - Fruit Punch,1200.0,1469,25.0,10.0,4
Oziva Plant Based Sugar Support - Pack of 4,4276.0,2999,30.0,9.0,4
"Wellbeing Nutrition Collagen & Glutathione Skin, Hair & Nail...",2898.0,2398,17.0,831.0,4
MuscleBlaze Pre Workout 200 Xtreme - Fruit Punch,649.0,599,8.0,24.0,4
Skore Shades Condoms,145.0,117,19.0,17.0,4
Nutrova Whey Protein Isolate Travel Pack - Dark Chocolate,699.0,665,5.0,9.0,4
Baidyanath Rhuma Joint Pain Oil,110.0,99,10.0,39.0,4
MuscleXP Drfitness+ Ab Wheel Roller - Black / Yellow,799.0,400,50.0,5.0,3
SheNeed High Fiber Supplement,409.0,209,49.0,4.0,4
Phab Variety Pack 11g Protein Bars (Pack of 6),1200.0,450,25.0,2.0,5
Online Quality Store Rose Flower Tea,186.0,171,8.0,10.0,5
By Nature Rolled Oats - Pack Of 2,1200.0,380,25.0,18.0,4
Nutriorg Certified Organic Apple Cider Vinegar,1200.0,300,25.0,25.0,5
NAKPRO Perform Plus+ Whey Protein Concentrate - Double Rich ...,3800.0,1900,50.0,3.0,5
The Good Bug Sleep And Calm Supergut Powder (Pack Of 6),4074.0,2699,34.0,20.0,4
Oziva Advanced Hair Growth Serum + OZiva Plant Based DHT Blo...,1848.0,1518,18.0,1130.0,4
Blue Nectar Ginger Oil Anti Cellulite Body Massage Oil,895.0,814,9.0,2.0,3
HealthyHey Nutrition Reduced Glutathione With Milk Thistle -...,1509.0,939,38.0,1.0,4
Galact Granules Lactation Supplement with Shatavari Chocolat...,1200.0,1099,25.0,9.0,4
Calcimax 500 Health Supplement (500 Mg Of Calcium),380.0,342,10.0,9.0,5
Vitabiotics Ovacare Tablets With L-Arginine & Selenium,369.0,351,5.0,4.0,4
"Inlife Natural Vitamin C Amla Extract Supplement Immunity, O...",599.0,399,33.0,14.0,4
NAKPRO Mr. Fit Mass Gainer - Vanilla,1160.0,510,56.0,2.0,4
Nature's Island L-Glutathione Capsules For Radiant Skin,1799.0,1313,27.0,16.0,4
Pee Safe Domina Take Charge Raunchy Water Based Natural Lubr...,299.0,249,17.0,4.0,5
Dr. Morepen AID Adhesive First Aid Dressing Washproof,1200.0,280,25.0,1.0,5
What's Up Wellness Shilajit Gummies With Ashwagandha and Bla...,649.0,549,15.0,9.0,4
Kerala Ayurveda Chyavanprash,1200.0,270,25.0,8.0,5
HealthKart HK Vitals Glutathione Effervescent Tablets Waterm...,958.0,799,17.0,2.0,5
Kerala Ayurveda RG Forte Pack of 10,1200.0,480,25.0,2.0,5
"MuscleBlaze Gym Bag (Phirse Zidd Kar), Duffle Bag for Men an...",1200.0,1200,25.0,21.0,4
NutritJet Multivitamin With Probiotics Tablets,999.0,749,25.0,9.0,4
Nutrova Functional Fibre - Lemon,800.0,760,5.0,1.0,5
Megagrow Mass Gainer High Calories Formula Whey Protein Powd...,2000.0,1500,25.0,9.0,4
Gritzo SuperMilk Growth+ (Formerly Height+) (7-12y Boys) Dou...,1338.0,1249,7.0,2.0,5
NatXtra Gymne-Mag D Helps to Maintain Blood Sugar Levels Cap...,1200.0,1199,25.0,9.0,4
Fast&Up Magnesium +Zinc Nutraceutical Lime & Lemon Tube 20 T...,365.0,267,27.0,11.0,4
Vitabiotics Jointace C2 Plus Tablets,467.0,425,9.0,5.0,5
Krishna's Herbal & Ayurveda Lauki Amla Juice,1200.0,206,25.0,1.0,3
"Auric Apple Cider Vinegar, 80 ACV Tablets With Vitamin B6 & ...",1780.0,908,49.0,15.0,4
NAKPRO Gold 100% Whey Protein Concentrate Supplement Powder ...,4600.0,2300,50.0,22.0,5
Undercover Water Based Intimate Lube - Aloe Vera,999.0,350,65.0,9.0,4
"Kapiva Shilajit Gold Capsules, Contains 24 Carat Gold, Boost...",1200.0,699,25.0,8.0,4
Bold Care Topical Delay Spray + Ultra Thin Strawberry Condom...,1200.0,1448,25.0,9.0,4
"MyFitFuel Creatine Monohydrate 200 mesh, Unflavored",659.0,406,38.0,587.0,5
Vlado's Himalayan Organics Skin Vitamin with Silybum Extract...,897.0,547,39.0,9.0,5
TGL Co. Crafted Celebrations Assorted Orange Tea Gift Box (P...,1200.0,1499,25.0,1.0,5
Bliss Of Earth Naturally Organic White Sesame Seed,1200.0,335,25.0,29.0,4
"Kapiva Neem Juice Made with Rajasthani Neem, helps Boost Imm...",1200.0,327,25.0,69.0,4
Leeford Pregnancy Back Support Belt/Brace for Pregnant Women...,1200.0,852,29.0,1.0,5
BBETTER Veda Ksm 66 Ashwagandha 600mg Vegetarian Capsules,1200.0,2099,25.0,2.0,5
Cureveda-vision Plant Based Eye Health 30 Sachets,845.0,761,10.0,2.0,4
Nutrabay Gold Vital Whey Protein Powder - Kesar Kulfi,1899.0,1310,31.0,1.0,5
Inlife Japanese Collagen Supplements for Women & Men - Orang...,1329.0,849,36.0,4.0,4
Praakritik Organic Pumpkin Seeds,395.0,316,20.0,5.0,5
Nutrabay Ragex Pre Workout Supplement Powder - Cola Flavour,1399.0,1007,28.0,9.0,4
Inner Sense Organic Antimicrobial Soft Feeding Bra - White,797.0,717,10.0,26.0,4
Kerala Ayurveda Myaxyl Oil,1200.0,460,25.0,10.0,4
MuscleBlaze Wrathx Pre Workout With Creapure With Shaker - F...,2868.0,1699,41.0,9.0,4
Bold Care Vibe Intimate Lube & Massage Gel - Chocolate,1200.0,229,25.0,7.0,4
Sheneed All Time Multivitamins & Minerals For Women,600.0,402,33.0,160.0,4
NAKPRO Platinum 100% Whey Protein Isolate Supplement Powder ...,7000.0,3500,50.0,23.0,4
Speedo Unisex Adult Jet 2.0 Anti-Fog UV Protection Swim Gogg...,1200.0,899,25.0,9.0,4
"Wellbeing Nutrition Pure Himalayan Shilajit Resin, 85 Trace ...",699.0,487,30.0,1.0,4
Kazarmaa Almond & Coconut Massage Oil,1200.0,199,25.0,1.0,5
Swarnakayu 24K Gold Bhasma Swarnaprashan,1200.0,2599,25.0,9.0,4
Inja Super Greens Powder,1500.0,1320,12.0,9.0,4
"MuscleBlaze High Protein Peanut Butter With Whey Protein, Cr...",669.0,625,7.0,24.0,5
MuscleBlaze Fuel One Whey Protein Immunity+ - Chocolate,5099.0,4199,18.0,233.0,4
Bliss Of Earth 100% Pure Jatamasi Powder,1200.0,375,25.0,31.0,4
Baidyanath Abhayarishta,185.0,148,20.0,44.0,4
Bold Care Amour Couples Kit,1200.0,1499,25.0,2.0,1
"HealthKart HK Vitals Muscle Builder Blend of Ashwagandha, Sh...",469.0,429,9.0,28.0,4
Baidyanath Punarnawarist For Healthy Liver,185.0,167,10.0,40.0,4
Nutrabay Pure 100% L-glutamine - Unflavoured,879.0,650,26.0,6.0,4
Wellman 50+ Health & Vitality Multivitamin Tablets For Men,1200.0,729,25.0,1.0,5
MuscleBlaze Wrathx Pump Pre Workout With Nitrosigine & L-Cit...,2669.0,1929,28.0,9.0,4
Phab Variety Pack 21g Protein Bars (Pack of 6),1200.0,810,25.0,9.0,4
Vlado's Himalayan Organics Vlado's COQ10 200mg with BioPeppe...,1750.0,963,45.0,1.0,4
MyFitness Peanut Butter - Original Smooth,1200.0,320,25.0,23.0,4
MuscleBlaze Biozyme Performance Whey Protein Powder - Magica...,1200.0,699,25.0,6.0,4
Vlado's Himalayan Organics Triphala Powder,495.0,233,53.0,9.0,4
NAKPRO Women's Whey Protein Powder - Chocolate,4600.0,2300,50.0,2.0,5
Vitabiotics Oligocare Tablets With Lycopene,443.0,421,5.0,2.0,5
NutritJet Calcium Magnesium Zinc Tablets,999.0,699,30.0,9.0,4
"Gritzo Super Gummies, Multivitamin For Kids-Natural Orange F...",1200.0,489,25.0,1.0,5
HealthyHey Nutrition Hyaluronic Acid 2X Plus 100mg Veg Capsu...,1799.0,899,50.0,8.0,5
Bold Care Ecstasy Condoms,1200.0,450,25.0,1.0,3
Gritzo Supermilk Growth+ 13G Protein Powder Iron Man For 13+...,1299.0,949,27.0,1.0,5
Gritzo Supermilk Athlete 14G Protein Powder Iron Man For 7-1...,1200.0,1199,25.0,9.0,4
The Good Bug Gluta Glow Effervescent Tablets For Radiant Ski...,1398.0,699,50.0,9.0,4
Nature's Island Collagen Bone Joint Formula For Stronger And...,2499.0,1449,42.0,2.0,5
Nejo Feeding Bra Padded - Pink,999.0,789,21.0,21.0,4
Sorich Organics Sunflower Seeds,1200.0,359,25.0,105.0,4
Nejo Feeding Bra Non Padded Seam Cups - Pink,699.0,552,21.0,11.0,4
Vlado's Himalayan Organics Shatavari Extract 600MG Veg Capsu...,899.0,288,68.0,9.0,4
Bold Care Extend Delay Gel,1200.0,449,25.0,3.0,4
MuscleBlaze Biozyme Whey Protein Pr Molten Chocolate Cake,3949.0,3599,9.0,9.0,4
Wellbeing Nutrition Collagen & Glutathione Anti-Ageing Combo,2698.0,2228,17.0,2019.0,4
NAKPRO Whey Titanium Protein Powder - Double Rich Chocolate,4800.0,2400,50.0,9.0,4
Plix Isabgol Orange Burst (Pack of 60),1200.0,972,19.0,122.0,5
HealthyHey Nutrition Multi Vitamin For Women - 13 Vitamins &...,1239.0,788,36.0,5.0,5
Fast&Up Vitalize Multivitamin Supplements - Orange (Tube Of ...,325.0,238,27.0,38.0,5
HealthyHey Moringa Extract 10:1 - Olifeira Leaf - Miracle Tr...,1099.0,499,55.0,4.0,5
CULT Unisex Yoga Bag Multi Utility Pockets - Black,899.0,351,61.0,9.0,4
Nutriorg Certified Organic Extra Virgin Coconut Oil,1200.0,585,25.0,23.0,4
Bonayu Whey Protein Blend Fat Burning Matrix & Lean Muscles ...,2000.0,600,70.0,3.0,5
Auric Liver Advance Effervescent Tablets,1780.0,1442,19.0,2.0,5
"NAKPRO Titanium Tri Blend Whey Protein Hydrolyse, Isolate & ...",4800.0,2400,50.0,2.0,5
Bold Care Topical Delay Spray + Extra Dots Condoms Combo Pac...,1200.0,1499,25.0,1.0,1
MuscleBlaze Pro One Raw Whey - Unflavoured,3999.0,3299,18.0,20.0,5
Oziva Wellness Combo For Men (Daily Men's Multi And Omega 36...,1648.0,1429,13.0,622.0,4
Bold Care Topical Delay Spray + Ecstasy Condoms Combo Pack f...,1200.0,1699,25.0,9.0,4
Ace Blend Reishi Shroom Instant Decaf Medium Roast Blend Cof...,445.0,396,11.0,9.0,4
Gritzo Supermilk Growth+ 7G Protein Powder 2-6Y Boy & Girl -...,1200.0,1599,25.0,9.0,4
Wellbeing Nutrition Daily Probiotic + Prebiotic 18 Billion C...,2796.0,2377,15.0,276.0,4
HealthKart HK Vitals Apple Cider Vinegar Tablets - Green App...,350.0,259,26.0,96.0,4
MyFitFuel Japanese Collagen Nanotechnology High Absorption +...,1999.0,1319,34.0,61.0,5
HealthKart Hk Vitals Veg Collagen Powder Orange & Glutathion...,1668.0,1599,4.0,9.0,4
SandPuppy Electric Heating Pad For Shoulder Pain Relief - Bl...,2999.0,1350,55.0,9.0,4
HealthKart HK Vitals Vitamin D3 (2000 IU) With Sunflower Oil...,1058.0,649,39.0,9.0,4
MyFitFuel Green Tea Leaf Extract (90% Polyphenols Egcg 42.5%...,709.0,470,34.0,28.0,5
Inlife Multivitamin & Minerals Tablets,1069.0,799,25.0,9.0,4
MuscleBlaze Gallon Water Bottle With Blender Ball,1200.0,949,25.0,25.0,4
Fast&Up ACV with Mother Weight management & Gut Health - Gre...,700.0,488,30.0,70.0,4
HealthyHey Nutrition Gold Collagen - Jaljeera,2219.0,896,60.0,1.0,5
NAKPRO Platinum 100% Whey Protein Isolate Supplement Powder ...,7000.0,3500,50.0,6.0,4
Fast&Up Liver Detox Tablets - Mixed Berry Flavour,495.0,326,34.0,4.0,4
Bloom by Boldcare Body Massage Oil For Skin Hydration & Mass...,499.0,319,36.0,2.0,4
CULT Gallon Bottle 2.2L Unisex White,1799.0,720,60.0,1.0,5
Nivia Football Kross World Spain (Size-5),1200.0,799,25.0,9.0,4
Krishna's Herbal & Ayurveda Migraine Care Juice,1200.0,281,25.0,1.0,1
Kerala Ayurveda Pilogest Pack of 10,1200.0,650,25.0,1.0,5
Inlife Ashwagandha KSM-66 500 mg Capsules,1199.0,649,46.0,2.0,5
"Nutrova Elderberry Tablets With Eldercraft Elderberry, Zinc,...",850.0,804,5.0,9.0,4
Nutriburst Serene Sleep 5mg Melatonin Gummies - Mango,1200.0,579,25.0,3.0,3
Dr. Morepen Omega-3 Deep Sea Fish Oil Softgel (Pack Of 2),950.0,713,25.0,2.0,5
Nutriorg Certified Organic Mustrad Oil,1200.0,410,25.0,9.0,5
NAKPRO Gold 100% Whey Protein Concentrate Supplement Powder ...,4600.0,2300,50.0,6.0,4
HealthyHey Nutrition L - Tyrosine - Capsules,1069.0,809,24.0,4.0,5
Krishna's Herbal & Ayurveda Acidant Juice,1200.0,530,25.0,1.0,4
Fast&Up Blueberry Flavour BCAA with Muscle Activation Comple...,1200.0,2700,25.0,1.0,5
Baidyanath Balant Kadha No 2 Post Delivery Tonic,120.0,108,10.0,6.0,4
"Strauss High Density Foam Roller, 30cm (Blue)",1049.0,799,24.0,1.0,5
Deve Herbes Restful Sleep Aromatherapy Essential Oil Blend,349.0,342,2.0,5.0,4
CULT Gym Spider Compartment Shaker Bottle 550Ml - Black,699.0,315,55.0,2.0,3
Vlado's Himalayan Organics Plant Based Multivitamin 60+Ingre...,936.0,758,19.0,62.0,5
Cureveda Pro-Chia Plant Protein Powder 26G Protein With Monk...,1495.0,1346,10.0,9.0,4
"Baidyanath Aloe Vera Juice (An All-Round Tonic for Immunity,...",250.0,203,19.0,88.0,4
Vlado's Himalayan Organics Liposomal COQ10 300MG+,1995.0,1077,46.0,9.0,4
Krishna's Herbal & Ayurveda Asthosolv Juice,1200.0,549,25.0,9.0,4
Krishna's Herbal & Ayurveda Apple Cider Vinegar,1200.0,600,25.0,2.0,5
Vitabiotics Jointace Plus Pain Relief Gel,142.0,129,9.0,1.0,5
Mountainor Collagen for Youthful & Glowing Skin with Biotin ...,1200.0,899,25.0,1.0,4
BBETTER Joint Support - Tablets,1200.0,1199,25.0,11.0,5
Nutrabay Bioabsorb Whey Protein Powder - Dark Chocolate,2299.0,1816,21.0,2.0,5
NAKPRO Perform Plus+ Whey Protein Concentrate - Malai Kulfi,3800.0,1900,50.0,1.0,4
Gritzo Supermilk Growth+ Protein Double Chocolate For 13+Y G...,1698.0,1548,9.0,9.0,4
Nutrabay Gold Isolate Whey Protein Powder - Rich Chocolate C...,1200.0,19999,25.0,9.0,4
"Gritzo Supermilk Weight+ (7-12Y), 7G Protein - Double Chocol...",1200.0,799,25.0,2.0,5
Nutriorg Gluten Free Steel Cut Oats,1200.0,235,25.0,9.0,4
Dr. Odin Cervical Pillow Standard NC02,1200.0,1450,25.0,9.0,4
Auric Men's Energy++ Effervescent Testosterone Booster & Sex...,2136.0,748,65.0,3.0,5
Carbamide Forte L-Citrulline 2000mg Powder - Unflavoured,799.0,599,25.0,1.0,5
Plix Glutathione Skin Glow 15 Effervescent Tablets And Pinea...,1225.0,1054,14.0,37.0,4
Nutriburst Health & Vitality Multivitamins Gummies - Mixed B...,1200.0,399,25.0,50.0,5
Vitabiotics Calcimax P Tablets With Calcium And Phosphorus,200.0,182,9.0,5.0,3
NAKPRO Creatine Monohydrate for Increase Strength & Supports...,1030.0,515,50.0,2.0,3
Undercover Solo Flight Rabbit Personal Massager For Women,7999.0,4159,48.0,9.0,4
Baidyanath Balant Kadha No 3 Post Delivery Tonic,120.0,108,10.0,7.0,4
TGL Co. Slim LineGreen Tea Bags (Pack of 2) Body Detox Prosp...,1200.0,399,25.0,5.0,4
What's Up Wellness Lung & Liver Detox Capsules - Pack of 2,1398.0,1149,18.0,6.0,4
BODYOPS High Absorption Coenzyme Q10 200mg Capsules,1398.0,979,30.0,9.0,4
The Body Care Green Tea & Lemon Grass Body Massage Oil,1200.0,525,25.0,34.0,4
INLIFE Coenzyme Q10- 100mg 30 Chewable Tabs Supplement For M...,709.0,399,44.0,1.0,5
"Jointace C2 Vitamin Supplement (includes Glucosamine, Chondr...",351.0,319,9.0,7.0,3
Wellman 70+ Health & Vitality Multivitamin Tablets For Men,1200.0,769,25.0,9.0,4
"MuscleBlaze L- Glutamine, Post Workout Recovery , 5 g Glutam...",1199.0,939,22.0,5.0,4
MuscleBlaze Whey Protein With Shaker - Rich Milk Chocolate,1200.0,6669,25.0,9.0,4
INLIFE FlaxSeed Oil Atasi Taaila,799.0,449,44.0,13.0,5
Briyo Vitamin D3 2000 IU Chewable Tablets - Natural Grape,455.0,364,20.0,13.0,5
House Of Beauty Reusable Butterfly Bra Push Ups,1200.0,799,25.0,9.0,4
MyFitFuel Garcinia+ Cambogia Extract (HCA 65%) + Piperine (9...,999.0,659,34.0,189.0,5
UpUrFit Thermo Gel Pain Relief Quick Absorption,599.0,401,33.0,9.0,4
Tea Treasure Super Green Tea,1200.0,349,25.0,3.0,4
Mystiq Living Deep Sleep Roll On 100% Natural & Safe Sleep A...,499.0,334,33.0,19.0,4
CULT Yoga Mat-Unisex Tpe Olive Leaf Print 6Mm With Bag And S...,3399.0,850,75.0,9.0,4
Inlife Super Reds Powder Antioxidant-Rich Superfood Drink Mi...,889.0,679,24.0,2.0,5
Briyo Vitamin D3 1000 IU For Bone Health Muscle Function Cap...,445.0,347,22.0,15.0,5
Gritzo Super Multivitamin Gummies For Kids,549.0,449,18.0,9.0,4
MuscleBlaze Fuel One Sports Hydr8 Effervescent Tablets - Lem...,229.0,199,13.0,2.0,5
"Gritzo Supermilk Weight+ (2–6Y Kids), 4G Protein - Creamy Va...",1200.0,699,25.0,9.0,4
HealthyHey Nutrition Amla Extract 50:1 - Natural Vitamin C -...,1159.0,679,41.0,9.0,4
HealthyHey Nutrition Shilajit - Veg Capsules,1409.0,749,47.0,2.0,5
Vlado's Himalayan Organics Plant Based Brain Booster With Gi...,1200.0,1198,25.0,8.0,5
Sorich Organics Chia - Sunflower- Pumpkin and Flax Seeds Com...,1200.0,1146,25.0,89.0,5
MuscleXP Skipping Rope (Jumping Rope) With Foam Handles For ...,399.0,223,44.0,30.0,4
Steadfast NUTRITION Warmax Protein Warrior Inside You Sachet...,9000.0,6840,24.0,9.0,4
Sorich Organics Roasted Flax Seeds,1200.0,175,25.0,35.0,5
Wellman 50+ UK's No.1 Multivitamin for Men above 50 (Ginseng...,1200.0,399,25.0,29.0,5
Vedic Line Aromatherapy Massage Oil With Sunflower Oil,1200.0,200,25.0,51.0,4
Nutrabay Pro Liquid L-Carnitine +Vitamin B5 Powder - Lemon,1299.0,805,38.0,9.0,4
Strauss Strauss Foot and Hand Massage Roller,1899.0,829,56.0,9.0,4
Puma Orbita Premier League Thrill Mini Football - White,1299.0,1039,20.0,9.0,4
Wommune Calcium And Vitamin D3 Gummies - Build Strong Bones ...,477.0,286,40.0,101.0,5
"Vlado's Himalayan Organics Plant Based Biotin 10, 000Mcg/Ser...",898.0,754,16.0,54.0,4
Nutrabay Ragex Pre Workout Supplement Powder - Orange Flavou...,1399.0,1007,28.0,1.0,4
True Elements Muesli Fruit And Nut,350.0,322,8.0,61.0,4
NatXtra CurQmeg-3 Supports Cardiac Health Capsules,1200.0,1245,25.0,9.0,4
MuscleBlaze Large Gym Duffle Bag - Black,1200.0,799,25.0,15.0,5
Plix Good Gut Pre+probiotic Green Apple 15 Effervescent Tabl...,1350.0,1080,20.0,1.0,4
Wommune Keto Advance Weight Loss Formula Tablets With Garcen...,799.0,280,65.0,257.0,4
Tea Treasure Organic Chamomile Green Tea,1200.0,230,25.0,52.0,4
Vlado's Himalayan Organics Calcium Magnesium Zinc Vitamin D3...,682.0,389,43.0,12.0,4
Kerala Ayurveda Manasamithravatakam Gulika,1200.0,375,25.0,4.0,5
Sirona Cottony Soft Rash Free Sanitary Pads Combo (Pack Of 4...,333.0,225,32.0,2208.0,5
Purna Sampurna Rosemary Oil Gummies - Rose,1200.0,599,25.0,56.0,4
Nutrabay Wellness All-Natural Plant Protein Powder + Superfo...,2549.0,1810,29.0,1.0,1
SheNeed Skin Vitamin Supplement With 11+Nutrients,409.0,200,51.0,14.0,4
Bliss Of Earth Naturally Organic Pumpkin Seed,1200.0,675,25.0,11.0,5
Fast&Up L-arginine Essentials Effervescent Tablets Tangy Ora...,1200.0,550,25.0,2.0,4
Dr. Odin Steamer OSV102 Dual Layer,675.0,479,29.0,4.0,4
NAKPRO Perform Whey Protein Concentrate Supplement Powder - ...,3600.0,1800,50.0,9.0,4
Plix Life Ashwagandha Supports Sexual Health and Stress Reli...,350.0,298,15.0,9.0,4
Fast&Up Unflavoured Glutamine,1500.0,1263,16.0,9.0,4
Tea Treasure Slim Life Wellness Tea,1200.0,420,25.0,38.0,4
Kerala Ayurveda Kumaryasava,1200.0,175,25.0,16.0,4
"Strauss Rubber Anti-Burst Gym Ball, Round Shape, 65 cm (Grey...",1399.0,979,30.0,9.0,4
Dr. Odin Body Fat Analyzer CF-570BT Black,4450.0,2003,55.0,9.0,4
HealthKart HK Vitals Glutathione Effervescent Tablets - Cola,1200.0,759,25.0,1.0,1
Dr. Morepen Omega 3 Deep Sea Fish Oil Capsules,549.0,505,8.0,56.0,4
Baidyanath Avipattikar Churna,220.0,165,25.0,14.0,4
Axiom Karela Jamun Juice,1200.0,340,25.0,11.0,5
Calcimax Forte Health Supplement (500 Mg Of Calcium),271.0,244,10.0,6.0,5
Dr. Odin Hot Water Bottle Sea - Green,399.0,351,12.0,1.0,4
Buff Coolnet Uv+ Solid Black Tubular - Coolnet Uv,1200.0,1499,25.0,9.0,4
MuscleBlaze High Protein Peanut Butter - Dark Chocolate,539.0,525,3.0,23.0,5
TGL Co. Little Buddha Green Tea Bags Anti Ageing Detoxificat...,1200.0,549,25.0,3.0,5
Krishna's Herbal & Ayurveda Wheatgrass Juice,1200.0,421,25.0,3.0,4
Body Smith Orange Gym Bag (46cm),1099.0,550,50.0,9.0,4
Vlado’s Himalayan Organics Plant-Based Calcium Magnesium + Z...,1995.0,818,59.0,13.0,4
Phab Caramel Crunch Granola Cereals (Pack of 2),1200.0,550,25.0,9.0,4
Phab Mocha Nut Fudge 21g Protein Bars (Pack of 12),1200.0,1620,25.0,9.0,4
"Inlife Fish Oil Omega 3 1000mg, 180mg EPA & 120mg DHA Capsul...",599.0,349,42.0,47.0,4
Fast&Up BCAA Essentials - Watermelon Flavour,1155.0,1039,10.0,2.0,5
Origin Nutrition 100% Natural Vegan Plant Protein Powder - U...,1200.0,695,25.0,3.0,5
Aroma Magic Anti Bact Soothing Cream,110.0,99,10.0,27.0,5
Arth Apple Cider Vinegar Pack For Weight Management,1200.0,250,25.0,9.0,4
MuscleBlaze Mass Gainer XXL - Chocolate,3199.0,2429,24.0,66.0,4
Bold Care Mutual Pleasure Condoms,1200.0,399,25.0,2.0,4
Carbamide Forte Creatine Mono Hydrate Powder - Unflavoured,1199.0,849,29.0,9.0,4
Inlife Japanese Fish Collagen Powder for Skin & Hair Collage...,1779.0,1499,16.0,3.0,5
Vlado's Himalayan Organics Korean Red Ginseng 1000mg Boosts ...,1181.0,862,27.0,15.0,4
Vlado's Himalayan Organics L-Lysine 500mg Essential Amino Ac...,879.0,756,14.0,1.0,5
"Dr. Morepen Biotin For Hair Growth, Glowing Skin & Healthy N...",879.0,510,42.0,36.0,4
Gritzo Supermilk Iron Man Athlete 14G Protein For 7-12Y With...,1948.0,1848,5.0,9.0,4
"What's Up Wellness Sleep Gummies with Melatonin, Muscle Reco...",2397.0,1599,33.0,180.0,4
Oziva Plant Based Biotin 10000+ Mcg With Sesbania Agati- Bam...,1947.0,1599,18.0,188.0,4
Timex Unisex Smart Watch-TWTXW201T,5995.0,4976,17.0,9.0,4
"Muscleblaze Biozyme Iso-Zero Low Carb, 100% Pure Isolate Wit...",9499.0,9399,1.0,3.0,5
TGL Co. Roseglow Black Tea Bags Glowing Skin Improve Skin & ...,1200.0,549,25.0,3.0,5
MYPRO SPORT NUTRITION Super Advanced Whey Protein Isolate Po...,3999.0,1799,55.0,23.0,4
Krishna's Herbal & Ayurveda Flax Seed Oil,1200.0,130,25.0,18.0,4
Undercover Water Based Intimate Lubes - Tingling & Peppermin...,1998.0,699,65.0,1.0,4
Krishna's Herbal & Ayurveda Shilajit,1200.0,1031,25.0,1.0,5
MYPRO SPORT NUTRITION Daily Protein Shake For Men & Women - ...,1099.0,499,55.0,36.0,4
Greenbrrew Decaffeinated Natural Instant Green Coffee (Pack ...,1200.0,897,25.0,2.0,3
Praakritik Organic Flaxseeds,220.0,202,8.0,3.0,3
Nutriburst Ashwagandha Max+ Gummies - Guava,1200.0,449,25.0,89.0,5
NAKPRO Gold Whey Protein Concentrate - Malai Kulfi,9000.0,4500,50.0,2.0,4
HealthKart Hk Vitals Hair Rescue Fall Tablets,299.0,269,10.0,4.0,4
Baidyanath Sid For Piles,114.0,103,10.0,11.0,4
CULT Mini Loop Band Toning Exercise Band for Gym Booty Belt ...,1499.0,525,65.0,9.0,4
Bold Care Ultra Thin Long Last Condoms - Pack Of 3,1200.0,900,25.0,9.0,5
"Inlife Japanese Hydrolyzed Fish Collagen Powder for Skin, Ha...",1689.0,1449,14.0,4.0,5
Bonayu Shilajit Shot Bottles - Watermelon (Pack Of 6),599.0,300,50.0,2.0,5
Skore Nothing - Chocolate,181.0,134,26.0,10.0,4
Nutrabay Pro Eaas With Electrolytes (Essential Amino Acids) ...,1599.0,1103,31.0,9.0,4
MuscleBlaze CreaPRO Creatine - Tangy Orange,1200.0,1469,25.0,12.0,4
Vlado's Himalayan Organics Organic Multivitamin With Iron,1240.0,868,30.0,9.0,4
Nutrabay Gold 100% Whey Protein Isolate - Rich Chocolate Cre...,1200.0,2699,25.0,9.0,4
"Gritzo Supermilk Athlete, 17G Protein Double Chocolate For 1...",1998.0,1848,8.0,9.0,4
Kapiva Thar Aloe Vera Juice (with Pulp) Rejuvenates Skin and...,1200.0,560,25.0,1088.0,4
Baidyanath Sugarfree Chyawan Fit,225.0,180,20.0,6.0,4
Sheneed Thyroid Support Supplements,404.0,198,51.0,1.0,5
Vegan Greens Plant Based DHT Blocker Natural Herbs Effervesc...,499.0,100,80.0,312.0,5
Dr. Morepen Exygra + Delay Spray,374.0,161,57.0,1.0,5
MuscleBlaze Chocolate Peanut Butter - Creamy,359.0,339,6.0,25.0,3
Upakarma Ayurveda Pure Shilajit 300mg 90 Veg Capsules,949.0,199,79.0,12.0,4
Vlado's Himalayan Organics Organic Wheatgrass Powder,625.0,288,54.0,1.0,5
Bliss Of Earth Pakistan Himalayan Pink Salt,1200.0,490,25.0,8.0,5
Baidyanath Ekangweer Ras,175.0,158,10.0,10.0,4
Carbamide Forte L-Carnitine 3300mg Liquid - Green Apple,1535.0,949,38.0,2.0,3
MuscleBlaze Biozyme Performance Whey With Gym Steel Shaker -...,4598.0,3699,20.0,9.0,4
Gritzo Supermilk Overall Growth 9G Protein Powder For 7-9Y G...,1200.0,1499,25.0,1.0,5
MuscleBlaze Fit High Protein Oats - Fruit & Super Seeds,699.0,599,14.0,3.0,4
NAKPRO Platinum Whey Protein Isolate With Protein Shaker - C...,7200.0,3600,50.0,1.0,5
Gritzo Supermilk Growth+ 13G Protein Powder Unsweetened Drin...,1200.0,949,25.0,2.0,3
Oziva Plant Based Collagen Builder - Guava Glow,2877.0,2399,17.0,594.0,4
Dr. Odin Hot & Cool Pack Nylon,799.0,447,44.0,5.0,5
Shesha Ayurveda Dhanwantaram Thailam for Pre-Post Natal Care,1200.0,299,25.0,2.0,3
MuscleBlaze Mb- Vite & Fish Oil 1000mg Tablets Combo Pack,1348.0,999,26.0,27.0,5
Briyo OptiVital Eye Multivitamin Softgels,595.0,506,15.0,4.0,4
The Good Bug Apple Cider Vinegar Effervescent Tablet With Mo...,798.0,499,37.0,9.0,4
Bold Care Topical Delay Spray + Ultra Thin Delay Condoms Com...,1200.0,1549,25.0,1.0,1
Baidyanath Ashwagandharishta Asava For Stamina - Pack Of 2,290.0,262,10.0,14.0,5
Nutrabay Gold Concentrate Whey Protein Powder - Cold Coffee,6499.0,5459,16.0,9.0,4
Vlado's Himalayan Organics Vitamin D3 2000IU Chewable Tablet...,975.0,332,66.0,9.0,4
Bold Care Topical Delay Spray + Ultra Thin Vanilla Condoms C...,1200.0,1448,25.0,9.0,4
Supply6 Plant Protein 24g Vegan Protein with Probiotics & Fi...,1200.0,445,25.0,9.0,4
Bliss Of Earth Tulsi Leave Powder,1200.0,140,25.0,12.0,4
Bold Care Natural Vibe Intimate Lube & Massage Gel,1200.0,499,25.0,4.0,4
Steadfast NUTRITION L-Carnitine Liquid Supplement With Vitam...,2400.0,1704,29.0,9.0,4
Nutriorg Triphla Powder,1200.0,299,25.0,5.0,4
MuscleBlaze Biozyme Performance Whey Protein With Creatine M...,7348.0,6879,6.0,2.0,5
GNC Pro Performance 100 % Whey Protein Chocolate Fudge Powde...,1200.0,4099,25.0,3.0,2
Krishna's Herbal & Ayurveda Gomutra Ark-Tharparkar Cow,1200.0,206,25.0,2.0,5
CULT Unisex Sauna Belt - Black,1699.0,900,47.0,9.0,4
Bonayu Caffeine Energy Mouth Dissolving Strips For Men & Wom...,848.0,594,30.0,3.0,4
Deve Herbes Repressed Anxiety Relief Aromatherapy Essential ...,349.0,342,2.0,4.0,3
Dr. Vaidya's Pcos Care,1200.0,399,25.0,4.0,4
MyFitFuel Zma+ With Vitamin C & Piperine,639.0,423,34.0,39.0,5
"MuscleBlaze Fuel One Whey Protein, 24 G Protein And 5.29 Bca...",1200.0,2599,25.0,13.0,4
Krishna's Herbal & Ayurveda Bhumi Amla Juice,1200.0,478,25.0,5.0,5
Wellbeing Nutrition Melts Testo Power For Improved Performan...,1198.0,1138,5.0,48.0,4
INLIFE Digestive Enzymes Supplement For Digestive Support 60...,879.0,649,26.0,1.0,3
Radhikas Revvs Up Metabolism Butterfly Blue Tisane - A Vibra...,1200.0,750,25.0,1.0,5
Vesca Glutathione Capsules for Healthy Skin,1200.0,498,25.0,2.0,5
Fast&Up L-Carnitine Tartrate 3000 mg Tablets - Lemon,1200.0,849,25.0,9.0,4
Bliss Of Earth 100% Pure Pomegranate Peel Powder,1200.0,225,25.0,15.0,5
Nutrabay Gold Spark Pre-workout - Green Apple,1279.0,755,41.0,4.0,5
"Gritzo Supermilk Growth+, 13G Protein Double Chocolate For 1...",1698.0,1548,9.0,9.0,4
GOODCARE Ayurvedic Neem Guard Body Oil with 8 herbs-nourishe...,308.0,231,25.0,4.0,5
Nutroactive Lipolyzer Fat Burner Tummy Tablets Pack Of 3,1200.0,3321,25.0,4.0,4
MyFitFuel Elite Prozymes Whey Protein Isolate & Hydrolyzed. ...,1999.0,1499,25.0,107.0,5
HealthyHey Nutrition Selenium Plus Natural Vitamin E - Veg C...,1419.0,809,43.0,1.0,4
Vaadi Herbals Cinnamon 100% Pure Essential Oil Therapeutic G...,280.0,224,20.0,21.0,4
Nutrova Creatine Monohydrate For Adults - Lemon,749.0,712,5.0,9.0,4
BBETTER Collagen Marino - Pure Hydrolysed Marine Collagen Po...,1200.0,899,25.0,49.0,4
Inlife Turmeric Oil Ginger Oil Garlic Oil Capsule For Men & ...,1069.0,799,25.0,9.0,4
Nutrabay Gold Micronised Creatine Monohydrate Powder - Lemon,599.0,300,50.0,1.0,5
NAKPRO Perform Whey Protein Concentrate Supplement Powder - ...,7000.0,3500,50.0,2.0,5
Nutriorg Certified Organic Turmeric Powder,1200.0,149,25.0,11.0,4
ManSure Grow Long Oil,490.0,279,43.0,20.0,4
"Auric Lung Detox for Smokers with Natural Blend of NAC, Push...",1602.0,1250,22.0,9.0,4
Plix Beauty Sleep Combo - Deep Sleep Mini Mints & Skin Glow ...,1700.0,833,51.0,9.0,4
Nutriorg Gluten Free Instant Oats,1200.0,150,25.0,1.0,3
Gritzo Supermilk Growth+ 10G Protein Double Chocolate 7 -12Y...,1598.0,1448,9.0,9.0,4
MuscleBlaze Tornado Gym Shaker Bottle - Grey,1200.0,599,25.0,6.0,4
MyFitFuel Men Advance Daily Multivitamin (26 Vitamins Minera...,1079.0,661,39.0,352.0,5
Bliss Of Earth Apple Cider Vinegar,1200.0,390,25.0,1.0,5
CULT Duffle Bag With Shoe Compartment,1599.0,640,60.0,9.0,4
Oziva Stronger and Thicker Hair Routine (Vitamin E Capsules ...,1398.0,1198,14.0,1746.0,4
"MyFitFuel Ginseng+ Triple Strength (korean, American & Siber...",1149.0,754,34.0,50.0,5
Vlado's Himalayan Organics Diabetes Support Supplement Capsu...,795.0,731,8.0,9.0,4
HealthyHey Nutrition Bromelain Digestive Enzyme - Veg Capsul...,1509.0,709,53.0,4.0,5
Krishna's Herbal & Ayurveda Cardiac Care Juice,1200.0,478,25.0,5.0,3
Inlife Japanese Fish Collagen Powder for Skin & Hair Collage...,1779.0,1499,16.0,3.0,4
Sorich Organics Rose Petals Powder,1200.0,150,25.0,272.0,4
MuscleBlaze Biozyme Daily Multivitamin with US Patent Filed ...,1698.0,1369,19.0,1.0,5
Vlado's Himalayan Organics Pure Biotin Dht Blocker Goodness ...,823.0,444,46.0,53.0,4
HealthKart HK Vitals Advanced Multivitamin Tablets With BCAA...,719.0,639,11.0,17.0,5
Himalaya Lukol Tablet - 60 Tablets,1200.0,220,25.0,2.0,4
"Indulgeo Essentials Hermoso Body Oil For Men, Helps in Reduc...",1800.0,1530,15.0,7.0,5
Inner Sense Organic Antimicrobial Sleeping/Feeding Bra - Blu...,797.0,717,10.0,9.0,3
SheNeed Retinol Activated Anti-Aging Drink,609.0,298,51.0,4.0,4
Steadfast NUTRITION L-Carnitine Liquid Supplement With Vitam...,2400.0,1488,38.0,9.0,4
The Good Bug ACV + Gluta Glow Effervescent Tablets Combo,1098.0,798,27.0,9.0,4
Nature Sure Agnimantha Weight Loss Formula For Fat Loss in M...,1790.0,1002,44.0,7.0,4
Nutrabay Pro Eaas With Electrolytes (Essential Amino Acids) ...,1599.0,1103,31.0,2.0,5
"Nutribears Multivitamin Gummies For Kids And Teens, Supports...",1200.0,495,25.0,3.0,4
Body Smith Black Gym Shaker,1599.0,800,50.0,1.0,1
HealthKart Hk Vitals Glutathione Effervescent Tablets - Lemo...,1509.0,1299,14.0,9.0,4
Bliss Of Earth Certified Organic White Quinoa,1200.0,420,25.0,6.0,5
Baidyanath Maha bhringraj Hair Oil - Pack Of 2,186.0,158,15.0,399.0,4
Praakritik Natural Coconut Sugar,390.0,374,4.0,4.0,3
Fast&Up Vitalize Multivitamin Natural Beetroot Supplements -...,870.0,718,17.0,49.0,5
"Strauss Yoga Foam Roller, 45 cm (Black)",1869.0,1165,38.0,9.0,4
Baidyanath Amlapittantak For Acidity,184.0,166,10.0,7.0,3
Dr. Odin OCB101 Clavicle Brace Black Extra Large,595.0,506,15.0,9.0,4
"Gritzo Super Gummies, Multivitamin For Kids-Natural Strawber...",978.0,899,8.0,9.0,4
MYPRO SPORT NUTRITION Slim Shake Protein Powder-meal Replace...,1799.0,699,61.0,23.0,4
Dr. Odin OHP104 Bed Warmer Single,3500.0,2520,28.0,9.0,4
CULT Yoga Mat Eva 6Mm Grey/Black With Carry Strap,1899.0,570,70.0,1.0,5
HealthyHey Nutrition Milk Thistle Extract - 25:1(Silymarin M...,979.0,679,31.0,1.0,5
Calcimax Meyer Vitabiotics Calcium + Vitamin D Gummies - Str...,1200.0,1099,25.0,9.0,4
Aroma Treasures Orange Essential Oil,252.0,227,10.0,8.0,5
Inner Sense Organic Antimicrobial Soft Feeding Bra with Remo...,1594.0,1514,5.0,5.0,4
Nutrabay Gold Micronised Creatine Monohydrate Powder - Cola,599.0,300,50.0,2.0,4
Vlado's Himalayan Organics Vlado's Noni Gold Extract Body De...,1200.0,748,25.0,2.0,5
Vegan Greens Clean Women's Plant Protein with Herbs (Chocola...,1999.0,1348,33.0,1.0,4
Leeford Abdominal Support Lower Back Pain Relief Belt,625.0,500,20.0,3.0,4
Strauss Pack of 2 Black Adjustable Knee Support Patella,2998.0,1589,47.0,9.0,4
"Inlife Super Greens Powder Supplement Spirulina, Moringa, Ch...",889.0,679,24.0,2.0,5
Gritzo Supermilk Growth+(13+Y Girls) (Double Chocolate) & Ir...,1698.0,1458,14.0,9.0,4
MyFitFuel CLA 1000MG Supplement For Weight Loss,1499.0,944,37.0,14.0,4
Nutrabay Gold Micronised Creatine Monohydrate Powder - Pinea...,599.0,300,50.0,5.0,3
Dr. Odin Hot Water Bottle - Cream,399.0,351,12.0,9.0,4
Dr. Odin Soft Splint Cervical Collar NC01,590.0,419,29.0,9.0,4
Nutrova Whey Protein Isolate Travel Pack - Vanilla,699.0,665,5.0,9.0,4
Vitabiotics Wellbaby Multivitamin Liquid,141.0,117,17.0,2.0,5
MuscleBlaze Limited Edition Gym Duffle Bag - Black,1200.0,1199,25.0,23.0,4
"Inlife Pea, Quinoa & Brown Rice Plant Protein Powder - Coffe...",2489.0,1449,42.0,9.0,4
Deve Herbes Aura Cleansing Aromatherapy Essential Oil Blend,319.0,313,2.0,2.0,4
"Speing Glitz Glow - Japanese Glutathione, Hyaluronic Acid & ...",1200.0,2998,25.0,3.0,5
Online Quality Store Flax Seeds & Chia Seeds Combo,1200.0,155,25.0,44.0,5
HealthKart HK Vitals Multivitamin Plus Men,678.0,599,12.0,2.0,3
Tego Stance Reversible 6 mm Yoga Mat with GuildAlign (With B...,3599.0,3203,11.0,9.0,4
MuscleBlaze Protein Bar - Cookies & Cream (Pack Of 6),780.0,675,13.0,7.0,4
MyFitFuel Advance 100% Plant Protein - Vanilla,1429.0,942,34.0,2.0,5
MyFitFuel Advance 100% Plant Protein - Mango,1429.0,942,34.0,9.0,4
Plix Probiotics+ ACV Apple Cider Vinegar Effervescent Tablet...,800.0,576,28.0,46.0,4
HealthyHey Nutrition Potassium Citrate - Veg Capsules,1069.0,679,36.0,2.0,5
Inlife Fish Oil Matsyatailam Omega 3 Softgels,1199.0,799,33.0,9.0,4
Baidyanath SriGopal For Sexual desire and also Enhances Stam...,295.0,236,20.0,16.0,4
Columbia Unisex Black Tritan Co-Polyester Hydration Water Bo...,1200.0,1499,25.0,9.0,4
Kerala Ayurveda Manjishtadi Kwath,1200.0,175,25.0,5.0,5
Oziva Plant Based Multivitamins for Men 35+ for Heart & Musc...,1898.0,1234,35.0,118.0,4
OZiva Detox & Glow Routine (OZiva Superfood Greens & Herbs +...,1958.0,1772,9.0,2746.0,4
MuscleBlaze Unleash the Zidd Shaker Bottle - Yellow and Blac...,1200.0,699,25.0,6.0,3
Dr. Odin Coccyx Cushion SC01,1890.0,1625,14.0,9.0,4
NAKPRO Platinum Whey Protein Isolate Supplement Powder - Unf...,14200.0,7100,50.0,2.0,5
Tea Treasure Pure Chamomile Tea,1200.0,249,25.0,41.0,4
Oziva Plant Based Manage Blood Sugar Level - Pack Of 2,1798.0,1299,28.0,1.0,5
"MyFitFuel MFF Plant Soy Protein Isolate, Unflavored",1249.0,846,32.0,46.0,5
MyFitFuel Curcumin+ (95% Curcuminoids) Ginger Extract + 95% ...,859.0,565,34.0,30.0,5
TGL Co. Eternal Elegence Tea Gift Hampers,1200.0,3299,25.0,1.0,4
Purna Gummies Youthful You Collagen Mixed Fruit Flavour - Pa...,1200.0,1198,25.0,9538.0,4
Bliss Of Earth Certified Organic Yellow Mustard Oil,1200.0,575,25.0,1.0,5
"BODYOPS Biotin Calcium, Magnesium and Zinc 1000mcg Capsules",998.0,699,30.0,9.0,4
"MyFitFuel Wheat Grass Extract (10:1) 500mg, 10x Powerful. He...",709.0,470,34.0,38.0,5
"By Nature Raw, Unrefined Apple Cider Vineger With Honey",1200.0,480,25.0,6.0,4
Bliss Of Earth Certified Organic Ashwagandha Root Powder,1200.0,425,25.0,1.0,3
Luxuri Busty Best - Slim Shaping Serum,1200.0,799,25.0,9.0,4
Praakritik Organic Jaggery Powder,270.0,243,10.0,3.0,5
INLIFE Curcumin C3 Complex (95% Curcuminoids)500mg Turmeric ...,1499.0,999,33.0,6.0,5
Puma Orange Future 3 Seamless Touch Football,1200.0,1399,25.0,1.0,5
HealthKart HK Vitals Veg Collagen - Mixed Fruit & ProteinUp ...,1508.0,1249,17.0,1.0,5
Sheneed 60+ Women's Multivitamin & Multimineral,409.0,278,32.0,9.0,4
Wellbeing Nutrition Slow Multi + Veg Omega 3 for Him with 23...,2798.0,2378,15.0,54.0,5
Bold Care Topical Delay Spray + Nano Thin Condoms Combo Pack...,1200.0,1499,25.0,9.0,4
BRALCON Moringa Leaves Powder,99.0,98,1.0,8.0,5
SheNeed Women’s Brain & Memory Supports Supplement,509.0,199,61.0,2.0,4
Gritzo Supermilk Growth+ 10G Protein Powder For 7-9Y Girls -...,1200.0,435,25.0,2.0,3
Inlife Eye Health Supplements,889.0,599,33.0,3.0,4
CULT Yoga Mat Eva 4Mm Blue with Strap,999.0,350,65.0,3.0,5
Purearth Bitter Apricot All Over Oil,1200.0,3600,25.0,9.0,4
MuscleBlaze Biozyme Performance Whey Protein - Biscoff Cooki...,7799.0,6399,18.0,9.0,4
OZiva Youthful Skin Combo (OZiva Plant Based Collagen Builde...,1758.0,1599,9.0,5184.0,4
Morph Maternity Pack Of 2 Leak-Proof Sleep Nursing Bras - Bl...,1200.0,1790,25.0,1.0,5
Online Quality Store Natural Ashwagandha Powder,186.0,149,20.0,1.0,4
Nutriorg Aloevera Juice,1200.0,399,25.0,4.0,4
MYPRO SPORT NUTRITION Pea & Brown Rice 100% Plant Protein Po...,2999.0,1399,53.0,9.0,4
Vlado's Himalayan Organics L-Carnitine 2000 mg Healthy Weigh...,1022.0,756,26.0,2.0,4
ForMen JOYMAX Ultra Thin Delay Condoms For Men,1200.0,299,25.0,7.0,4
INLIFE Calcium Vitamin D3- 60 Tablets Calcium Carbonate Vita...,399.0,249,38.0,26.0,5
Plix Glutathione Skin Glow 15 Effervescent Tablets And Guava...,1200.0,1550,25.0,7.0,4
Nutrabay Pro Active Multivitamin Tablets For Women,499.0,250,50.0,1.0,4
Phab Chocolate Brownie 11g Protein Bars (Pack of 6),1200.0,450,25.0,9.0,4
Baidyanath Panchasakar Churna For Healthy Digestion,150.0,135,10.0,10.0,4
Inlife Multi Collagen Complex Tablets 5 Types Peptides With ...,889.0,679,24.0,1.0,5
Inlife Shilajit Resin Original Himalayan & Natural Shilajeet...,1299.0,499,62.0,9.0,4
What's Up Wellness Beauty Marine Titagen Collagen Powder Typ...,1999.0,1425,29.0,6.0,5
NAKPRO Perform Whey Protein Concentrate Supplement Powder - ...,7000.0,3500,50.0,3.0,5
Vlado's Himalayan Organics Arjun Chaal Powder,495.0,337,32.0,1.0,4
MuscleBlaze Fuel One Sports Hydr8 Tablets- Lemon (Pack Of 2),458.0,389,15.0,1.0,5
Setu Skin Renew Sample Pack Gluta Fizz Orange,300.0,222,26.0,9.0,4
Puma White Pro Soccer Ball V1,1799.0,1439,20.0,9.0,4
Inlife Spirulina Tablets 500mg Green Superfood Supplement,499.0,299,40.0,8.0,4
Greenbrrew Natural Green 100% Unroasted Coffee,1200.0,399,25.0,15.0,5
TGL Co. Mogo MogoGreen Tea Bags Tea Bags (Pack of 2) Rich in...,1200.0,1098,25.0,9.0,4
Nutrabay Pro Active Multivitamin Tablets for Women,299.0,132,56.0,1.0,4
Vlado's Himalayan Organics Curcumin 1600Mg Tablets With Blac...,1695.0,814,52.0,9.0,4
Kapiva Ayurveda Activ Foods Shilajit Energy Capsules,1200.0,299,25.0,1.0,4
HealthyHey Nutrition Fish Collagen Peptides With Hyaluronic ...,2219.0,1919,14.0,3.0,3
Vedic Valley Lemongrass Anti Cellulite Body Massage Candle,1000.0,930,7.0,4.0,5
Krishna's Herbal & Ayurveda Naurcissus Juice,1200.0,581,25.0,1.0,5
Nutrabay Ragex Pre Workout Supplement Powder Cola Flavour,1200.0,49,25.0,9.0,4
Leeford Contoured Cervical Pillow for Neck Pain,1800.0,1296,28.0,2.0,5
"Vlado's Himalayan Organics Zma (Zinc, Magnesium Aspartate) S...",888.0,648,27.0,7.0,4
Baidyanath Mahamanjisthadi Kadha For Pimpels - Pack Of 2,240.0,216,10.0,41.0,5
INLIFE Triphala Extract (Tannins > 15%) Digestion Support Su...,499.0,339,32.0,9.0,4
MuscleXP Drfitness+ Knee Cap & Brace Knee Compression Suppor...,999.0,300,70.0,35.0,4
Inlife Castor Oil Supplement 500mg Capsules For Hair And Ski...,799.0,499,38.0,4.0,5
"Giordano Silver Smart Watch With Bluetooth Voice Calling,1.2...",11400.0,3534,69.0,2.0,5
Oziva Plant Based Collagen Builder - Watermelon,2877.0,2399,17.0,321.0,4
MuscleBlaze Super Gainer XXL For Muscle Mass Gain,6449.0,4709,27.0,1.0,1
Auric Skin Rediance 04 Ancient Herbs Tablets - Pack Of 6,3738.0,2430,35.0,9.0,4
Nejo Feeding Bra Padded - Black,999.0,789,21.0,4.0,5
Nutriorg Certified Organic Jaggery Powder - Pack Of 2,1200.0,340,25.0,1.0,1
"Nutribears Multivitamin Gummies For Kids And Teens, Supports...",1200.0,990,25.0,2.0,3
"CULT Pilates GYM Band for Fitness, Stretching, Yoga for Unis...",1399.0,490,65.0,9.0,4
Vlado's Himalayan Organics Omega 3 6 9 Vegan Nutrition Suppl...,936.0,552,41.0,4.0,5
NAKPRO Gold Plus+ Whey Protein Concentrate With Digestive En...,4800.0,2400,50.0,9.0,4
Auric Ancient Herbs Hair Boost Tablets - Pack Of 9,5607.0,3084,45.0,9.0,4
Dr. Odin OHP103 Electric Heating Pad Over Blanket,5100.0,5049,1.0,1.0,3
Nutroactive Lipolyzer Tummy Fat Burner 30 Tablets,1200.0,1107,25.0,26.0,4
"Wellbeing Nutrition Pure Himalayan Shilajit Resin, 85 Trace ...",1199.0,824,31.0,3.0,4
Sorich Organics Roasted Sunflower Seeds,1200.0,200,25.0,24.0,4
Inlife Milk Thistle Extract 800mg 80% Silymarin Liver Suppor...,879.0,499,43.0,1.0,5
HealthyHey Nutrition Alpha Lipoic Acid Gluten - Free And Non...,1689.0,849,50.0,9.0,4
NAKPRO Gold Whey Protein Concentrate With Protein Shaker - C...,4800.0,2400,50.0,1.0,5
The Good Bug Sleep And Calm SuperGut Powder (Pack Of 2),1358.0,1213,11.0,20.0,4
Blue Nectar Pain Relief Spray With Clove & Cinnamon For Inst...,645.0,581,10.0,3.0,5
Nutrabay Gold Mega Mass Weight Gainer - Vanilla Ice Cream,1649.0,1402,15.0,9.0,4
Nutrabay Gold Citrulline Malate Powder - Lemon,569.0,330,42.0,9.0,4
"Fast&Up Nac 600mg + 40mg Vitamin C, Lung Health And Liver De...",730.0,608,17.0,30.0,4
Bliss Of Earth 100% Pure Organic Black Seed Oil,1200.0,475,25.0,3.0,4
Adonis Stretch Marks Cream with Shea Butter & Vitamin E for ...,670.0,603,10.0,9.0,4
OZiva Superfood Greens & Herbs for Diabetes & Prediabetes - ...,879.0,799,9.0,22.0,5
INLIFE Moringa Shigru Ghan Leaf Extract- 60 Veg Capsules (50...,499.0,339,32.0,6.0,4
GNC Pro Performance 100% Whey Protein Powder - Kesar Pista,1200.0,6399,25.0,1.0,1
Baidyanath Chyawanprash Special,235.0,169,28.0,54.0,4
CULT Pencil Skipping Rope Grey,399.0,251,37.0,1.0,5
Sorich Organics Rosemary Herbal Tea,1200.0,380,25.0,1244.0,4
TGL Co. Organic Green Tea Bags Pleasant Aroma Improve Blood ...,1200.0,349,25.0,1.0,4
HealthyHey Nutrition Natural Lutein 10mg With 2mg Zeaxanthin...,1419.0,809,43.0,9.0,4
Carbamide Forte Vegan Protein Powder - Mango Flavour,1150.0,875,24.0,1.0,5
"Inlife Black Seed Oil, Extra Virgin Cold Pressed 500mg Capsu...",999.0,599,40.0,5.0,4
HealthyHey Nutrition UC II - Capsules,1689.0,899,47.0,1.0,5
Karma Kettle Istanbul- Turkish Apple Green Tea - Loose Leaf ...,1200.0,400,25.0,12.0,5
"Nature's Island Collagen Skin Formula For Glow, Anti-aging A...",2599.0,1799,31.0,26.0,4
Open Secret Assorted Chocolate Cookies - Pack Of 4,1200.0,420,25.0,9.0,4
Baidyanath Triphala Juice Detoxify The Body - Pack Of 2,390.0,386,1.0,54.0,5
"MuscleBlaze Biozyme Iso-Zero (Ice Cream Chocolate,1 kg) & Cr...",6048.0,5279,13.0,2.0,5
Baidyanath Balant Kadha No 1 Post Delivery Tonic,120.0,108,10.0,6.0,4
"Nutribears Calcium + Vitamin D Gummies For Kids And Teens, F...",1200.0,445,25.0,2.0,5
Vlado's Himalayan Organics Plant Based Eye Supplement Improv...,1200.0,851,25.0,10.0,5
Upakarma Ayurveda Pure Shilajit Resin Form with Gold Dust,1100.0,407,63.0,9.0,4
Oziva Plant Based Collagen Builder - Guava Glow + Free Oziva...,1458.0,918,37.0,1164.0,4
MuscleBlaze High Protein Gold Gainer - Chocolate,5399.0,4209,22.0,2.0,5
MyFitFuel Fish Oil Omega 3 1000mg (180 EPA : 120 DHA),769.0,522,32.0,28.0,5
"Auric Get Slim Effervescent- Power of Green Coffee, Green Te...",1335.0,654,51.0,5.0,4
MuscleBlaze Pre Workout Wrathx With Creapure - Voodoo Black,1849.0,1399,24.0,4.0,5
Gritzo Supermilk Iron Man Growth+ 13G Protein For 13+Y Boy W...,2098.0,1998,5.0,9.0,4
HealthyHey Nutrition Brainfocus - Natural Brain Health Formu...,1509.0,989,34.0,9.0,4
Krishna's Herbal & Ayurveda Karela Juice,1200.0,187,25.0,9.0,4
NAKPRO Hydro Whey Protein Hydrolyzed Supplement Powder - Man...,4800.0,2400,50.0,9.0,4
MuscleBlaze Training Bag With Shoe Compartment - Black (45 L...,1200.0,1299,25.0,9.0,3
MuscleTech Mass-Tech Extreme 2000 - Vanilla Milkshake,1200.0,4999,25.0,9.0,4
Krishna's Herbal & Ayurveda Hemoglobin Booster Juice,1200.0,478,25.0,2.0,5
Plix The Plant Fix ACV Hot Brew Ginger Nutmeg Effervescent T...,1400.0,1092,22.0,9.0,4
Gritzo Supermilk Growth+ 10G Protein Powder Unsweetened Drin...,1200.0,899,25.0,9.0,4
Vlado's Himalayan Organics Ashwagandha Capsules,1445.0,968,33.0,9.0,4
Tea Treasure Super Green Tea,1200.0,420,25.0,4.0,5
Undercover Water Based Intimate Lubes - Tingling & Aloe Vera...,1998.0,699,65.0,9.0,4
Inner Sense Organic Antimicrobial Sleeping/Feeding Bra Combo...,797.0,717,10.0,23.0,4
Bold Care Alpha Testo Booster(increase Testosterone),1200.0,699,25.0,62.0,5
MyFitFuel Advance 100% Plant Protein - Rich Chocolate Deligh...,1429.0,942,34.0,393.0,5
Kerala Ayurveda Histantin Tablet,1200.0,500,25.0,2.0,5
Krishna's Herbal & Ayurveda Giloy Tulsi Juice,1200.0,318,25.0,2.0,5
Enamor MT02 Sectioned Lift & Support Nursing Bra - Non-Padde...,1200.0,1049,25.0,57.0,4
"Strauss Acupressure Massage Ball, 35-inch (Blue)",749.0,419,44.0,9.0,4
HealthyHey Nutrition Fenugreek Seed Extract Supplement - Veg...,1329.0,549,59.0,1.0,4
Dr. Odin LS Belt LS02 SCO Premium,990.0,921,7.0,9.0,4
Vlado's Himalayan Organics Plant Based Copper 1700mcg Capsul...,1136.0,863,24.0,9.0,4
Plix Good Gut Pre+probiotic Green Apple 15 Effervescent Tabl...,900.0,711,21.0,5.0,3
Vlado's Himalayan Organics Iodine Capsules,1200.0,682,25.0,1.0,4
"Mom & World Skin Bio Therapy Oil For Stretch Marks, Scars & ...",1200.0,899,25.0,76.0,4
NatXtra Vitamin C Rich Source of Antioxidant Capsules,1200.0,1099,25.0,9.0,4
HealthVit Potassium Chloride 99Mg 60 Tablets,1200.0,600,25.0,9.0,4
PLIX Green Coffee Bean Effervescent Tablet For Better Metabo...,2792.0,1899,32.0,7.0,3
MuscleBlaze Carb Blend - Unflavored,1849.0,1539,17.0,8.0,4
"MyFitFuel MFF Whey Protein 80, Rich Chocolate Delight",2599.0,2178,16.0,198.0,5
VLCC Clinic Probiome Metabolism Booster - 45 Tablets,2224.0,2113,5.0,9.0,4
MyFitFuel Women Clean Whey Protein With 25 Ayurveda Herbs - ...,2889.0,2186,24.0,271.0,5
Nutrabay Gold Micronised Creatine Monohydrate Powder - Fruit...,1149.0,609,47.0,9.0,4
Sangya Project Sangya 1 - The First Made In India Personal M...,1200.0,3999,25.0,1.0,5
Tea Treasure Chamomile Green Tea,1200.0,199,25.0,12.0,4
Vlado's Himalayan Organics Vlado's Plant Based Multivitamin ...,897.0,709,21.0,3.0,5
Dr. Odin Basic Stethoscope With Extra Diaphgram And Ear Knob...,1000.0,560,44.0,1.0,5
MyFitFuel Hydrolyzed Bovine Collagen+ - Mango,1279.0,838,34.0,117.0,5
"Mars by GHC Vitamin D3 Tablets For Bone Health, Muscle Stren...",599.0,249,58.0,10.0,4
Briyo Elderberry + Vitamin C Dietary Supplement - Natural Be...,559.0,280,50.0,4.0,5
SheNeed Vitamin D 10 MSG for Women Tablets,287.0,195,32.0,6.0,5
"MyFitFuel MFF High Protein Mass Gainer, Double Rich Chocolat...",1449.0,987,32.0,9.0,4
MsChief Classic Lubricant,400.0,340,15.0,1.0,5
Gritzo Super Gummies Multivitamin For Kids Gummies (Orange &...,978.0,899,8.0,1.0,5
Bliss Of Earth 100% Pure Orange Peel Powder,1200.0,225,25.0,90.0,4
Fast&Up Melatonin Tablets - Improves Sleep Quality (Pack of ...,750.0,574,23.0,14.0,4
Dr. Odin Anklet With Closed Heel AF 01,390.0,335,14.0,1.0,5
Axiom Amla Juice - Pack of 3,1200.0,360,25.0,2.0,5
Origin Nutrition 100% Natural Vegan Plant Protein Powder - C...,1200.0,889,25.0,1.0,1
"Gritzo SuperMilk Growth+(13+y Boys), 13g Protein Powder Doub...",3398.0,3149,7.0,1.0,5
Online Quality Store Natural Moringa Leaf Powder,186.0,179,4.0,1.0,5
Vlado's Himalayan Organics Vlado's Plant-Based Vitamin B6 Su...,1047.0,796,24.0,1.0,5
Steadfast NUTRITION Whey Protein Fast Releasing Concentrate ...,7200.0,5472,24.0,9.0,4
Nutrova Whey Protein Isolate Travel Pack - Mango,699.0,664,5.0,1.0,5
Sorich Organic Roasted Super Seeds Mix for Immunity,1200.0,220,25.0,46.0,4
Fast&Up Reload Electrolyte Energy And Hydration Drink - Oran...,795.0,645,19.0,50.0,5
Leeford Premium Knee Cap Support for Leg/Knee Pain - Grey,375.0,330,12.0,9.0,4
MuscleBlaze Free Size Wrist Support - Black,1200.0,719,25.0,4.0,3
Radhikas Glass Gaiwan and Assam Masala Tea Gift Box,1200.0,3000,25.0,9.0,4
The Good Bug Bye Bye Bloat Supergut Powder (Pack Of 4),2716.0,2149,21.0,266.0,4
Nutrabay Pure Shilajit Powder,1199.0,504,58.0,9.0,4
HealthyHey Nutrition Curcumin With Piperine,1599.0,1009,37.0,4.0,4
Krishna's Herbal & Ayurveda Karela Jamun Neem Juice,1200.0,300,25.0,20.0,4
Nutrabay BCAA 2:1:1 +Electrolytes Powder - Orange,999.0,649,35.0,9.0,4
"MuscleBlaze EAA 8000 - 8000mg EAAs Blend, 1000mg Hydration B...",1999.0,1459,27.0,7.0,5
BODYOPS High Absorption Coenzyme Q10 100mg Capsules,1198.0,839,30.0,9.0,4
TGL Co. Eternal Elegance Assorted Tea Gift Box Boost Energy ...,1200.0,3299,25.0,9.0,4
Pure Nutrition Organic Virgin Coconut Oil Spray,1200.0,799,25.0,9.0,4
Vlado's Himalayan Organics Plant-Based DHT Blocker with Biot...,1200.0,879,25.0,10.0,4
Vlado's Himalayan Organics Magnesium Citrate 1000MG Veg Caps...,995.0,338,66.0,9.0,4
Jiva Ayurveda Gokshurvarunadi Kwath,1200.0,120,25.0,9.0,4
SheNeed Menopause Pills Supplements - Reduces Menopause Symp...,404.0,202,50.0,8.0,4
Tea Treasure Slim Life,1200.0,230,25.0,19.0,5
TGL Co. Japanese Luxury Matcha Improve Heart Health Boost Me...,1200.0,699,25.0,9.0,3
Plix The Plant Fix ACV Hot Brew Ginger Nutmeg Effervescent T...,4200.0,2814,33.0,9.0,4
"MyFitFuel L-Carnitine L-Tartrate (100% Pure, No Other Ingred...",1079.0,661,39.0,35.0,5
Fast&Up ACV with Mother Weight management & Gut Health - Gre...,1050.0,732,30.0,70.0,4
HealthyHey Nutrition L - Threonine - Essential Amino Acid - ...,1159.0,709,39.0,2.0,5
Nutriorg Certified Organic Moringa Powder,1200.0,245,25.0,7.0,4
Nutriorg Amla Juice,1200.0,299,25.0,20.0,4
Puma Buzz Moulded Basketball (6),1499.0,1274,15.0,9.0,4
Vlado's Himalayan Organics L-Arginine 1000mg With Chromium P...,1350.0,864,36.0,1.0,4
"OneLife Multivitamin With Probiotics Supports Immunity, Ener...",1200.0,1049,25.0,9.0,4
Inlife Probiotic Lactobacillus Acidophilus 5 Billion CFU Gut...,799.0,449,44.0,4.0,5
INLIFE Grape Seed Extract (Proanthocyanidins > 95%) Antioxid...,799.0,449,44.0,1.0,4
Morpheme Remedies Boswellia Shallaki 500mg Capsules,349.0,325,7.0,1.0,5
TGL Co. Roseglow Black Tea Bags (Pack of 2) Glowing Skin Imp...,1200.0,1098,25.0,9.0,4
Baidyanath Triphala Guggulu Detoxify The Body - Pack Of 2,160.0,144,10.0,25.0,4
"MyFitFuel Performance Whey Multi Protein Blend, 25G Protein ...",2549.0,1775,30.0,158.0,5
INLIFE Evening Primrose Oil 10% GLA (60 Liquid Filled Capsul...,1149.0,599,48.0,14.0,4
Bliss Of Earth Certified Organic Flax Seed,1200.0,265,25.0,40.0,5
MuscleBlaze Tri-flex Laptop Backpack - Stealth Black (35 L),1200.0,2999,25.0,2.0,5
Gritzo Supermilk Growth+ Double Chocolate For 7 -12Y Boys Wi...,1598.0,1448,9.0,9.0,4
Vitabiotics Feroglobin B12 Liquid,1200.0,177,25.0,5.0,4
Steadfast NUTRITION Snergy Instant Energy Pre Workout Supple...,1500.0,1065,29.0,1.0,1
MuscleBlaze Biozyme Gold 100% Whey Protein,16199.0,15999,1.0,9.0,4
Nutrabay Gold Citrulline Malate Powder - Cola,569.0,330,42.0,1.0,4
Leeford Hernia Belt for Men with Two Detachable Foam Pads,650.0,501,23.0,1.0,5
"Flexnest Flexbike Plus, Indias 1St 22 Hd Touchscreen Smart E...",119999.0,60000,50.0,9.0,4
UpUrFit Rapid Pain Relief Cryo Spray,649.0,435,33.0,2.0,5
"MuscleBlaze Biozyme Performance Whey Protein, Creatine Monoh...",7348.0,6879,6.0,1.0,5
"Osteocare Suspension-calcium, Magnesium, Zinc & Vitamin D3 S...",1200.0,170,25.0,6.0,4
Puma Dribble Moul Basketball,1499.0,974,35.0,9.0,4
"MuscleXP Weight Lifting Gym Belt, Unisex, Body Fitness Gym B...",875.0,621,29.0,9.0,4
Phab Cold Coffee 18g Protein Milkshakes (Pack of 6),1200.0,810,25.0,9.0,4
Dr. Odin Back Rest High BR 01,1650.0,1419,14.0,9.0,4
Baidyanath Gokshuradi Guggulu Urinary problems,100.0,90,10.0,5.0,4
"SheNeed Boron Supplement 3Mg for Bone,Muscle & Metabolism - ...",400.0,220,45.0,5.0,4
Gritzo Supermilk Overall Growth Unsweetened Drink Mix For 2-...,1200.0,799,25.0,9.0,4
"Kapiva TestoFuel Shilajit Whey Protein, 5.5g BCAA, Faster Ab...",1200.0,3999,25.0,1.0,5
Sorich Organics Dried Orange Peel Powder,1200.0,125,25.0,324.0,4
Vegan Greens Collagen Builder with Herbs Powder - Classic Na...,999.0,764,24.0,1719.0,5
Baidyanath Giloy Satwa,145.0,102,30.0,5.0,3
Bold Care Shilajit Effervescent Tablets For Men,1200.0,499,25.0,9.0,4
Optimum Nutrition Gold Standard 100% Whey Protein (DRC) and ...,5788.0,5596,3.0,880.0,4
Auric High Altitude Shilajit Resin,2250.0,518,77.0,9.0,4
Neuherbs Skin Collagen Booster Mixed Fruit Flavour with Prot...,1628.0,1249,23.0,8.0,4
SheNeed Bladder Control & Weight Management For Women,409.0,278,32.0,4.0,4
Inlife Shilajit Gold Original Himalayan Shilajeet Resin For ...,1399.0,599,57.0,9.0,4
NAKPRO Creatine Monohydrate for Increase Strength & Enduranc...,1200.0,1720,25.0,4.0,4
"MyFitFuel L-Carnitine L-Tartrate, Weight Loss Capsules",769.0,472,39.0,3.0,4
Undercover The Climax Chronicles Vibrator & Strawberry Water...,8998.0,4499,50.0,9.0,4
SandPuppy Electric Heating Elbow Brace,2999.0,1601,47.0,9.0,4
Nutrabay Pro BCAA 8:1:1 with Electrolytes - Guava Punch,1599.0,800,50.0,3.0,5
Morpheme Arthcare Massage Oil,649.0,500,23.0,3.0,5
Undercover Altura Bullet And Climax Chronicles Personal Mass...,12999.0,7149,45.0,9.0,4
Radhikas Hormonal Balance Jasmine Flower Decaf Tisane - Herb...,1200.0,750,25.0,9.0,4
"Nature's Island Collagen Skin Formula For Glow, Anti-aging A...",5198.0,3598,31.0,2.0,5
Sorich Organics Party Mix Spicy,1200.0,325,25.0,9.0,4
Baidyanath Supari Pak For Post Delivery,240.0,216,10.0,12.0,4
MildCares Stretch Marks Roll-On Serum,1200.0,599,25.0,9.0,4
Purna Gummies Multivitamins Mango & Strawberry Combo,1200.0,998,25.0,11558.0,4
Gritzo Supermilk Growth+ Unsweetened (10-12Y Girl) (Creamy V...,1698.0,1418,16.0,9.0,4
Blue Nectar Pain Oil & Compressed Potli Combo,1095.0,1018,7.0,6.0,4
Undercover Water Based Intimate Lubes - Vanilla & Strawberry...,1998.0,699,65.0,9.0,4
Axiom Cod-liv - Pack of 2,1200.0,560,25.0,9.0,4
Dr. Odin Hot & Cool Pack Nylon Elasticated,999.0,500,50.0,2.0,5
"CULT Hip Bands Unisex Pack of 3 (Pink,Purple & Green) Max 50...",1999.0,700,65.0,9.0,4
Steadfast NUTRITION Collastead Hydrolysed Marine Collagen Pe...,2700.0,2052,24.0,9.0,4
Upakarma Ayurveda Tulsi Drops,399.0,92,77.0,34.0,4
Gritzo Supermilk Overall Growth 11G Protein Powder For 10-12...,1200.0,1499,25.0,9.0,4
Deve Herbes Abundance Essential Oil Blend For Success & Weal...,399.0,391,2.0,3.0,4
Buff Unisex Blue Polyester Coolnet Uv Wide Headband Solid,1200.0,999,25.0,9.0,4
INLIFE Super Antioxidants Immuno Booster Immune Care Supplem...,879.0,699,20.0,4.0,5
Inlife Melatonin 10mg + Tagar 250mg Tablets,699.0,499,29.0,9.0,4
Baidyanath Ashwagandhadi Churna,165.0,129,22.0,13.0,4
Baidyanath Karela Jamun Juice (Helps Maintain Healthy Sugar ...,325.0,228,30.0,29.0,4
Buff Lightweight Merino Wool Solid Pool Tubular - Lw Merino ...,1200.0,1999,25.0,9.0,4
Plix Isabgol Orange Burst (Pack of 90),1800.0,1458,19.0,122.0,5
Nejo Feeding Sleep Bra With Removable Pads - Black,649.0,513,21.0,11.0,3
Dr. Odin Hot Water Bottle Dark Blue,399.0,351,12.0,5.0,5
Buff Unisex Grey Polyester Coolnet Uv Ellipse Headband Jaru,1200.0,999,25.0,9.0,4
Bold Care Topical Delay Spray + Ultra Thin Chocolate Condoms...,1200.0,998,25.0,9.0,4
Baidyanath Prostaid For Urinary System - Pack Of 2,320.0,288,10.0,26.0,4
Vlado's Himalayan Organics Plant Based Gluco Balance Insulin...,1200.0,591,25.0,2.0,4
Gytree 12 in 1 Daily Multivitamin For Women Gummies - Strawb...,1200.0,899,25.0,9.0,4
Healthy Treat Chatpati Cranberries,1200.0,360,25.0,6.0,4
Bold Care L-Arginine Effervescent Tablets For Men - Mixed Fr...,1200.0,599,25.0,6.0,5
Skore Pinacolada Condoms,145.0,117,19.0,16.0,4
Strauss Pack of 2 Yoga Block - Pink,1050.0,629,40.0,1.0,1
Dr. Odin Waldon By Foam Roller Massager With Dot Pattern For...,7910.0,3480,56.0,2.0,5
"Nat Habit Balamool Sunthi Pure Baby Maah, Baby Massage Oil f...",784.0,557,29.0,30.0,4
MsChief Vanilla And Citrus Lubricant,400.0,340,15.0,9.0,4
Krishna's Herbal & Ayurveda Harshringar Leaf Juice,1200.0,421,25.0,12.0,4
MYPRO SPORT NUTRITION Biotin & Sesbania Gummies - Strawberry,899.0,349,61.0,9.0,4
"Auric Get Slim Effervescent- Power of Green Coffee, Green Te...",445.0,303,32.0,24.0,4
Kerala Ayurveda GT Capsules Pack of 10,1200.0,900,25.0,2.0,3
Phab Chocolate Brownie 21g Protein Bars (Pack of 6),1200.0,810,25.0,9.0,4
NatXtra CoQ10 Support Fertility Capsules,1200.0,1899,25.0,5.0,3
INLIFE Ginkgo Biloba Extract 120mg (60 Veg. Capsules),569.0,399,30.0,2.0,4
Briyo All Around Gut Guardian Dietary Supplements Softgels,770.0,631,18.0,9.0,4
Baidyanath Madhumehari Control Blood Suger Level,300.0,240,20.0,7.0,4
"MyFitFuel MFF Whey Protein Isolate 90, Rich Chocolate Deligh...",4149.0,3723,10.0,9.0,4
"Muscleblaze Biozyme Iso-Zero Low Carb, 100% Pure Isolate Wit...",9499.0,9399,1.0,5.0,5
Krishna's Herbal & Ayurveda Kumkumadi Taila,1200.0,2949,25.0,9.0,4
Krishna's Herbal & Ayurveda Premium Aloe Vera High Fiber,1200.0,327,25.0,1.0,5
Kerala Ayurveda Draksharishta,1200.0,200,25.0,2.0,5
HealthyHey Nutrition Rosehip Extract - Veg Capsules,1069.0,549,49.0,9.0,4
Nutrabay Bioabsorb Whey Protein Powder - Dalgona Coffee,2199.0,1517,31.0,2.0,5
Nutrabay Gold Bulk Up Mass Gainer Powder - Chocolate,3899.0,2807,28.0,9.0,4
HealthyHey Nutrition Hydrolysed Fish Collagen Powder - Lemon,2219.0,1879,15.0,1.0,1
Inlife Neem Oil With Peppermint Oil For Digestive Health & S...,979.0,749,23.0,9.0,4
Gritzo SuperMilk Growth+ (Formerly Height+) (7-9y Girls) Cre...,1338.0,1249,7.0,9.0,4
Inner Sense Organic Antimicrobial Soft Nursing Bra - White,617.0,605,2.0,57.0,4
Nejo Feeding Sleep Bra With Removable Pads - Pink,649.0,513,21.0,54.0,4
MuscleBlaze Wrist Support With Reinforced Finger Loop - Blac...,1200.0,719,25.0,25.0,4
Open Secret Chocolate Almond Cookies - Pack Of 4,1200.0,420,25.0,1.0,3
"Leeford Ankle Binder Breathable Support For Sprains, Strains...",325.0,289,11.0,9.0,4
Nutrabay Gold 100% Whey Protein Concentrate - Cafe Mocha,6499.0,6434,1.0,1.0,5
"Fast&Up Nac 600mg + 40mg Vitamin C, Lung Health And Liver De...",1095.0,912,17.0,30.0,4
Axiom Aloevera Amla Juice - Pack of 2,1200.0,320,25.0,9.0,5
Undercover Unisex Water Based Tingling Lubricant,999.0,350,65.0,2.0,5
BODYOPS Probiotics 50 Billion CFU Capsules,599.0,419,30.0,9.0,4
Sheneed + Active Charcoal Drink With Vitamin C - Detoxifies ...,609.0,201,67.0,9.0,4
Nutrabay Gold 100% Whey Protein Isolate - Vanilla Ice Cream,10399.0,9047,13.0,4.0,4
NatXtra CoQ-Stree Supports Women Fertility Capsules,1200.0,1799,25.0,9.0,4
Gritzo Supermilk Growth+ Double Chocolate For 7 -9Y Girls Wi...,1598.0,1448,9.0,9.0,4
Plix Kids Chyawanboost Gummies Immune,1800.0,1152,36.0,9.0,4
BODYOPS Calcium Magnesium + Zinc 1000mg Capsules,698.0,489,30.0,1.0,5
Everpure Life Marine Collagen Health Supplement For Skin & B...,1200.0,1250,25.0,14.0,4
Inlife Green Coffee Beans Extract for Weight Management 800m...,799.0,449,44.0,3.0,4
Online Quality Store Lavender Flower Tea,186.0,179,4.0,4.0,4
Tea Treasure Usda Organic Hibiscus Flower Herbal Tea,1200.0,239,25.0,30.0,4
Undercover Water Based Intimate Lube - Peppermint,999.0,350,65.0,1.0,3
"Inlife Apple Cider Vinegar Supplement, Weight Loss Products",619.0,449,27.0,9.0,4
MyFitFuel Pre-Workout 6000 Caffeine Free (5.35G Aminos + 8 M...,1339.0,822,39.0,21.0,5
MuscleBlaze BCAA Pro - Blueberry Lemonade,2299.0,2049,11.0,2.0,5
MyFitFuel Glucosamine Chondroitin Msm + Hyaluronic Acid 3000...,1069.0,706,34.0,47.0,5
Optimum Nutrition Gold Standard 100% Whey Protein Double Ric...,19628.0,16949,14.0,414.0,5
ForMen Shilajit + Ashwagandha Tablets For Men,1200.0,749,25.0,1.0,5
MuscleBlaze Hybrid Gym Bag Cum Backpack Duffle Bag - Camo Gr...,1200.0,1649,25.0,9.0,4
Puma Training Leak-Proof Shaker Water Bottle,1299.0,779,40.0,9.0,4
"What's Up Wellness Glutathione Gummies with Vitamin C, Radia...",3198.0,2149,33.0,30.0,5
Vlado's Himalayan Organics Magnesium Glycinate 2000MG,528.0,285,46.0,9.0,4
Bliss Of Earth Certified Organic Fenugreek Seed (Methi),1200.0,325,25.0,5.0,4
"Auric Lung Detox for Smokers with Natural Blend of NAC, Push...",2136.0,1645,23.0,7.0,5
MyFitFuel Milk Thistle Extract (80% Silymarin Flavonoids) 60...,999.0,659,34.0,31.0,5
CULT Yoga Mat Unisex Tpe Purple Lotus Print 6Mm With Bag And...,3399.0,850,75.0,9.0,4
Greenbrrew Decaffeinated Lemon Instant Green Coffee (Pack Of...,1200.0,598,25.0,1.0,5
Vlado's Himalayan Organics Plant-Based Vitamin K2 Supplement...,897.0,709,21.0,9.0,4
INLIFE Extra Virgin Cold Pressed Coconut Oil 500mg Capsules,899.0,499,44.0,6.0,4
Phab Choco Fudge & Peanut Butter 5g Protein Energy Bars (Pac...,1200.0,600,25.0,1.0,5
Vitabiotics Kidicare Plus Multivitamin Syrup,190.0,158,17.0,1.0,1
myDaily PCOS Balance Powder - Belgian Chocolate,1200.0,1499,25.0,9.0,4
Bliss Of Earth Whole Dried American Blueberries,1200.0,625,25.0,5.0,5
CULT Skipping Rope - with weights-Black,599.0,365,39.0,9.0,4
Megagrow Mass Gainer Whey Protein Powder - Banana,2000.0,1500,25.0,1.0,5
MyFitFuel Electrolyte Energy Hydration Replenishment - Orang...,429.0,282,34.0,1.0,1
Vegan Greens Plant Based De-Stress Herbs Effervescent Tablet...,499.0,100,80.0,69.0,5
INLIFE L-Arginine 1000mg (60 Veg. Capsules),619.0,399,36.0,4.0,5
HealthyHey Nutrition Multi Vitamin For Men - 13 Vitamins & 1...,1099.0,709,35.0,4.0,5
Kerala Ayurveda Aswagandhadi Lehyam,1200.0,310,25.0,7.0,5
MyFitFuel Poultry Collagen Peptides Type Ii Joint Health +Bi...,1999.0,1409,30.0,62.0,5
Siddhayu Ashwagandha Supports Sexual Health And Stress Relie...,150.0,135,10.0,10.0,4
Ace Blend Daily 20g Plant Protein For Strength & Recovery Wi...,575.0,477,17.0,9.0,4
INLIFE Neuro Nerve Care Supplement 500mg (60 Vegetarian Caps...,749.0,499,33.0,1.0,5
Oziva Daily Protein Activ For Women,1598.0,1399,12.0,280.0,4
"PLIX Ultra Vitality Effervescent for Stamina, Performance & ...",350.0,298,15.0,15.0,4
Oziva Plant Based Sugar Support,899.0,799,11.0,8.0,5
Kerala Ayurveda Agasthyarasayanam,1200.0,135,25.0,2.0,5
Inlife Fenugreek Oil Capsule 500mg Faste &Better Absorption ...,1199.0,599,50.0,9.0,4
Krishna's Herbal & Ayurveda Bael Juice,1200.0,421,25.0,2.0,5
Briyo All Around Men Dietary Capsules,355.0,305,14.0,8.0,5
Nutrabay Pure 100% Whey Protein Concentrate - Unflavoured,5899.0,5545,6.0,18.0,4
"Dr. Morepen Multi Flora Honey, Nmr Tested & No Sugar Adulter...",149.0,134,10.0,38.0,4
Inlife Brahmi Capsules 500mg Bacopa Monnieri Extract,699.0,349,50.0,3.0,5
INLIFE PRE & Prebiotics,619.0,449,27.0,7.0,4
HealthyHey Nutrition Natural Vitamin C Powder - Unflavoured,1069.0,679,36.0,3.0,5
HealthyHey Nutrition Vitamin B2 - Riboflavin - Veg Capsules,979.0,599,39.0,5.0,3
Nutriburst Triple Immunity Gummies - Orange,1200.0,399,25.0,25.0,5
Inlife Fat Burner Weight Management for Men & Women Capsules,879.0,499,43.0,4.0,5
HealthKart Hk Vitals Multivitamin & Multivitamin For Women C...,1200.0,1300,25.0,9.0,4
Bold Care Vibe Intimate Lube & Massage Gel - Strawberry,1200.0,229,25.0,4.0,3
Sheneed 40+ Women’s Multivitamin & Multiminerals Tablets,400.0,248,38.0,1.0,4
Baidyanath Shilajeet Increases Stamina And Sexual Health,205.0,164,20.0,17.0,5
Krishna's Herbal & Ayurveda Blockshunya Juice,1200.0,799,25.0,9.0,4
Undercover Big O Palm Personal Massager For Women,7999.0,4159,48.0,9.0,4
Kerala Ayurveda Yogaraja Gulgulu Tablet,1200.0,170,25.0,1.0,5
MyFitness Peanut Butter - Natural Smooth,1200.0,649,25.0,4.0,4
Strauss Tummy Twister (White-Orange),1049.0,739,30.0,9.0,4
Miduty Palak Notes Ultimate Defence Tablets - Blueberry Flav...,1200.0,560,25.0,9.0,5
"Gritzo Supermilk Growth+ Unsweetened (10–12Y Girls), 12G Pro...",1200.0,899,25.0,1.0,5
The Body Care Sinful Chocolate Body Massage Oil,1200.0,525,25.0,8.0,4
HealthyHey Nutrition Aloe Vera Extract - Natural & Vegan Veg...,979.0,499,49.0,9.0,4
Nutrabay Ragex Pre Workout Supplement Powder Orange Flavour,1200.0,49,25.0,9.0,4
Bold Care Extend Topical Spray + 404 Ultra Thin Bubblegum Fl...,1200.0,529,25.0,9.0,4
"MyFitFuel Elite Prozymes Whey Protein Isolate, Hydrolyzed & ...",1999.0,1499,25.0,9.0,4
CULT Resistance Band for Stretching and Gym Workout Stretch ...,1599.0,560,65.0,9.0,4
Gritzo Supermilk Growth+ (10-12Y Girl) (Double Chocolate) & ...,1648.0,1418,14.0,9.0,4
Oziva Plant Based Biotin Xtra With Keratin Builder For Hair ...,1398.0,1299,7.0,894.0,4
Jiva Ayurveda Pain Calm Balm,1200.0,120,25.0,17.0,4
Kerala Ayurveda Iogen Syrup,1200.0,180,25.0,11.0,5
"HealthKart HK Vitals Skin Radiance Collagen Powder, Watermel...",988.0,824,17.0,11.0,4
Oziva Hair Re-growth and Hair Fall Reduction Routine (Plant ...,1198.0,1049,12.0,1100.0,4
Gritzo Supermilk Overall Growth 9G Protein Powder - Double C...,1200.0,799,25.0,9.0,4
HealthyHey Nutrition Melatonin 3mg - Veg Capsules,979.0,499,49.0,4.0,5
INLIFE Noni Juice Concentrate with Garcinia Cambogia (1 Ltr),1200.0,939,25.0,5.0,5
Tea Treasure Tropical Hibiscus Green Tea,1200.0,230,25.0,51.0,4
Bliss Of Earth Certified Organic Flax Seed Oil,1200.0,725,25.0,3.0,5
Bold Care Topical Delay Spray + Ultra Thin Variety Pack Comb...,1200.0,1048,25.0,9.0,4
Vlado's Himalayan Organics Ashwagandha Gold Plus Capsules,898.0,835,7.0,1.0,5
MyFitFuel Hydrolyzed Bovine Collagen - Chocolate,709.0,560,21.0,122.0,5
Inlife Turmeric Curcumin Tablets,1069.0,699,35.0,9.0,4
CULT Yoga Mat Eva 5Mm Sage Green With Strap,1299.0,455,65.0,9.0,4
MYPRO SPORT NUTRITION Plant Based Vitamin B12 Gummies - Stra...,599.0,349,42.0,4.0,5
Radhikas Hormonal Balance Blooming Big Bud Tisane - A Tea Th...,1200.0,750,25.0,9.0,4
Puma Orbita Play Premier League Thrill Football - White,1200.0,1999,25.0,9.0,4
Inlife Hydrolyzed Marine Collagen Tripeptides Supplement - O...,1069.0,849,21.0,1.0,1
By Nature Coconut Flour,1200.0,210,25.0,2.0,4
INLIFE Multivitamins & Minerals For Women 60 Capsules,619.0,449,27.0,44.0,5
Bonayu Multivitamin For Beautiful Hair Skin & Nails With Bio...,694.0,479,31.0,1.0,1
Krishna's Herbal & Ayurveda Giloy Juice,1200.0,318,25.0,2.0,3
Setu Plant Protein + Veg Collagen 24G Protein Sachets - Mari...,900.0,729,19.0,9.0,4
MuscleBlaze Pre Workout Wrathx - Fruit Fury,1849.0,1399,24.0,2.0,3
Dr. Odin Tennis Elbow Brace AT 01,325.0,280,14.0,9.0,4
Nivia Football Shining Star 2022 (Size-5),1200.0,1280,25.0,9.0,4
Nutrabay Foods Natural Peanut Butter Unsweetened - Crunchy,499.0,329,34.0,1.0,5
NAKPRO Hydro Whey Protein Hydrolyzed Supplement Powder - Cho...,4800.0,2400,50.0,1.0,5
Nejo Feeding Bra Non Padded With Removable Pads - Pink,799.0,631,21.0,3.0,4
HealthyHey Nutrition Fish Collagen Peptides With Hyaluronic ...,2219.0,1879,15.0,3.0,5
Nutriorg Certified Organic Sesame Oil,1200.0,330,25.0,30.0,4
HealthyHey Nutrition Boswellia Serrata Extract - Veg Capsule...,1509.0,709,53.0,2.0,3
Krishna's Herbal & Ayurveda Wheatgrass Powder,1200.0,375,25.0,9.0,4
"Vegan Greens Natural Biotin 10,000+ mcg Sesbania Extract + H...",1329.0,899,32.0,1902.0,5
Gritzo Supermilk Overall Growth (13+ Y Girls)(Double Chocola...,1338.0,1249,7.0,1.0,1
Mars By GHC Surge Max with Shilajit & Ashwagandha (60 Capsul...,999.0,499,50.0,17.0,4
Dr. Vaidya's Herboslim Tablet - Pack Of 3,1200.0,750,25.0,1.0,5
Saffrn Anti Stretch Marks Oil,899.0,490,45.0,4.0,5
Vesca Calcium Citrate Capsules,1200.0,799,25.0,1.0,5
IRWINGS Elastoderm Advanced Stretch Marks Cream,660.0,495,25.0,1.0,5
Tea Treasure Super Mint Tea,1200.0,420,25.0,4.0,5
Wild Oak Melatonin Free Non-Addictive Sleeping Pills,899.0,548,39.0,4.0,4
Inlife Keto Slimming Supplement for Men and Women 90 Vegetar...,1200.0,929,25.0,14.0,3
Inlife Flaxseed Oil 1000mg Softgels Omega 3 6 9 from Extra V...,699.0,449,36.0,8.0,4
Inner Sense Organic Antimicrobial Soft Cup feeding Bra - Nud...,797.0,677,15.0,9.0,4
Nutrabay Pro Active Multivitamin Tablets for Men,879.0,475,46.0,2.0,3
"MyFitFuel Pre-Workout 6000 Caffeine Free (5.35G Aminos, +8 M...",1339.0,822,39.0,19.0,5
Inlife Grape Seed Extract 400mg Capsules,1399.0,749,46.0,9.0,4
Krishna's Herbal & Ayurveda Shilajit Gold Plus Resin,1200.0,1799,25.0,9.0,4
Undercover Water Based Intimate Lube - Chocolate,999.0,350,65.0,9.0,4
"Briyo H2Lyte Electrolyte Drink, Vitamins & Amino Acid, Low S...",605.0,484,20.0,9.0,4
BODYOPS Curcumin 700mg Capsules,599.0,419,30.0,9.0,4
Nutrabay Gold L-Arginine Powder - Lemon,499.0,299,40.0,3.0,4
Nourish Vitals Neem Capsules - Pure Herbs - 500mg Neem Extra...,898.0,593,34.0,9.0,4
Vesca Chelated Magnesium Triple Complex Tablets,1200.0,699,25.0,5.0,4
Inlife Milk Thistle 80% Silymarin Liver Cleanse Detox Suppor...,1329.0,729,45.0,5.0,4
"Undercover Altura Bullet, Big O Palm, And Solo Flight Rabbit...",14999.0,8249,45.0,9.0,4
MYPRO SPORT NUTRITION BPA-Free 100% Leak Proof Tornado Blend...,999.0,219,78.0,48.0,4
Vlado's Himalayan Organics Plant-Based Vitamin B1 Rich In An...,872.0,750,14.0,9.0,4
HealthKart HK Vitals Skin Radiance Collagen - Orange & Prote...,1678.0,1498,11.0,9.0,4
Baidyanath Musli Pak Increase Women'S Fertility,245.0,221,10.0,4.0,5
Karma Kettle Stone Ground Japanese Match Green Tea Powder,1200.0,650,25.0,9.0,4
CULT Duffle Bag With Shoe Compartment,1499.0,525,65.0,9.0,4
"Plix 500mg Shilajit Effervescent Tablets Orange, Improves St...",350.0,291,17.0,5.0,4
TGL Co. Miracle Mint Herbal Tea Bags Refreshing Aroma of Pep...,1200.0,349,25.0,2.0,5
Mom & World Baby Nourishing Oil For Baby Massage,649.0,552,15.0,35.0,5
Dr. Odin Sleeve Ankle And Foot Binder AF 03,780.0,640,18.0,1.0,5
"HealthKart Ashwagandha, 60 Tablets",1200.0,599,25.0,8.0,4
"Strauss Rubber Anti-Burst Gym Ball, Round Shape, 85 cm (Blue...",1609.0,1461,9.0,1.0,4
Ace Blend Daily 20g Plant Protein For Strength & Recovery Wi...,1725.0,1380,20.0,9.0,4
Gritzo SuperMilk Growth+ (Formerly Height+) (13+y Boys & Gir...,1798.0,1649,8.0,9.0,4
Sorich Organics Raw Chia Seeds,1200.0,659,25.0,639.0,4
Axiom Bhoomi Amla Juice,1200.0,600,25.0,1.0,5
Morph Maternity Pack Of 2 Leak-Proof Sleep Nursing Bras - Nu...,1200.0,1790,25.0,10.0,4
Praakritik Himalayan Pink Salt Natural,300.0,210,30.0,5.0,5
Bliss Of Earth Pakistan Himalayan Pink Salt Granules,1200.0,390,25.0,2.0,4
Nivia Football Vega (Size-5),1200.0,1049,25.0,9.0,4
Sorich Organics 5 In One Seeds Mix,1200.0,245,25.0,1.0,5
Phab Strawberries & Greek Yogurt 11g Protein Bars (Pack of 6...,1200.0,450,25.0,2.0,5
Bold Care 404 All-In-One Multi-Flavour Condoms - Pack Of 3,1200.0,597,25.0,2.0,5
INLIFE Flax Seed Extra Virgin Cold Pressed Oil (60 Liquid Fi...,499.0,349,30.0,20.0,4
MyFitFuel Hyaluronic Acid 100mg for Skin Hair & Nails,859.0,565,34.0,11.0,5
Vitabiotics Liveril Suspension With Silymarin Extract,346.0,311,10.0,9.0,4
Axiom Triphla Aloevera Juice - Pack of 2,1200.0,360,25.0,9.0,4
MuscleBlaze Peanut Butter With Added Omega - Crunchy,429.0,415,3.0,41.0,5
Karma Kettle Matcha Green Tea Powder With Lemongrass & Ginge...,1200.0,650,25.0,9.0,4
Vitabiotics Caripaya Tablets With Papaya Leaf,565.0,469,17.0,9.0,4
Karma Kettle Matcha Green Tea Powder With Turmeric & Moringa,1200.0,650,25.0,2.0,5
Undercover Water Based Intimate Lubes - Tingling & Strawberr...,1998.0,699,65.0,9.0,4
Plix Glowy Skin Bubbly 600MG Glutathione Effervescent Tablet...,2640.0,2165,18.0,9.0,4
MYPRO SPORT NUTRITION New Instant Energy Drink Powder For Me...,799.0,449,44.0,9.0,4
Nutrabay Gold Isolate Whey Protein Powder - Malai Kulfi,10399.0,9047,13.0,9.0,4
Sheneed Calcium & Vit-D Supplement For Women,800.0,400,50.0,30.0,3
Undercover Water Based Intimate Lubes - Vanilla & Aloe Vera ...,1998.0,699,65.0,9.0,4
Krishna's Herbal & Ayurveda Nourilact Granules,1200.0,349,25.0,9.0,4
Pee Safe Toilet Seat Sanitizer Spray - Pack Of 3,1200.0,540,25.0,879.0,5
Dr. Odin Dual Head Stethoscope With Extra Diaphgram And Ear ...,1700.0,935,45.0,2.0,5
Setu Skin Renew Sample Pack Gluta Fizz Mixed Berry,300.0,222,26.0,1.0,5
"MuscleBlaze Pre Workout 200 Xtreme (Fruit Punch, 100 g) & Cr...",1298.0,1129,13.0,6.0,5
Inlife Green Tea Extract 500mg for Weight Loss Herbal Supple...,639.0,399,38.0,3.0,2
Baidyanath Arshoghani Bati - Pack Of 2,346.0,312,10.0,28.0,5
Gritzo Supermilk Growth+(13+Y Girls) (Cafe Mocha) With Iron ...,1698.0,1458,14.0,9.0,4
Sorich Organics Thandai Mix,1200.0,599,25.0,5.0,4
"Auric Get Slim Effervescent- Power of Green Coffee, Green Te...",890.0,552,38.0,6.0,5
Healthy Treat Roasted Flax Seed - Ajwain Jeera - Pack Of 5,1200.0,490,25.0,6.0,5
Dr. Odin Oval Shape Orthopaedic Cool Pad For Quick Relief,499.0,349,30.0,1.0,4
Tea Treasure Jasmine White Tea,1200.0,700,25.0,1.0,5
Nutriorg USDA Certified Organic Steel Cut Oats,1200.0,399,25.0,5.0,5
HealthSense Posture Corrector For Men PC-860,1200.0,2000,25.0,4.0,5
Gritzo Supermilk Daily Nutrition 6G Protein Powder - Creamy ...,1200.0,379,25.0,9.0,4
Vitabiotics Jointace Trio Capsules,840.0,764,9.0,1.0,5
Baidyanath Meri Sakhi For General well being of a woman,495.0,446,10.0,4.0,5
NAKPRO Perform Whey Protein Concentrate Supplement Powder - ...,3600.0,1800,50.0,5.0,5
Kerala Ayurveda Daily Hair Care Ritual Pack,1200.0,700,25.0,770.0,4
TGL Co. Breakfast Fusion A Blend of Arabica and Robusta Coff...,1200.0,249,25.0,9.0,4
Wellbeing Nutrition Ageless Essentials Combo,3798.0,3228,15.0,1822.0,4
MuscleBlaze Raw Whey with Mb Vite Tablets- unflavoured,1200.0,2998,25.0,6.0,5
Sonari Tinycare Women's Maternity Bra - Nude,1200.0,475,25.0,13.0,5
Inlife Vitamin D3 600IU Cholecalciferol Supplement With Coco...,489.0,399,18.0,2.0,3
"MyFitFuel Calcium 1000Mg (60 Tablets)+ Vitamin D3, K2 (Mk7),...",449.0,282,37.0,1.0,3
MuscleBlaze Pre Workout Wrathx Pump - Citrus Blast,2669.0,1929,28.0,9.0,4
What's Up Wellness Beauty Marine Titagen Collagen Powder Typ...,1999.0,1425,29.0,2.0,3
Plix Probiotics+ ACV Apple Cider Vinegar Effervescent Tablet...,1200.0,936,22.0,2.0,3
Bliss Of Earth Certified Organic Cumin Seed (Jeera),1200.0,385,25.0,7.0,5
NAKPRO Whey Hydro Protein Supplement Powder - Double Rich Ch...,4800.0,2400,50.0,1.0,5
NAKPRO L-Glutamine Amino Acid Supplement Powder Jar - Fruit ...,1020.0,520,49.0,9.0,4
Skore Nothing - Strawberry,150.0,126,16.0,11.0,5
"MYPRO SPORT NUTRITION Mypro Nutrition Biotin 10,000 mcg Beau...",888.0,349,61.0,27.0,5
MyFitFuel Creatine Monohydrate 200 Mesh Mango,1149.0,633,45.0,32.0,4
MyFitFuel Hydrolyzed Marine Collagen - Chocolate,999.0,574,42.0,113.0,5
Swisse Ultiboost Men's Endurance Boost Tablets,1200.0,1149,25.0,1.0,1
INLIFE Alpha Lipoic Acid 300mg (60 Veg. Capsules),1069.0,699,35.0,1.0,5
Everpure Life Hydrolyzed Marine Collagen Peptides Skin And B...,1200.0,2500,25.0,9.0,4
Axiom Sugar Cure Juice,1200.0,340,25.0,1.0,5
TGL Co. Sweet Dreams Tea Bags Improve Sleep Relives Stress A...,1200.0,399,25.0,17.0,5
Nature Spell Honey Treatment Oil For Hair & Body,1200.0,800,25.0,1.0,5
Gritzo SuperMilk Growth+ (Formerly Height+) (13+y Boys) Doub...,1388.0,1299,6.0,1.0,4
HealthyHey Nutrition Neem Leaf Extract - Veg Capsules,979.0,499,49.0,1.0,5
Vitabiotics Cofaid Liquid Cough Formula With Excellent flavo...,117.0,97,17.0,2.0,5
HealthyHey Nutrition L - Leucine - Capsules,1069.0,549,49.0,1.0,5
Wellbeing Nutrition Radiant Skin Essentials Combo,3398.0,2888,15.0,638.0,4
Vitabiotics Ovacare Tablets With L-Arginine,369.0,351,5.0,3.0,4
Tego Stance Reversible 6 mm Yoga Mat with GuildAlign (With B...,3599.0,3059,15.0,9.0,4
Nutrabay Ragex Pre Workout Supplement Powder - Orange Flavou...,749.0,562,25.0,9.0,4
Vlado's Himalayan Organics Plant Based Zinc with Vitamin C |...,1795.0,862,52.0,5.0,4
Krishna's Herbal & Ayurveda Triphala Juice,1200.0,281,25.0,7.0,4
BODYOPS Magnesium 340mg Capsules,698.0,489,30.0,9.0,4
"Auric Tender Coconut Water- No Added Sugar, Not From Concent...",1620.0,1183,27.0,2.0,5
Nature Spell S-Resilience Stretch Marks Oil,1200.0,800,25.0,1.0,5
Plix Kids Supertots Multivitamin Gummies - Pulpy Mango (Pack...,1200.0,840,30.0,9.0,4
"Online Quality Store Flax Seeds, Chia Seeds & Pumpkin Seeds ...",1200.0,235,25.0,17.0,5
TGL Co. Breakfast Fusion A Blend of Arabica and Robusta Fren...,1200.0,249,25.0,2.0,3
INLIFE Glucosamine Sulphate MSM- Calcium Vitamin D3,799.0,499,37.0,3.0,3
Axiom Aloevera Amla Juice - Pack of 2,1200.0,600,25.0,9.0,4
Gritzo Supermilk Growth+(10-12Y Girl) (Creamy Vanilla) & Iro...,1648.0,1418,14.0,9.0,4
SandPuppy Shape Waist Trainer Corset,1200.0,1499,25.0,25.0,3
Online Quality Store Watermelon Seeds to Improve Heart Healt...,1200.0,140,25.0,9.0,5
MYPRO SPORT NUTRITION Daily Protein Shake For Men & Women - ...,1099.0,499,55.0,6.0,5
Dr. Odin Calf Wrap Neoprene NLC01,800.0,400,50.0,9.0,4
Bliss Of Earth Certified Organic Pomegranate Peel Powder,1200.0,375,25.0,3.0,4
Timex iConnect Gen Smartwatch|2.01 inch TFT Display with 240...,5495.0,2473,55.0,9.0,4
Inlife Japanese Collagen Supplements for Women & Men - Blueb...,1329.0,849,36.0,7.0,4
Oziva Glowing Skin Routine (Plant Based Collagen Builder + I...,1408.0,1299,8.0,5464.0,4
Wellman 70+ UK's No.1 Multivitamin for Men above 70 (Pumpkin...,1200.0,420,25.0,11.0,4
Vlado's Himalayan Organics Zinc Citrate Capsules,851.0,740,13.0,1.0,5
Venihea Hulk Full Body Personal Massager - Spicy Pink,1200.0,2499,25.0,2.0,3
Fast&Up Magnesium +Zinc Nutraceutical Tablets - Lime & Lemon...,730.0,534,27.0,22.0,4
Vlado's Himalayan Organics Vlado's Grape Seed Extract 500mg ...,1244.0,921,26.0,9.0,4
Gritzo Supermilk Growth+ Double Chocolate For 13+Y Girls Wit...,1698.0,1548,9.0,1.0,5
Baidyanath Guduchyadi Ghan Boost Immunity,330.0,297,10.0,9.0,4
Wellbeing Nutrition Beauty Boosters Duo Combo,3398.0,2888,15.0,982.0,4
Rejuvenating UBTAN Rosemary Pure Essential Bath & Body Oil,1200.0,395,25.0,2.0,5
Ace Blend Intense 30g Plant Protein For Muscle Growth & Reco...,700.0,581,17.0,9.0,4
Auric Skin Rediance 04 Ancient Herbs Tablets,623.0,523,16.0,9.0,4
MYPRO SPORT NUTRITION Hyaluronic Acid & Glutathione Gummies ...,899.0,349,61.0,9.0,4
Tea Treasure Berry Blast Fruit Tea,1200.0,395,25.0,7.0,4
NatXtra Super Fruit Amla-CZ Capsules,1200.0,745,25.0,9.0,4
MyFitFuel Advance MFF 100% Whey Protein - Chocolate Fudge,3299.0,1641,50.0,270.0,5
Inlife Japanese Collagen Supplements for Women & Men - Straw...,1329.0,849,36.0,6.0,5
NatXtra Biotin Active+ Helps to Maintain Healthy Hair & Grow...,1200.0,1800,25.0,9.0,4
CULT Yoga Mat Tpe 6Mm Peach With Strap And Bag,3199.0,1600,50.0,9.0,4
What's Up Wellness Gut Health Gummies with Pre & Probiotic P...,2398.0,1649,31.0,9.0,4
Bliss Of Earth Organic Wheat Grass Powder,1200.0,440,25.0,1.0,3
Nutrabay Pure Concentrate Whey Protein Powder - Unflavoured,11899.0,10828,9.0,9.0,4
Bold Care Extend Topical Spray + 404 Variety Pack Condoms Co...,1200.0,579,25.0,9.0,4
Praakritik Organic Sunflower Seeds,390.0,332,15.0,9.0,4
CULT Yoga Mat Unisex Eva Dual Color Lavender/ Grey 6Mm With ...,1899.0,570,70.0,9.0,4
CULT Yoga Mat Unisex Tpe Dual Color Wine/ Black 6Mm With Bag...,3199.0,800,75.0,9.0,4
Merit Vco Extra Virgin Coconut Hair & Skin Oil - Pack of 2,1200.0,1098,25.0,1372.0,5
Baidyanath Amritarishta Immunity Tonic,105.0,95,10.0,3.0,4
TGL Co. Signature Instant Filter Coffee Taste Powder Boost E...,1200.0,399,25.0,5.0,4
HealthyHey Nutrition Acetyl L - Carnitine Capsules,1329.0,599,55.0,9.0,4
Auric Skin Rediance 04 Ancient Herbs Tablets - Pack Of 4,2492.0,1869,25.0,9.0,4
Auric Ancient Herbs Hair Boost Tablets,623.0,523,16.0,9.0,4
Neulife (Vitrovea) Pre + Probiotics Supplement 30billion 14 ...,1200.0,699,25.0,1.0,5
Praakritik Organic Poha,240.0,216,10.0,2.0,5
NAKPRO Gold Mass Gainer Powder - Coffee,1400.0,700,50.0,9.0,4
TNW The Natural Wash Virgin Almond Oil With Virgin Coconut O...,948.0,569,40.0,2022.0,4
MuscleBlaze Biozyme Performance Whey Protein - Chocolate Pea...,6699.0,6399,4.0,2.0,5
Axiom Patharchur Juice - Pack of 2,1200.0,500,25.0,2.0,5
"Gritzo Supermilk Growth+, 10G Protein Double Chocolate 7 -12...",1648.0,1498,9.0,9.0,4
"Cureveda Herbal Stress Shield Tablets- Support For Stress, F...",1395.0,1018,27.0,1.0,5
Auric Ancient Herbs Hair Boost Tablets - Pack Of 3,1869.0,1458,22.0,9.0,4
MyFitFuel Daily Protein Shake Whey Protein & Casein Blend - ...,1289.0,838,35.0,261.0,5
Online Quality Store Immunity Booster Tea,246.0,239,3.0,10.0,5
Tea Treasure 28 Days Detox With Garcinia Combogia And Oolong...,1200.0,550,25.0,18.0,4
Gritzo Supermilk Iron Man Growth+ 13G Protein For 13+Y Boy W...,2048.0,1948,5.0,9.0,4
Kapiva Ayurveda Aloe Vera Skin Gel + Aloe Vera Juice,1200.0,730,25.0,2584.0,4
Open Secret Celebrations Cookies Gift Box,1200.0,350,25.0,9.0,4
Baidyanath Kesari Shakti Kalp,394.0,284,28.0,21.0,4
Deve Herbes Feel Happy & Positive Aromatherapy Essential Oil...,319.0,313,2.0,9.0,4
MuscleBlaze Biozyme Daily Multivitamin & Omega 3 Fish Oil Go...,2648.0,1959,26.0,16.0,5
TGL Co. Kashmiri Saffron KahwaGreen Tea Bags Enhance Digesti...,1200.0,449,25.0,2.0,5
Nutriorg Giloy With Neem Tulsi Juice,1200.0,349,25.0,5.0,4
Wellbeing Nutrition Youthful Radiance Combo,3398.0,2888,15.0,438.0,4
Sorich Organics Sports Mix,1200.0,375,25.0,9.0,4
Puma Moulded Basketball V1,1499.0,1199,20.0,9.0,4
Dr. Odin KC01 Knee Cap Small,550.0,380,31.0,9.0,4
Inlife Garcinia Cambogia 1200mg Weight Loss for Women & Men ...,639.0,399,38.0,10.0,4
Puma TR SHAKER Waterbottle,1299.0,520,60.0,9.0,4
Buff Unisex Black Polyester Ecostretch Balaclava Solid,1200.0,2499,25.0,9.0,4
NAKPRO Gold 100% Whey Protein Concentrate Supplement Powder ...,4600.0,2300,50.0,10.0,4
Healthy Treat Roasted Pumpkin Seeds - Peri Peri - Pack Of 2,1200.0,392,25.0,1.0,4
Origin Nutrition 100% Natural Vegan Plant Protein Powder - S...,1200.0,889,25.0,2.0,5
MyFitFuel Natural Vitamin C Amla Extract + Zinc Plant Based ...,729.0,501,31.0,18.0,5
Krishna's Herbal & Ayurveda Jamun Juice,1200.0,187,25.0,9.0,4
Sorich Organics Women'S Health Mix,1200.0,375,25.0,9.0,4
Plix The Plant Fix ACV Hot Brew Cinnamon Effervescent Tablet...,2800.0,1904,32.0,9.0,4
Baidyanath Arjunarishta Maintain Blood Pressure - Pack Of 2,390.0,332,15.0,18.0,4
SheNeed Maximum UTI Pain Relief,509.0,209,59.0,4.0,4
Kerala Ayurveda Dhanwantharam Pills,1200.0,140,25.0,2.0,5
"myDaily PCOS Balance For Hormonal Balance, Periods & Skin Bi...",1200.0,1499,25.0,13.0,5
HealthKart HK Vitals Multivitamin Women + Fish Oil + biotin ...,1200.0,1657,25.0,19.0,4
Puma Dunked In Florals Basketball (6),1999.0,1299,35.0,1.0,5
Bold Care 404 Super Ultra Thin Chocolate & Strawberry Flavor...,1200.0,398,25.0,3.0,3
Baidyanath Gandhak Rasayan Helathy Skin - Pack Of 2,210.0,168,20.0,16.0,4
What's Up Wellness Gut Health Gummies with Pre & Probiotic P...,3597.0,2299,36.0,9.0,4
Tea Treasure Super Tulsi Green Tea,1200.0,199,25.0,3.0,5
NatXtra Curcumin & Boswellia Helps to Reduce Joint Pain Caps...,1200.0,1800,25.0,9.0,4
Body Smith Black Silicone Gym Hand Grips (Pack of 2),1599.0,448,72.0,9.0,4
Phab Assorted Flavours 18g Protein Milkshakes (Pack of 12),1200.0,1620,25.0,9.0,4
Bold Care Extend Topical Spray + 404 All in One Flavours Con...,1200.0,529,25.0,9.0,4
"MyFitFuel Citrulline Malate (100% Pure, No Other Ingredient)...",1149.0,633,45.0,2.0,5
Sorich Organics Chamomile Flower Herbal Tea,1200.0,290,25.0,32.0,4
CULT Unisex Round Hand Gripper - Black,1499.0,1004,33.0,9.0,4
TGL Co. Lemon DetoxGreen Tea Bags Suits in Digestion Relieve...,1200.0,549,25.0,6.0,5
Baidyanath Lohasav Increases hemoglobin levels - Pack Of 2,200.0,180,10.0,26.0,5
Axiom Wheat Grass Juice - Pack of 2,1200.0,500,25.0,1.0,5
Krishna's Herbal & Ayurveda BPSOLV Juice,1200.0,549,25.0,9.0,4
MsChief Trill Premium Bullet Massager Extra Length 3 Speeds ...,2999.0,2309,23.0,9.0,4
Optimum Nutrition (ON) Serious Mass Chocolate and ON Microni...,2058.0,1688,18.0,396.0,4
"Strauss Yoga Mat Floral, 8 mm (Purple)",1699.0,1399,18.0,1.0,5
"Inlife Plant Protein Powder - Pea, Quinoa & Brown Rice - 25g...",2489.0,1449,42.0,9.0,4
Gritzo Supermilk Growth+ Double Chocolate For 10 -12Y Girls ...,1598.0,1448,9.0,9.0,4
Karma Kettle Matcha Green Tea Powder - Vanilla Flavor,1200.0,650,25.0,4.0,5
Omtex Swing Ball-White Green (2.5 cm),499.0,349,30.0,9.0,4
Nutrabay Creafizz Effervescent Powder - Orange Flavour (15 S...,529.0,402,24.0,9.0,4
Gritzo SuperMilk Growth+(Formerly Height+)(7-12y Boys) Doubl...,2088.0,1949,7.0,9.0,4
HealthSense HealthU+ Smart Bluetooth Weighing Scale With Hea...,1200.0,3500,25.0,9.0,4
Briyo Briyomin B-Plus Folic Acid 5mg & Vitamin B12 750 mcg T...,335.0,255,24.0,5.0,5
Dr. Odin LS Belt LS 01,1100.0,682,38.0,9.0,4
Bliss Of Earth Certified Organic Giloy Powder,1200.0,365,25.0,9.0,4
MyFitFuel Performance Caffeine 200mg,569.0,376,34.0,30.0,5
Tea Treasure Lemon Tulsi Green Tea,1200.0,230,25.0,2.0,5
CULT Unisex 6 mm TPE Perfume Mat - Wine,3499.0,1295,63.0,9.0,4
Open Secret Unjunked Bhujia - Pack Of 3,1200.0,375,25.0,9.0,4
Inner Sense Organic Antimicrobial Sleeping/Feeding Bra Pack ...,2391.0,2104,12.0,2.0,4
Vesca Biotin 10000mcg Capsules,1200.0,498,25.0,4.0,5
Bliss Of Earth Certified Organic Carom Seed (Ajwain),1200.0,385,25.0,2.0,3
Bliss Of Earth Naturally Organic White Unpolished Sesame See...,1200.0,210,25.0,3.0,5
TGL Co. Happy Belly Green Tea - Tea Bags Help Digestion Cont...,1200.0,399,25.0,1.0,5
MuscleTech MassTech Extreme 2000 Triple Chocolate Brownie,1200.0,4999,25.0,9.0,4
Inlife Whey Protein Powder For Women - Chocolate,2299.0,1972,14.0,10.0,5
Nature's Island Pea Protein Isolate - Unflavoured,2499.0,1799,28.0,9.0,4
Inlife Coenzyme Q10 with Bioperine (Piperine Extract) Supple...,1200.0,1499,25.0,3.0,5
Onelife BCAA 6000mg Flavour Blueberry,1200.0,1749,25.0,9.0,4
Inlife Apple Cider Vinegar With Mother Vinegar for Weight Ma...,469.0,399,15.0,5.0,4
Inlife Multivitamin Tablets for Women,619.0,399,36.0,1.0,5
CULT Yoga Mat Tpe 8Mm Dark Grey With Strap And Bag,3499.0,910,74.0,9.0,4
Bliss Of Earth Surya Tapi Pure Himalayan Shilajit,1200.0,2450,25.0,1.0,5
Tea Treasure Berry Blast Fruit Tea,1200.0,199,25.0,11.0,5
Fast&Up Plant Protein Isolate - Chocolate,3499.0,2134,39.0,4.0,4
Nutrabay Gold 100% Whey Protein Isolate - Cafe Mocha,1200.0,2699,25.0,2.0,5
Speedo Unisex Adult Biofuse Textured Pad Nose Clip - Blue & ...,1200.0,899,25.0,9.0,4
Strauss Spider Shaker Bottle 500 ml (Green),699.0,449,36.0,2.0,5
TGL Co. Breakfast Fusion A Blend of Arabica and Robusta Espr...,1200.0,249,25.0,2.0,5
Sheneed Boron Supplements - Better Muscle Coordination & Mai...,800.0,440,45.0,10.0,4
HealthVit L-Arginine 1000 Mg 60 Tablets,1200.0,1100,25.0,9.0,4
Baidyanath Erand Pak Improve Digestion - Pack Of 2,320.0,288,10.0,9.0,4
Nutrabay Ragex Pre Workout Supplement Powder - Cola Flavour ...,749.0,562,25.0,9.0,4
NAKPRO Hydro Whey Protein Hydrolyzed Supplement Powder - Str...,4800.0,2400,50.0,2.0,5
The Biohackers Co. MetaFire Capsules,1200.0,1450,25.0,9.0,4
Tea Treasure Oolong Darjeeling Tea,1200.0,249,25.0,2.0,5
HealthKart HK Vitals Glutathione With Vitamin C Effervescent...,1518.0,1299,14.0,1.0,1
Open Secret Nuts - Orange Cocoa Almonds,1200.0,325,25.0,1.0,5
Baidyanath Ashokarishta Asava For Healthy Menstrual Cycle - ...,210.0,189,10.0,34.0,4
Tea Treasure Lemon Tulsi Green Tea,1200.0,199,25.0,16.0,4
Morpheme Remedies Phyllanthus Niruri (Bhumyamlaki) Chanca Pi...,1200.0,349,25.0,1.0,5
HealthyHey Nutrition Panax Ginseng - Veg Capsules,1599.0,809,49.0,9.0,4
CULT Yoga Wheel Blue Double Colour,1999.0,900,55.0,9.0,4
"Immunace Forte Lycopene Plus with Vitamin C, Zinc And Selemi...",550.0,517,6.0,9.0,4
CULT Unisex Yoga Bag Up to 6 mm - Navy,799.0,400,50.0,9.0,4
Strauss Yoga Resistance Bands (Pack of 3),1349.0,1062,21.0,9.0,4
Vlado's Himalayan Organics Karela Jamun Diacare Juice,1123.0,449,60.0,9.0,4
NatXtra Green Tea Slim & Detox Capsules,1200.0,1075,25.0,1.0,1
"Radhikas Purifying Earl Grey Tea, Certified Organic, Cold & ...",1200.0,250,25.0,9.0,4
Vegan Greens Apple Cider Vinegar Effervescent Tablets - Lemo...,1429.0,899,37.0,7.0,4
MYPRO SPORT NUTRITION Apple Cider Vinegar Gummies - Apple,599.0,349,42.0,2.0,3
Tea Treasure 28 Days Detox With Garcinia Combogia And Oolong,1200.0,199,25.0,13.0,4
CULT Unisex Wrist Wrap 19 Inch - Grey,749.0,464,38.0,9.0,4
Kerala Ayurveda Imugest Pack of 10,1200.0,500,25.0,1.0,4
Sorich Organics Lemongrass Green Tea,1200.0,190,25.0,86.0,5
Wellbeing Nutrition Glow Boost Combo,3798.0,3228,15.0,2366.0,4
Cureveda - Gold Turmeric Defence 30 Sachets,895.0,806,10.0,9.0,5
"MyFitFuel Eaa Energy+ 9G Eaa, 7.5G Bcaa, 5 Electrolytes, Glu...",1969.0,1358,31.0,19.0,5
Columbia Unisex Blue Tritan Co-Polyester Hydration Water Bot...,1200.0,1699,25.0,1.0,4
"Inlife Fenugreek Fibre Powder Gut Cleanse, Digestive Health ...",889.0,579,35.0,1.0,5
MuscleBlaze Citrulline Malate - Unflavored,849.0,499,41.0,16.0,4
Vegan Greens Women's Plant Protein with Herbs Powder - Choco...,3129.0,2069,34.0,421.0,5
NutritJet Probiotic Supplement 50 Billion Cfu Veg Capsules,1499.0,1199,20.0,9.0,4
HealthyHey Nutrition L - Carnitine& L - Tartrate - Veg Capsu...,1329.0,709,47.0,9.0,4
Vlado's Himalayan Organics Vlado's Plant-Based Vitamin B3 Su...,1207.0,1014,16.0,9.0,4
Vlado's Himalayan Organics Plant-Based Vitamin A Supplement ...,1122.0,853,24.0,9.0,4
Mom & World Mother Nourishing Body Oil,725.0,602,17.0,35.0,4
Plix Life Ashwagandha Supports Sexual Health and Stress Reli...,700.0,567,19.0,8.0,5
Tea Treasure Peace Tea,1200.0,230,25.0,1.0,5
CULT Resistance Band for Stretching Gym Workout Stretch for ...,699.0,245,65.0,9.0,4
Baidyanath Mahanarayan Body Pain Oil - Pack Of 2,360.0,288,20.0,20.0,4
Briyo Coenzyme Q10 200mg Softgels,1100.0,803,27.0,9.0,4
Krishna's Herbal & Ayurveda Karela Jamun Mix Juice,1200.0,281,25.0,6.0,5
Wellbeing Nutrition Restorative Glow Duo Combo,2398.0,2128,11.0,2196.0,4
Timberland Lacandon Strap for Apple/Samsung smart watch 22mm...,3775.0,1888,50.0,9.0,4
Kerala Ayurveda Balakalpam,1200.0,150,25.0,1.0,5
Nutriorg Premium Quality Himalayan Pink Salt (5-8 Mm),1200.0,250,25.0,5.0,4
Strauss Weight-Lifting Gym Belt Waist Support (Black),999.0,759,24.0,4.0,4
Oziva Protein & Herbs Women- Protein With Multivitamin For B...,5958.0,5699,4.0,138.0,4
Leeford Thumb Spica Splint For Arthritis Or Soft Tissue Inju...,300.0,270,10.0,1.0,1
NAKPRO L-Glutamine Amino Acid Supplement Powder - Unflavoure...,830.0,340,59.0,9.0,4
Optimum Nutrition (ON) Serious Mass Chocolate and ON Microni...,4428.0,3818,14.0,342.0,5
Vlado's Himalayan Organics Vitamin D3 5000IU Chewable Tablet...,995.0,438,56.0,9.0,4
Dr. Odin Digital Personal Bathroom Health Body Weighing Scal...,2990.0,2003,33.0,3.0,5
Steadfast NUTRITION L-Carnitine Liquid Supplement Vitamin B5...,2400.0,1704,29.0,9.0,4
Wellbeing Nutrition Skin Brilliance Trio Combo,5997.0,5097,15.0,1392.0,4
SandPuppy Reusable Ankle Ice Pack For Pain Relief - Black,1999.0,880,56.0,9.0,4
"Beautywise Advanced Vegan Collagen Builder For Skin, Hair An...",4598.0,3449,25.0,9.0,4
TGL Co. Mogo MogoGreen Bags Rich in Anti Oxidant Refreshing ...,1200.0,549,25.0,12.0,4
Deve Herbes Peppy Instant Energy Boost Aromatherapy Essentia...,349.0,342,2.0,1.0,5
Baidyanath Lohasav Increases hemoglobin levels - Pack Of 2,370.0,314,15.0,25.0,5
Nutriorg USDA Certified Organic White Sesame Oil,1200.0,330,25.0,13.0,4
Optimum Nutrition Gold Standard 100% Whey Protein (DRC) and ...,6318.0,6017,5.0,828.0,4
Phab Mocha Nut Fudge 21g Protein Bars (Pack of 6),1200.0,810,25.0,9.0,4
Sorich Organics Lemon Tulsi Green Tea,1200.0,380,25.0,19.0,4
Bliss Of Earth Whole Dried Greece Black Currant,1200.0,390,25.0,3.0,5
PLIX KSM-66 AshwagandhaEffervescent Tablets For Sexual Healt...,1200.0,1050,25.0,11.0,5
HealthyHey Nutrition Probiotic Supplement 20 Billion CFU Wit...,2669.0,1285,52.0,1.0,5
Sorich Organics Weight Loss Kadha,1200.0,400,25.0,30.0,4
GNC Herbal Plus Garcinia Cambogia Capsules,1200.0,849,25.0,2.0,5
Cureveda Herbal Digest Elixir For Digestive Health & Acidity,1200.0,395,25.0,9.0,4
Phab Mango Magic 18g Protein Milkshakes (Pack of 12),1200.0,1620,25.0,9.0,4
Leeford Shilajit Tablets,350.0,329,6.0,9.0,4
Nature's Island Hair Vitamins Capsules,649.0,500,23.0,9.0,5
NutritJet Magnesium Citrate Veg Capsules,1299.0,974,25.0,9.0,4
Bliss Of Earth Certified Organic Coriander Seed (Dhaniya),1200.0,260,25.0,1.0,1
TGL Co. Darjeeling Black Tea Bags to Promote Healthy Skin An...,1200.0,399,25.0,1.0,2
"Karma Kettle Karakoram Organic Tea With Lavender, Seabucktho...",1200.0,400,25.0,3.0,5
Tea Treasure Kashmiri Kahwa Green Tea,1200.0,230,25.0,22.0,4
HealthyHey Nutrition L - Glycine - Veg Capsules,1779.0,599,66.0,9.0,4
Tea Treasure Calm Tea,1200.0,230,25.0,1.0,3
Vitabiotics Cinafen Plus Tablets With Cinnamon And Fenugreek...,182.0,173,5.0,9.0,4
Nutriburst Health & Vitality Multivitamin Gummies - Mixed Be...,1200.0,129,25.0,4.0,4
Inner Sense Organic Antimicrobial Soft Feeding Bra with Remo...,1594.0,1514,5.0,2.0,5
Nutriorg Certified Organic Sunflower Oil,1200.0,255,25.0,17.0,5
Onelife Mega One Salmon Omega 3 Double Strength Fish Oil Sof...,1200.0,890,25.0,5.0,3
"MyFitFuel Mff Plant Pea Protein Isolate, Unflavored",2199.0,1279,42.0,4.0,4
"MuscleBlaze Pre Workout Wrathx - With Creapure, Carnosyn, En...",2549.0,2039,20.0,12.0,4
Vlado's Himalayan Organics Pure Ashwagandha Capsules,1295.0,868,33.0,9.0,4
Baidyanath Phalkalyan Ghrita Increase Women's Fertility,310.0,279,10.0,4.0,5
MuscleBlaze Pre Workout 200 Xtreme - Fruit Punch,1199.0,1089,9.0,22.0,5
Undercover Solo Flight Rabbit And Big O Palm Personal Massag...,12999.0,7149,45.0,9.0,4
"INLIFE Cow Colostrum Supplement, 500mg (60 Veg. Capsules)",899.0,499,44.0,5.0,4
Krishna's Herbal & Ayurveda Moringovit Tablet,1200.0,234,25.0,9.0,4
"Fast&Up B-12 + B-complex - Vegan B-12 + B-complex, Usda Orga...",875.0,732,16.0,6.0,5
Gytree The Total Strength Support Calcium + Vitamin D Gummie...,1200.0,799,25.0,9.0,4
Vlado's Himalayan Organics Nitric Oxide Supplement with L- A...,924.0,711,23.0,1.0,5
Inlife Alpha Lipoic Acid 300mg Capsules,1779.0,1149,35.0,9.0,4
Radhikas Anti-Inflammatory Lanka Orange Tea - Tangy Tea For ...,1200.0,550,25.0,9.0,4
Inlife Bioavailable Curcumin Capsules Curcumin Supplement Su...,1699.0,949,44.0,9.0,4
Nutrabay Gold Tri-Blend Whey Protein Powder - Malai Kulfi,1200.0,3699,25.0,9.0,4
Siddhayu Calciactiv Calcium tablet for Women with Algae Calc...,170.0,153,10.0,2.0,5
Nutrabay Pure 100% Bcaa 2:1:1 - Unflavoured,999.0,599,40.0,9.0,4
Oziva Advanced Hair Growth Serum And OZiva Plant Based Bioti...,1948.0,1598,18.0,1914.0,4
Veedaa Candles Midnight Jasmine Reed Diffuser Set,2300.0,1955,15.0,9.0,4
Bold Care Topical Delay Spray + Multi Textured Condoms Combo...,1200.0,1099,25.0,9.0,4
Vitabiotics Liveril Forte With Silymarin Extract Tablets,384.0,361,6.0,2.0,5
Gritzo Supermilk Overall Growth 12G Protein For 13+Y Girls -...,1200.0,1599,25.0,9.0,4
Dr. Odin OHP105 Bed Warmer Double,5100.0,4539,11.0,9.0,4
MuscleBlaze Biozyme Performance Whey Protein - Chocolate Haz...,12999.0,12799,2.0,2.0,5
Core Asana The Acutech Mat- Midnight Blue,1200.0,4000,25.0,9.0,4
"Vlado's Himalayan Organics Alfalfa, Calcium Citrate Malate 1...",994.0,755,24.0,2.0,4
Baidyanath Janm ghunti for Infants,70.0,62,12.0,8.0,4
Nutriburst Japanese Marine Collagen Powder with Bottle - Ora...,1200.0,799,25.0,2.0,5
"Strauss Tummy Twister Ab Exerciser (White, Purple)",909.0,739,19.0,1.0,3
OZiva Advance Hair Nourishment Combo (OZiva Protein & Herbs ...,2128.0,1838,14.0,179.0,4
Giordano Brown Unisex Smart Watch (Medium),12800.0,5120,60.0,1.0,5
Krishna's Herbal & Ayurveda Papaya Leaf Juice,1200.0,421,25.0,4.0,3
CULT Yoga Mat Tpe 6Mm Forest Green With Strap And Bag,3399.0,850,75.0,9.0,4
Morpheme Remedies Safed Musli Capsules For Vigour Health - 5...,999.0,599,40.0,40.0,4
Dr. Odin Waldon By Foam Roller Massager With Wave Pattern Fo...,7910.0,3480,56.0,9.0,4
Bliss Of Earth Certified Organic Dried Ginger Powder,1200.0,385,25.0,1.0,1
Bold Care Ultra Thin Long Last Condoms + Sandalwood Candle +...,1200.0,809,25.0,9.0,4
TGL Co. Signature Instant Filter Coffee Powder (Pack of 2) B...,1200.0,798,25.0,3.0,5
Dr. Odin Elbow Support AE 01,550.0,286,48.0,9.0,4
Nutrabay Wellness Tribulus Terrestris Extract (gokshura) 100...,529.0,302,43.0,3.0,5
"Radhikas Rejuvenating English Breakfast Chai, Certified Orga...",1200.0,300,25.0,2.0,3
Bold Care Vanilla Condoms + Sandalwood Candle + Blindfold Co...,1200.0,708,25.0,9.0,4
Bold Care 404 Extra Dots Condoms (Pack of 10),1200.0,250,25.0,4.0,4
"MyFitFuel Mff Plant Pea Protein Isolate, Strawberry Burst",1309.0,803,39.0,5.0,3
Nutrabay Wellness Curcumin Extract With Piperine 1000mg Caps...,1049.0,629,40.0,1.0,4
Oziva Hair Actives + Shilajit For Men Hair Supplement With L...,1199.0,899,25.0,9.0,4
Open Secret Chocolate Almond Cereals,1200.0,299,25.0,1.0,5
CULT Yoga Mat Unisex Tpe Blue 6Mm Alignment Marking With Bag...,3399.0,850,75.0,9.0,4
Plix Kids Chyawanboost Gummies Immune - Pack Of 3,600.0,450,25.0,9.0,4
NAKPRO Platinum Whey Protein Isolate Supplement Powder - Van...,13800.0,6900,50.0,9.0,4
SandPuppy Neckwrap Electric FIR Heating Pad - Black,4999.0,2000,60.0,3.0,5
Phab Peanut Butter 5g Protein Energy Bars (Pack of 12),1200.0,600,25.0,9.0,4
Deve Herbes Genius Brain Power Booster Aromatherapy Essentia...,349.0,342,2.0,1.0,3
Wellbeing Nutrition Hair & Dream Duo Combo,1200.0,1198,25.0,1677.0,4
Tea Treasure Super Mint Green Tea,1200.0,230,25.0,12.0,5
Inner Sense Women's Full Cup Nursing Bra Pack of 3 - Multi-C...,2391.0,1961,18.0,9.0,4
Oziva Advanced Hair Growth Serum And Oziva Plant Based Bioti...,1948.0,1598,18.0,1914.0,4
NAKPRO Perform Whey Protein Concentrate Supplement Powder - ...,7000.0,3500,50.0,1.0,4
Tea Treasure Berry Blast Tea,1200.0,230,25.0,9.0,3
TGL Co. Green Tea Assortment (1 Pyramid Tea Bag of Each),1200.0,300,25.0,5.0,3
Oziva Advanced Hair Growth Serum And Oziva Plant Based Bioti...,1948.0,1598,18.0,1160.0,4
Inner Sense Organic Antimicrobial Sleeping/Feeding Bra Pack ...,2391.0,2104,12.0,1.0,5
Puma Neymar Jr Orange Printed Mini Football (S),1499.0,1199,20.0,9.0,4
Gritzo SuperMilk Growth+ (Formerly Height+) (13+y Girls) Dou...,1498.0,1299,13.0,9.0,4
HealthyHey Nutrition L - Cysteine - Capsules,1159.0,679,41.0,3.0,4
MuscleBlaze Raw Whey with Digestive Enzymes & Creatine Monoh...,1200.0,3498,25.0,17.0,5
Baidyanath Ashokarishta Asava For Healthy Menstrual Cycle - ...,330.0,298,10.0,40.0,4
Sorich Organics Caramalised Seeds Cracker,1200.0,225,25.0,3.0,4
"MyFitFuel Mff Micellar Casein (slow Release Protein), Chocol...",1539.0,1035,33.0,3.0,5
CULT Unisex Gallon Bottle 2.2 Litre - Pink,2199.0,1297,41.0,9.0,4
"Gritzo SuperMilk Daily Nutrition (2-6y), 6g Protein Powder -...",2598.0,2349,10.0,9.0,4
"MuscleBlaze Whey Gold, 100 Whey Protein Isolate - Mocha Capp...",6409.0,5624,12.0,9.0,4
NatXtra Magnesium Supports Muscle & Nerve Health Capsules,1200.0,1199,25.0,1.0,4
Nature's Island L-Glutathione Capsules For Radiant Skin - Pa...,3598.0,2627,27.0,9.0,4
Baidyanath Arshakuthar Ras - Pack Of 2,200.0,180,10.0,10.0,5
Baidyanath Surakta For Skin Problem - Pack Of 2,210.0,200,5.0,16.0,4
Phab Fruit & Nut & Chocolate Almond 5g Protein Energy Bars (...,1200.0,600,25.0,9.0,4
Baidyanath Rhuma Joint Pain Oil - Pack Of 2,220.0,198,10.0,25.0,4
"Radhikas Invigorating Masala Chai, Certified Organic, Assam ...",1200.0,300,25.0,1.0,5
HealthyHey Nutrition Hairvgrow - Natural Hair Growth Formula...,1959.0,1089,44.0,1.0,5
Krishna's Herbal & Ayurveda Jeevan Sanjeevani Kwath,1200.0,478,25.0,2.0,4
"MuscleBlaze Koshaveda Ashwagandha 500mg,60 Tablet(Pack of 2)",798.0,729,9.0,1.0,5
Dr. Odin Naw01 Wrist Wrap (Neo),375.0,236,37.0,9.0,4
"Karma Kettle Keya White Tea With Rose, Strawberries And Fenn...",1200.0,350,25.0,3.0,5
Phab Strawberries & Greek Yogurt 21g Protein Bars (Pack of 1...,1200.0,1620,25.0,9.0,4
Nykd By Nykaa Mommy Slip-On Bra - Pink NYB129,699.0,629,10.0,23.0,4
Phab Classic Chocolate 18g Protein Milkshakes (Pack of 12),1200.0,1620,25.0,9.0,4
"Radhikas Digestive Mukhwas Tea, Certified Organic, Cold & Ho...",1200.0,350,25.0,9.0,4
Optimum Nutrition Gold Standard 100% Whey Protein Double Ric...,10558.0,9945,6.0,570.0,4
Radhikas Radiance Jasmine Oolong Leaf - A Leaf Blend For Nat...,1200.0,750,25.0,9.0,4
Baidyanath Sri Gopal For Sexual desire and also Enhances Sta...,330.0,298,10.0,8.0,5
Baidyanath Vita-Ex Gold Plus Increase Sexual Stamina,785.0,707,10.0,2.0,5
Kapiva Wild Amla Juice Natural Source of Vitamin C Made with...,1200.0,840,25.0,2179.0,4
TGL Co. Kadak Masala Chai Tea Bags Boost Immune System Anti ...,1200.0,349,25.0,1.0,4
Optimum Nutrition Gold Standard 100% Whey Protein Double Ric...,20168.0,17508,13.0,206.0,4
Vlado's Himalayan Organics Pure Shilajit Resin with Fulvic A...,1065.0,554,48.0,9.0,4
Praakritik Organic Flaxseed Oil,380.0,342,10.0,4.0,5
HealthVit Melatonin 10mg 60 Tablets,1200.0,900,25.0,9.0,4
Sandpuppy Coldstrap - Reusable Cold Gel Pack for Injury And ...,999.0,649,35.0,1.0,5
Richfeel Anatea Healthy Hair Drink,1200.0,480,25.0,11.0,5
"Strauss Knee Cap Support (Pair), Medium",649.0,469,28.0,1.0,4
"Vitro Naturals Sugar Balance Juice With Karela, Jamun And Gu...",1200.0,549,25.0,2.0,5
Baidyanath Maharasnadi Kadha For Body Pain - Pack Of 2,260.0,234,10.0,10.0,4
Bold Care Vibe (Strawberry Lubricant),1200.0,550,25.0,52.0,4
Puma Grey CUP Graphic Football,1799.0,1349,25.0,9.0,4
NatXtra Zinc Supports Fertility in Men & Women Capsules,1200.0,1199,25.0,9.0,4
Rejuvenating UBTAN Lemongrass Pure Essential Bath & Body Oil,1200.0,395,25.0,2.0,5
Nourish Vitals Amla Vitamin C Capsules With 500mg Amla Extra...,449.0,301,33.0,12.0,5
Greenbrrew Arabica Organic Green Coffee Beans,1200.0,389,25.0,3.0,4
Cureveda Herbal Liver Loyal- Milk Thistle For Healthy Liver ...,1395.0,1032,26.0,9.0,4
Ace Blend Cordyceps Shroom Instant Medium Roast Blend Coffee...,1335.0,1135,15.0,9.0,4
Radhikas Aries Green Rose Tea For The Trailblazer,1200.0,750,25.0,1.0,5
MyFitFuel Japanese Collagen Nanotechnology High Absorption +...,1999.0,1319,34.0,252.0,5
Skore Not Out Condom - Pack Of 3,435.0,348,20.0,124.0,4
Tea Treasure Immunity Booster Tea,1200.0,230,25.0,9.0,4
HealthyHey Nutrition L - Tryptophan - Veg Capsules,1069.0,809,24.0,1.0,1
"MuscleXP Skipping Rope (Jumping Rope) For Men, Women & Child...",349.0,223,36.0,5.0,2
Columbia Watch Cap (Black),1200.0,1499,25.0,9.0,4
Kerala Ayurveda Abhayarishta,1200.0,170,25.0,4.0,5
"Plix 500mg Shilajit Effervescent Tablets Orange, Improves St...",1200.0,1400,25.0,3.0,5
MuscleBlaze Whey Performance - Chocolate,1200.0,6399,25.0,5.0,5
"Inlife Lung Detox Supplement Stinging Nettle, Echinacea, Mul...",889.0,599,33.0,6.0,4
TGL Co. GeishaGreen Tea Bags Immunity Booster Detoxification...,1200.0,549,25.0,2.0,5
Undercover Water Based Intimate Lube - Strawberry,999.0,350,65.0,9.0,4
Briyo BreatheEase Capsules,105.0,74,30.0,9.0,4
Nutrabay Gold Bcaa 4:1:1 - Watermelon,1499.0,899,40.0,9.0,4
Dr. Odin Ankle Support Neoprene NAS01,850.0,731,14.0,9.0,4
MYPRO SPORT NUTRITION New Instant Energy Drink Powder BCAA 2...,799.0,449,44.0,2.0,3
Rejuvenating UBTAN Ylang Ylang Pure Essential Bath & Body Oi...,1200.0,450,25.0,1.0,5
Setu Sparkling Creatine HCL Strength & Recovery - Berry Lemo...,1200.0,849,29.0,9.0,4
Simply Herbal Testosterone Booster Supplement,1200.0,799,25.0,2.0,5
Shesha Ayurveda Murivenna - An Authentic Ayurvedic Massage O...,1200.0,250,25.0,1.0,1
SandPuppy Kneestrap - Unique Strap Design Electric Heating P...,1200.0,1499,25.0,2.0,1
Greenbrrew Decaffeinated & Unroasted Strong Green Coffee (Pa...,1200.0,897,25.0,3.0,5
Baidyanath Giloy Juice,250.0,200,20.0,36.0,4
NAKPRO Gold Whey Protein Concentrate Supplement Powder - Coo...,9000.0,4500,50.0,3.0,3
"Briyo Forme Collagen Sachets, Hyaluronic Acid, Vitamin C, E ...",985.0,808,18.0,9.0,4
Radhikas Anti-Inflammatory Lanka Peach Tea - A Fruity & Flor...,1200.0,550,25.0,9.0,4
MYPRO SPORT NUTRITION Vitamin B Complex Capsule For Men & Wo...,1499.0,399,73.0,7.0,4
Oziva Advanced Hair Growth Serum + Oziva Plant Based Biotin ...,1998.0,1638,18.0,1866.0,4
Dr. Odin AF04 Anklet With Closed Heel Skin Small,390.0,332,15.0,9.0,4
Radhikas Taurus Masala Chai Tea For The Persistant Provider,1200.0,750,25.0,9.0,4
RadhikasJasmine Green Tea Gift Box with Infuser - A Healthy ...,1200.0,1800,25.0,9.0,4
Vlado's Himalayan Organics Hyaluronic Acid 100mg Capsules,1181.0,768,35.0,1.0,5
INLIFE Antioxidants with Lycopene- Grape Seed And Green Tea ...,529.0,399,25.0,3.0,5
Bralux Padded Blossam Feeding Bra - Skin,1200.0,999,25.0,1.0,3
Dr. Odin Hot & Cool Pack Transparent,680.0,401,41.0,2.0,4
Nutrabay Creafizz Effervescent Powder - Orange Flavour,1200.0,39,25.0,1.0,5
MsChief Tea And Peach Lubricant,400.0,340,15.0,2.0,1
Strauss Tummy Twister Ab Exerciser (Pink),909.0,739,19.0,1.0,5
"Nat Habit Balamool Sunthi Pure Baby Maah, Baby Massage Oil f...",435.0,361,17.0,37.0,5
Inner Sense Women's Triangle Nursing Bra - Black,617.0,605,2.0,7.0,4
Namyaa UTI Treatment Kit For UTI Syrup And UTI Tablets,1348.0,1200,11.0,9.0,4
Bliss Of Earth Natural Spray Dried Coconut Milk Powder,1200.0,580,25.0,4.0,5
Dr. Odin Hot Water Bottle - Red,399.0,351,12.0,9.0,4
Speedo Unisex Adult Jet 2.0 smoke Tint Lens Swim Goggles - R...,1200.0,899,25.0,9.0,4
CULT Motivational Bottle 1L Unisex Time Mark Sipper With Str...,1499.0,525,65.0,9.0,4
Briyo All Around Gut Guardian Dietary Supplement for Digesti...,435.0,405,7.0,5.0,5
"Strauss Spark Stainless-Steel Bottle, Metal Finish, 750 ml (...",599.0,405,32.0,3.0,2
Phab Cold Coffee 18g Protein Milkshakes (Pack of 12),1200.0,1620,25.0,9.0,4
MuscleBlaze Pre Workout Crea-Xtreme - Berry Lime,1159.0,939,19.0,9.0,4
NAKPRO L-Citrulline Powder - Tangy Orange,890.0,303,66.0,9.0,4
MyFitFuel Isotonic Instant Sports Energy Hydration - Mango,709.0,470,34.0,9.0,4
Dr. Odin AW01 Wrist Wrap,275.0,237,14.0,9.0,4
Morpheme Remedies Garcinia Cambogia for Weight,399.0,323,19.0,19.0,4
Bold Care Extend Delay Spray,1200.0,1249,25.0,7.0,4
"Bonayu Probiotics Mouth Dissolving Strips, For Healthy Gut -...",690.0,499,28.0,9.0,4
Nutrabay Gold Concentrate Whey Protein Powder - Rich Chocola...,12499.0,11999,4.0,1.0,4
RawRX Magnesium & Vitamin D3 Lotion - Unscented,1200.0,675,25.0,1.0,5
HealthyHey Nutrition Boron - Capsules,1509.0,809,46.0,1.0,5
Bonayu Energy Shot All Natural With 1000Mg L-Citrulline - 6 ...,999.0,300,70.0,9.0,4
Baidyanath Panchasakar Digestion Powder - Pack Of 2,170.0,154,9.0,5.0,3
INLIFE Krill Oil 500mg Omega 3 Essential Fatty Acid With EPA...,1689.0,899,47.0,3.0,4
Sorich Organics Daily Detox,1200.0,245,25.0,1.0,5
Namyaa Mutrakriccha For Uti Tablets,699.0,545,22.0,3.0,4
CULT Kinesiology Tape Pink,699.0,245,65.0,9.0,4
Morph Maternity Pack Of 2 Leak-Proof Sleep Nursing Bras - Wh...,1200.0,1790,25.0,9.0,4
Bold Care Condom & Lube (Multi-textured Condoms + Chocolate ...,1200.0,850,25.0,1000.0,4
Rejuvenating UBTAN Citronella Essential Bath & Body Oil,1200.0,395,25.0,9.0,4
Dr. Odin Hot Water Bottle - Orange,399.0,351,12.0,9.0,4
Dr. Odin NLT01 Thigh Wrap,690.0,593,14.0,9.0,4
Optimum Nutrition Gold Standard 100% Whey Protein (DRC) and ...,9838.0,8368,15.0,622.0,4
"MyFitFuel Advance 100% Whey Protein, Mango Alphonso",3299.0,2898,12.0,9.0,4
Baidyanath Kasamrit Herbal for Cough And Sore throat,90.0,71,21.0,21.0,4
Dr. Vaidya's Pcos Care - Pack Of 2,1200.0,798,25.0,9.0,4
Phab Classic Chocolate 18g Protein Milkshakes (Pack of 6),1200.0,810,25.0,9.0,4
Upakarma Ayurveda Pure Shilajit Resin With Safed Musli,1699.0,714,58.0,1.0,1
Nutrabay Gold Spark Pre-workout - Fruit Punch,1279.0,755,41.0,1.0,4
Amocare Biotin Hair Health Gummies - Strawberry,1200.0,1099,25.0,9.0,4
MildCares Cramp Relief Roll-On,1200.0,399,25.0,9.0,4
Nutrabay Gold Isolate Whey Protein Powder - Cold Coffee,5299.0,4928,7.0,9.0,4
Kerala Ayurveda Mahathikthaka Ghritham,1200.0,275,25.0,2.0,3
NAKPRO Platinum Whey Protein Isolate Supplement Powder - Coo...,13800.0,6900,50.0,9.0,4
Radhikas Sagittarius Ginger Chai Tea For The Adventurous,1200.0,750,25.0,9.0,4
Plix Hyaluronic Acid + Superfoods Effervescent Tablets Fine ...,700.0,588,16.0,8.0,4
CULT Unisex Weight Lifting Straps Leather - Maroon,700.0,504,28.0,9.0,4
Steadfast NUTRITION Active Bcaa For Muscle Recovery & Endura...,2100.0,1491,29.0,9.0,4
Body Smith Unisex Blue Gym Gloves with Wrist Support (M),1299.0,351,73.0,9.0,4
NAKPRO Gold Whey Protein Concentrate Supplement Powder - Cof...,9000.0,4500,50.0,1.0,5
Bold Care 404 Super Ultra Thin Vanilla Flavored Condoms For ...,1200.0,597,25.0,9.0,4
Tea Treasure Cold Care Tea,1200.0,199,25.0,9.0,4
Strauss Pack of 2 Black Elastic Knee Compression Bandage Wra...,998.0,609,39.0,9.0,4
Phab Assorted Flavours 18g Protein Milkshakes (Pack of 6),1200.0,810,25.0,9.0,4
HealthyHey Nutrition Premium Green Tea Extract Supplement - ...,1329.0,939,29.0,2.0,3
Optimum Nutrition Micronized Creatine & BCAA Fruit Punch & P...,2987.0,2429,19.0,632.0,4
Strauss Yellow & Blue Premium Cotton Yoga Mat,1799.0,829,54.0,9.0,4
Gritzo Supermilk Iron Man Athlete 14G Protein For 7-12Y With...,1998.0,1898,5.0,9.0,4
Dr. Odin OCB101 Clavicle Brace Black Small,595.0,506,15.0,9.0,4
Morpheme Remedies Amla Capsules Immunity & Wellness,349.0,325,7.0,39.0,4
HealthSense CC50 Soft-Spot Orthopedic Coccyx Support,1200.0,2000,25.0,1.0,5
Sorich Organics Pudina Treat Pumpkin Seeds,1200.0,369,25.0,5.0,5
Buff Lightweight Merino Wool Hat Solid Black Hat - Lw Merino,1200.0,1699,25.0,9.0,4
Optimum Nutrition Gold Standard 100% Whey Protein Double Ric...,11088.0,10898,2.0,518.0,4
NutritJet Testosterone Booster Tablets,1199.0,839,30.0,9.0,4
Gritzo Supermilk Growth+ Double Chocolate 7 -12Y Boys With B...,1648.0,1498,9.0,9.0,4
Inner Sense Women's Full Cup Nursing Bra - White,797.0,757,5.0,4.0,5
HealthKart Hk Vitals Fish Oil Capsules 1000mg Omega 3 & DHT ...,678.0,499,26.0,17.0,4
Siddhayu Sleep Capsul Non Addictive (No Disoriented or Dizzy...,395.0,356,10.0,1.0,5
SheNeed Cramp Relief Supplement for PMS,409.0,200,51.0,9.0,4
"NAKPRO Calcium Caseinate, Slow-digesting Casein Protein Powd...",3600.0,1800,50.0,9.0,4
Axiom Amla Juice - Pack of 2,1200.0,440,25.0,9.0,4
INLIFE Energy Booster Supplement 500mg (60 Vegetarian Capsul...,749.0,499,33.0,1.0,5
Vlado's Himalayan Organics Zinc Methionine Chelated + Copper...,923.0,757,18.0,9.0,4
Nutrabay Pure 100% L-arginine - Unflavoured,929.0,557,40.0,3.0,3
"Inlife BCAA Powder Supplement with Glutamine, Vitamin B6 & E...",1149.0,749,35.0,9.0,4
Inner Sense Organic Antimicrobial Soft Nursing Bra - White,797.0,677,15.0,3.0,3
Nature's Island Multivitamin For Women,999.0,699,30.0,3.0,5
Kerala Ayurveda Heposem Syrup,1200.0,200,25.0,9.0,4
BODYOPS Omega 3-6-9 600mg Capsules,449.0,314,30.0,9.0,4
Ace Blend Intense 30g Plant Protein For Muscle Growth With N...,700.0,581,17.0,9.0,4
HealthyHey Nutrition L - Taurine - Amino Acid Supplement Veg...,1329.0,599,55.0,2.0,4
NatXtra Curcumin Helps to Enhance Immunity Capsules,1200.0,1054,25.0,9.0,4
"Strauss Deep Tissue Massage Foam Roller, 33 cm (Pink)",1349.0,1299,4.0,9.0,4
Nutrabay Gold Isolate Whey Protein Powder - Mango,10399.0,9047,13.0,9.0,4
Vlado's Himalayan Organics L-Glycine 500mg Capsules,852.0,707,17.0,9.0,4
Nutrabay Gold L-Arginine Powder - Cola,499.0,299,40.0,9.0,4
Nourish Vitals Premium Shilajit 50% Fulvic Acid High Strengt...,1299.0,896,31.0,1.0,5
Leeford Soft Cervical Collar with Support,350.0,308,12.0,9.0,4
Vesca Garcinia Cambogia Capsules,1200.0,999,25.0,9.0,4
CULT Yoga Mat Unisex Tpe Lavender Marble Print 6Mm With Bag ...,3699.0,814,78.0,1.0,4
Inlife Vegan Protein Meal Shake - Mixed Berry,1419.0,899,37.0,2.0,3
CULT Yoga Mat Tpe 8Mm Brown With Strap And Bag,3399.0,884,74.0,9.0,4
TGL Co. Wellness Assortment Green Bags Boost Immunity and Di...,1200.0,399,25.0,1.0,5
Gritzo SuperMilk Growth+ (Formerly Height+) (7-9y Girls) Dou...,2088.0,1949,7.0,9.0,4
Tea Treasure Apple Spice Fruit Tea,1200.0,230,25.0,3.0,4
AromaMusk Organic & Cold Pressed Pure Carrier Rosehip Oil In...,749.0,539,28.0,2.0,5
Gritzo SuperMilk Growth+ (Formerly Height+) (2-6y Boy & Girl...,2798.0,2549,9.0,9.0,4
Supply6 Stress-Free Gummies,1200.0,1290,25.0,9.0,4
Gritzo Supermilk Daily Nutrition (7-12Y Young Athlete) (Doub...,1988.0,1849,7.0,9.0,4
Omtex Swing Ball-Pink Ball (2.5 cm),499.0,349,30.0,9.0,4
Morpheme Remedies Shatavari (Asparagus Racemous) - Female He...,349.0,325,7.0,15.0,4
Radhikas Energy Lanka Sencha Tea + Victorian Round Glass Ket...,1200.0,4600,25.0,9.0,4
Inlife Milk Thistle Extract 800mg Capsules,1499.0,849,43.0,9.0,4
HealthyHey Nutrition Vitamin B1 Thiamine - Veg Capsules,979.0,549,44.0,2.0,5
Briyo Cod Liver Oil 300mg Capsules,399.0,351,12.0,1.0,5
Upakarma Ayurveda Pure Shilajit Resin Form With Ashwagandha,999.0,400,60.0,5.0,4
BRALCON Raw Chia Seeds (Pack Of 2),160.0,139,13.0,19.0,5
Nature's Island Pea Protein Isolate - Cookie & Cream,999.0,799,20.0,9.0,4
Morpheme Remedies Garlic Capsules for Heart Health - 500mg E...,1200.0,349,25.0,2.0,5
Nutrabay Gold Concentrate Whey Protein Powder - Mango,6499.0,5459,16.0,9.0,4
Inner Sense Organic Antimicrobial Sleeping/Feeding Bra - Bla...,797.0,717,10.0,17.0,4
HealthyHey Nutrition Gotukola Leaf Extract Capsules,1329.0,899,32.0,9.0,4
Briyo Fish Oil 1000 mg Softgel,650.0,494,24.0,9.0,4
NAKPRO Perform Whey Protein - Unflavoured,7000.0,3500,50.0,1.0,2
TGL Co. Bestsellers Tea Sampler Box,1200.0,300,25.0,11.0,4
Nutribears Multivitamin And Calcium Gummies For Kids And Tee...,1200.0,940,25.0,10.0,3
Morpheme Remedies Neem Veg Capsules- Skin Wellness - 500mg E...,349.0,325,7.0,12.0,5
Axiom Goumotra Ark - Pack of 4,1200.0,360,25.0,9.0,4
Auric Lab Certified High Altitude Shilajeet Gold Resin,2250.0,608,73.0,9.0,4
HealthKart Hk Vitals Proteinup Shaker,1200.0,399,25.0,3.0,5
Bold Care Mutual Pleasure Condoms + Sandalwood Candle + Blin...,1200.0,908,25.0,9.0,4
Nature Sure Tulsi Leaf Powder With Raw Honey,290.0,148,49.0,9.0,4
Bliss Of Earth Certified Organic Fenugreek Powder,1200.0,390,25.0,1.0,5
Deve Herbes Cold Pressed Pure Radish Seed Oil For Hair & Ski...,349.0,342,2.0,2.0,1
Gritzo SuperMilk Growth+ (Formerly Height+) (7-12y Boys) Dou...,2198.0,1949,11.0,9.0,4
"MyFitFuel L-Arginine Alpha-Ketoglutarate (100% Pure, No Othe...",1399.0,806,42.0,12.0,5
Dr. Odin Knee Cap KC01,550.0,468,15.0,9.0,4
Vegan Greens Everyday All Natural Plant Protein Powder (Unfl...,2999.0,1888,37.0,9.0,4
Oziva Bioactive Plant Protein Powder Strawberry - Pack of 2,2758.0,2599,6.0,53.0,5
Indulgeo Essentials Blooming Body Oil For Children & Teenage...,1800.0,1530,15.0,2.0,4
Baidyanath Balarishta Improve Immunity - Pack Of 2,370.0,282,24.0,10.0,4
Optimum Nutrition Gold Standard 100% Whey Protein Double Ric...,11248.0,10182,9.0,522.0,4
AromaMusk Organic 100% Pure Cold Pressed Extra Virgin Coconu...,748.0,539,28.0,7.0,4
MuscleBlaze Micronized L-glutamine - Unflavoured,1029.0,889,14.0,4.0,5
"Nutribears Calcium + Vitamin D For Kids And Teens, For Stron...",1200.0,890,25.0,3.0,4
Sonari Tinycare Non-Padded Nursing Bra - Multi-Color,1200.0,920,25.0,1.0,1
Radhikas CALMING White Leaf - How White Tea Can Help You Rel...,1200.0,350,25.0,9.0,4
OZiva Skin Nourishment Combo (OZiva Plant Based Biotin + Glu...,1408.0,1230,13.0,3462.0,4
Undercover Vela Vibrator Slim Textured Personal Massager,7999.0,4159,48.0,9.0,4
Sorich Organics Lemongrass Herbal Tea,1200.0,200,25.0,18.0,4
Wellbeing Nutrition Restful Glow Set Combo,2598.0,2298,12.0,1006.0,4
Dr. Odin Knee Cap KC 01,550.0,424,23.0,1.0,5
Morpheme Remedies Turmeric Curcumin 95% With Piperine for Jo...,1299.0,805,38.0,18.0,5
HealthyHey Nutrition Melatonin 5mg - Veg Capsules,1069.0,549,49.0,1.0,1
Karma Kettle Gulmarg- Kashmiri Kahwa Green Tea - Loose Leaf ...,1200.0,400,25.0,9.0,5
Dr. Odin Tennis Golfer Elbow Brace NAT 02,525.0,446,15.0,9.0,4
NAKPRO L-Glutamine Amino Acid Supplement Powder - Fruit Punc...,800.0,320,60.0,1.0,4
Sorich Organics Golden Milk Latte,1200.0,649,25.0,6.0,4
Wellbeing Nutrition Glow & Thrive Set Combo,3398.0,2888,15.0,1040.0,4
Speedo Unisex Adult Mariner Pro Mirror Lens Swim Goggles - W...,1200.0,1899,25.0,9.0,4
Sorich Organics Roasted And Salted Party Mix,1200.0,325,25.0,2.0,5
"MyFitFuel MFF Whey Protein 80, Milk Masala",2599.0,2091,20.0,9.0,4
Nutrabay Gold Mega Mass Gainer - Rich Chocolate Creme,3199.0,2111,34.0,2.0,3
SheNeed Plant Based Mama Milk Booster,1200.0,699,25.0,9.0,4
Puma Waterbottle 1.7 L,1200.0,1299,25.0,2.0,5
Bliss Of Earth Ascorbic Acid Powder,1200.0,499,25.0,3.0,5
Kerala Ayurveda Balarishta,1200.0,190,25.0,9.0,4
TGL Co. Assam Black Tea Bags Boost Immunity and Digestion Go...,1200.0,349,25.0,9.0,4
TGL Co. Pure English Breakfast Tea,1200.0,349,25.0,9.0,4
Morph Maternity Pack Of 2 Sleep Nursing Bras - Nude,1200.0,1590,25.0,9.0,4
Krishna's Herbal & Ayurveda D-Cure Juice,1200.0,234,25.0,9.0,4
Deuter Unisex Black Pass Way 2 Belt Bag (S),1200.0,3999,25.0,9.0,4
myDaily Thyroid Green Tea Supports Thyroid & Metabolism - Le...,1200.0,699,25.0,5.0,4
Steadfast NUTRITION Incredible Whey Protein Blend For An Inc...,900.0,684,24.0,9.0,4
Upakarma Ayurveda Pure Shilajit Resin With Safed Musli,999.0,400,60.0,1.0,5
Flexnest® The Flexikettle 7-in-1 Adjustable 20lbs Kettlebell...,19998.0,6999,65.0,9.0,4
Inlife Meal Replacement Weight Management Nutritional Meal P...,1419.0,899,37.0,9.0,4
Nutrabay Pure L-Arginine Amino Acid Powder - Unflavoured,429.0,300,30.0,9.0,4
AromaMusk Organic Golden Pure Carrier Jojoba Oil Moisturizin...,849.0,611,28.0,3.0,3
Nutrabay Gold Isolate Whey Protein Powder - Kesar Badam Pist...,10399.0,8943,14.0,9.0,4
"Karma Kettle Tahiti Iced Tea With Strawberries, Cockscombe &...",1200.0,300,25.0,6.0,5
Vitabiotics Diabetone 15 Tablets,238.0,221,7.0,2.0,5
Nutrabay Wellness Pre & Probiotic Digestive Support 25 Billi...,799.0,455,43.0,1.0,5
Dr. Odin Wrist Wrap NAW01 (Neo),375.0,233,38.0,9.0,4
"Strauss Thumb Support with Wrist Wrap, Free Size (Black)",719.0,592,18.0,9.0,4
Krishna's Herbal & Ayurveda HBP Care Tablet,1200.0,478,25.0,9.0,4
"MyFitFuel L-Taurine (100% Pure, No Other Ingredient), Unflav...",849.0,609,28.0,31.0,5
Fast&Up Vitalize Multivitamins Supplements - Orange (Pack of...,650.0,476,27.0,76.0,5
Fast&Up Magnesium +Zinc Nutraceutical Tablets - Lime & Lemon...,1095.0,801,27.0,22.0,4
Rejuvenating Ubtan Frankincense Pure Essential Bath Oil,1200.0,450,25.0,6.0,4
Undercover Water Based Intimate Lubes - Chocolate & Aloe Ver...,1998.0,699,65.0,9.0,4
Inlife Turmeric Oil Capsule Antioxidant & Natural Detoxifier...,1069.0,799,25.0,4.0,5
Tea Treasure Kahwa Green Tea,1200.0,460,25.0,3.0,3
Radhikas Victorian Glass Kettle and Assam Ginger Tea Gift Bo...,1200.0,4000,25.0,9.0,4
Megagrow Isolate Whey Protein Powder - Chocolate,4500.0,3195,29.0,9.0,4
Everpure Life Hydrolyzed Marine Collagen Peptides Skin & Bea...,5700.0,4560,20.0,10.0,4
Dr. Odin OCB101 Clavicle Brace Black Double Extra Large,1200.0,595,25.0,9.0,4
"MuscleXP Gym Nylon Padded Weightlifting Belt, Unisex, Ultra-...",975.0,702,28.0,2.0,5
Auric Milk Thistle Liver Advance Tablets,2669.0,1948,27.0,9.0,4
Nutrabay Wellness Pre & Probiotic Digestive Support 50 Billi...,949.0,550,42.0,1.0,1
MuscleBlaze Lifting Shoe Bag For Gym & Travel 5L - Black,1200.0,449,25.0,10.0,5
MYPRO SPORT NUTRITION Premium BCAA'S With 5G Of Pure Proven ...,1399.0,599,57.0,3.0,5
MYPRO SPORT NUTRITION L-Arginine For Maximum Strength Tablet...,899.0,349,61.0,25.0,5
Deve Herbes Period Relief Essential Oil Blend To Reduce Mens...,349.0,342,2.0,9.0,4
Phab Very Berry Blast Granola Cereals (Pack of 2),1200.0,550,25.0,9.0,4
CULT Gym Spider Compartment Shaker Bottle 550Ml Black Red,699.0,315,55.0,9.0,4
Dr. Odin Non Electric Leakproof Hot Water Bottle For Pain Re...,450.0,378,16.0,9.0,4
Steadfast NUTRITION Curcumin Wellness Curcumin And Piperline,1334.0,827,38.0,9.0,4
Baidyanath Bolbadh Ras - Pack Of 2,214.0,192,10.0,2.0,5
BBETTER Veda Triphala 500mg Tablets,1200.0,1099,25.0,1.0,4
Nature's Island Hydrolyzed Marine Collagen With Vitamin C Fo...,2500.0,1250,50.0,2.0,2
"MyFitFuel Hair Vitamins + Dht Blocker (36 Vitamins, Mineral ...",599.0,377,37.0,3.0,2
Radhikas Radiance Baby Rose Buds Decaf Tisane - A Radiant Ti...,1200.0,750,25.0,9.0,4
Plix Probiotics+ ACV Apple Cider Vinegar Effervescent Tablet...,400.0,312,22.0,19.0,4
Dr. Odin Cervical Pillow Contoured NC03,1800.0,1242,31.0,9.0,4
Tea Treasure Super Tulsi Green Tea,1200.0,230,25.0,9.0,4
"MyFitFuel Pure Glutamine, Unflavored",999.0,614,39.0,14.0,4
GNC AMP Isolate Zero Carb Protein Powder - Blueberry,1200.0,11999,25.0,7.0,3
Vlado's Himalayan Organics Plant Based Manganese 4mg Capsule...,1136.0,966,15.0,9.0,4
Amocare Happy Place With Ashwagandha & Vitamin D Gummies for...,1200.0,699,25.0,9.0,4
Nature's Island Hydrolyzed Marine Collagen With Vitamin C Fo...,2500.0,1250,50.0,2.0,5
Leeford Premium Ankle Support Designer for Pain Relief - Gre...,345.0,300,13.0,9.0,4
HealthKart HK Vitals Testo Bold Testosterone Booster Tablets...,599.0,529,12.0,5.0,4
Leeford Neoprene Blend Wrist Band Fit Right/Left Hands,270.0,248,8.0,1.0,5
TGL Co. Euphoria Instant Coffee Powder Anti Oxidant Boost En...,1200.0,499,25.0,11.0,5
MuscleBlaze Ayurveda Muscleherb Tablets & Tribulus 1000mg Ta...,1200.0,998,25.0,9.0,4
Nutriorg Amla Juice (Pack Of 2),1200.0,360,25.0,9.0,4
Radhikas Capricorn Earl Grey Tea For The Master Planner,1200.0,750,25.0,9.0,4
The Better Home Copper Bottle 950 Ml Foliage,2789.0,949,66.0,1.0,1
Gritzo SuperMilk Growth+ (Formerly Height+) (13+y Girls) Dou...,3398.0,3149,7.0,9.0,4
Nutrabay Plant Collagen Booster Powder - Orange,999.0,649,35.0,1.0,1
Flexnest Flexpad German Designed 2-in-1 Foldable Treadmill w...,59998.0,29999,50.0,9.0,4
"Karma Kettle Blue Lagoon Iced Tea With Butterfly Pea Flower,...",1200.0,350,25.0,3.0,4
Baidyanath Amoebica For Diarrhoea,480.0,384,20.0,1.0,4
GNC Pro Performance Weight Gainer (Double Chocolate) & Gnc C...,1200.0,5998,25.0,52.0,4
Baidyanath Triphala Powder For Digestion - Pack Of 2,440.0,418,5.0,63.0,4
Gritzo SuperMilk Growth+ (Formerly Height+) (7-12y Boys) Dou...,1448.0,1249,14.0,9.0,4
Nutriorg Obesity Juice,1200.0,549,25.0,1.0,4
Sorich Organics Dry Lemon Peel Face Cleanser Powder,1200.0,140,25.0,36.0,4
Auric Kadak Moringa Masala Tea From Assam & Darjeeling Blend...,499.0,449,10.0,1.0,5
Nutrabay Pure 100% Citrulline Malate - Unflavoured,1079.0,507,53.0,8.0,4
Bliss Of Earth Natural Spray Dried Red Tomato Powder,1200.0,340,25.0,1.0,3
NatXtra Ginger Digestive Wellness Capsules,1200.0,1099,25.0,9.0,4
Reshape Natural Health Supplement (with Coffee Bean And Gree...,391.0,371,5.0,2.0,3
Siddhayu Giloy Tablet Natural Immunity Booster (Vegan),150.0,135,10.0,1.0,5
Tea Treasure Hibiscus Green Tea,1200.0,485,25.0,34.0,4
HealthyHey Nutrition Ginseng + Ginkgo Biloba - Veg Capsules,1599.0,899,44.0,9.0,4
Baidyanath Punarnawarist Healthy Liver - Pack Of 2,190.0,172,9.0,7.0,4
OneLife Mass Gainer 1:6 Mango,1200.0,1499,25.0,9.0,4
Nutrabay Gold 100% Whey Protein Concentrate - Strawberry Mil...,6499.0,6239,4.0,4.0,4
Baidyanath Giloy Satwa - Pack Of 2,290.0,204,30.0,2.0,4
"MyFitFuel Advance Calcium Citrate + Vitamin D3, K2 (Mk7), Zi...",599.0,467,22.0,9.0,4
Inlife Fish Oil + Coenzyme Q10 (60 Capsules),1069.0,699,35.0,4.0,5
Gritzo Supermilk Growth+ Unsweetened Drink Mix For 7-9Y Girl...,1200.0,899,25.0,9.0,4
"Gritzo SuperMilk Daily Nutrition, 2-6y Kids & Gummies (Doubl...",1788.0,1649,8.0,9.0,4
CULT Unisex Gym Belt Leather - Black,1699.0,748,56.0,9.0,4
MuscleBlaze Creapro Creatine - Unflavoured & Pre Workout 200...,1488.0,1349,9.0,12.0,4
"PLIX Ultra Vitality Effervescent for Stamina, Performance & ...",2800.0,2072,26.0,1.0,4
Auric Men's Energy++ Testosterone Booster Sexual Enhancer Ef...,1068.0,438,59.0,9.0,4
MyFitFuel Advance Tribulus-6 (6 Herbs Tribulus Ginseng Kaunj...,709.0,452,36.0,29.0,5
Phab Butter Scotch Caramel Granola Bars (Pack of 12),1200.0,540,25.0,9.0,4
Oziva Plant Based Collagen Builder + Berry Orange & Bioactiv...,2108.0,1699,19.0,1270.0,4
"Leeford Shoulder Support Neoprene Brace For Pain Relief, Rec...",975.0,751,23.0,9.0,4
TGL Co. Handpicked Assortments Tea Bags Box Assorted Tea bag...,1200.0,399,25.0,1.0,1
Karma Kettle Matcha Green Tea Powder With Berry,1200.0,650,25.0,1.0,1
MYPRO SPORT NUTRITION 100% Whey Protein 5.5G BCAA Concentrat...,2949.0,1549,47.0,24.0,5
Nutrabay Creafizz Effervescent Powder - Lemon Flavour,1200.0,39,25.0,1.0,5
Briyo All Around Joint Guard Capsules,716.0,673,6.0,9.0,4
MYPRO SPORT NUTRITION Pre Workout Powder - Pineapple,1799.0,719,60.0,9.0,4
Amocare Passion Pulse Feather Touch Lubricant - Strawberry,1200.0,699,25.0,9.0,4
MuscleBlaze Whey Protein - Vanilla,9099.0,5719,37.0,5.0,4
Praakritik Organic Haldi - Pack Of 3,285.0,262,8.0,7.0,4
Bold Care Extra Dots Condoms + Sandalwood Candle + Blindfold...,1200.0,809,25.0,9.0,4
Anomeo Clear Ear Plugs,895.0,627,30.0,9.0,4
MuscleBlaze Whey Gold Whey Protein Isolate - Mocha Cappucino,13999.0,11029,21.0,1.0,3
Tea Treasure Apple Spice Fruit Tea,1200.0,395,25.0,2.0,4
NatXtra Brahmi Brain Focus Capsules,1200.0,1350,25.0,1.0,5
Mamma Presto Wirefree Lightly Padded Maternity Feeding Bra -...,2399.0,720,70.0,9.0,4
Ace Blend Turkey Tail Shroom Instant Medium Roast Blend Coff...,445.0,396,11.0,1.0,4
NAKPRO Platinum Whey Protein Isolate Supplement Powder - Cre...,13800.0,6900,50.0,9.0,4
Columbia Unisex Black Zigzag 30L Backpack (M),1200.0,4999,25.0,9.0,4
Bold Care 404 Super Nano Thin Condoms For Men - Pack Of 3,1200.0,897,25.0,3.0,4
"Inlife Slim Noni Weight Management with Garcinia Cambogia, M...",1689.0,949,44.0,8.0,4
Tea Treasure Peace Tea,1200.0,485,25.0,3.0,5
INLIFE Natural Garlic Oil- 60 Capsules -500mg,599.0,349,42.0,2.0,5
Swisse Ultiboost Heart Health Tablets,1200.0,1599,25.0,1.0,5
Praakritik Tea Masala Natural,330.0,317,4.0,9.0,4
Nutrabay Foods Original Peanut Butter - Creamy,299.0,200,33.0,9.0,4
HealthVit Femyvit Women Multivitamin Minerals (60 Tablets),1200.0,300,25.0,9.0,4
Dr. Odin Chest Guard CG 01,760.0,471,38.0,1.0,5
TGL Co. Breakfast Fusiongrounded Coffee Beans No Artificial ...,1200.0,249,25.0,13.0,4
Baidyanath Rhuma Joint Pain Oil - Pack Of 2,500.0,450,10.0,10.0,5
Inlife Neem Seed Oil Supplement- 500mg (60 Veg. Capsules),899.0,449,50.0,2.0,5
Dr. Odin Elbow Support AE 01 - Brown,1200.0,300,25.0,9.0,4
Dr. Odin Arm Sling Pouch Deluxe AS 02,675.0,405,40.0,9.0,4
Nutriorg Vedic Chyawanprash,1200.0,495,25.0,7.0,4
Undercover Water Based Intimate Lubes - Vanilla & Peppermint...,1998.0,699,65.0,9.0,4
Inlife Licorice Root (Yastimadhu) Standardized to 20% Glycyr...,619.0,399,36.0,1.0,5
MYPRO SPORT NUTRITION Plant Protein Powder Pea & Brown Rice ...,2999.0,1399,53.0,55.0,4
Steadfast NUTRITION Incredible Whey Protein Blend For An Inc...,6000.0,4560,24.0,9.0,4
"BRALCON Raw Flax Seeds(Pack Of 2), Chia Seeds & Pumpkin Seed...",230.0,228,1.0,9.0,5
Vegan Greens Apple Cider Vinegar Effervescent Tablets - Appl...,1429.0,899,37.0,2181.0,5
Bold Care Tingling Vibe Intimate Lube & Massage Gel,1200.0,499,25.0,3.0,1
Baidyanath Giloy Satwa - Pack Of 3,132.0,120,9.0,3.0,3
Bliss Of Earth 99.8% Reb-a Stevia Liquid,1200.0,475,25.0,3.0,3
"MuscleBlaze Pre Workout 200 Xtreme (Berry Bolt, 100 g) & Cre...",1298.0,1129,13.0,3.0,4
NutroActive MineralSalt Himalayan Pink Rock Salt Extra Fine ...,1200.0,999,25.0,1.0,5
MuscleBlaze BCAA Pro - Fruit Splash,2299.0,2049,11.0,3.0,5
"INLIFE Natural Ashwagandha Extract, 500mg 60 Veg Capsules, S...",799.0,499,38.0,4.0,4
MuscleBlaze Creatine MonohydrateCreAMP (Unflavoured) With Om...,1048.0,955,9.0,13.0,4
OneLife Hydrolyzed Marine Collagen Powder For Skin & Joint H...,1200.0,2999,25.0,1.0,1
NutritJet Omega 3 Fish Oil 1000mg High Strength With 550mg E...,999.0,799,20.0,9.0,4
Veedaa Candles Wild Violet & Bergamot Diffuser Oil Refill & ...,1600.0,1280,20.0,1.0,4
"Strauss Kinesiology Sports Tape Knee, Calf and Thigh Support...",899.0,439,51.0,9.0,4
Dr. Odin Arm Sling Pouch Deziner AS 01,760.0,479,37.0,9.0,4
Tea Treasure Belly Soother Tea,1200.0,345,25.0,26.0,4
HealthyHey Nutrition Ginger Extract Gingerols - Veg Capsules,1329.0,449,66.0,9.0,4
Rejuvenating UBTAN Peppermint Pure Essential Bath & Body Oil,1200.0,395,25.0,2.0,5
Nutrabay Gold Mega Mass Gainer - Vanilla Ice Cream,3199.0,2111,34.0,9.0,4
"Dr. Morepen Shilajit Capsules For Strength, Stamina, Power &...",699.0,377,46.0,9.0,4
"MyFitFuel Advance Pre-Workout (5.35G Aminos, Caffeine +12 Co...",919.0,567,38.0,19.0,5
Vlado's Himalayan Organics Whole Food Multivitamin for Women...,972.0,554,43.0,31.0,4
Nutrabay Gold Tri-Blend Whey Protein Powder - Kesar Badam Pi...,1200.0,3699,25.0,9.0,4
Nutriorg Triphala Juice,1200.0,349,25.0,9.0,4
Online Quality Store Dried Sage Leaves Tea,200.0,199,25.0,2.0,4
Karma Kettle Marrakesh Organic Green Tea With Spearmint,1200.0,400,25.0,2.0,4
Pure Nutrition Plant Based Vitamin A Capsules,1200.0,999,25.0,9.0,4
Inlife Japanese Fish Collagen Powder for Skin & Hair Collage...,1779.0,1499,16.0,1.0,5
Radhikas Herbal Tea Gift Box with Silicon Infuser,1200.0,1500,25.0,9.0,4
TGL Co. South African Rooibos Tea Bags (Pack of 2) Boost Imm...,1200.0,1098,25.0,9.0,4
Phab Cookies & Cream Granola Bars (Pack of 12),1200.0,540,25.0,9.0,4
Tea Treasure Slim Life Bags,1200.0,199,25.0,21.0,4
Phab Mixed Berry Blast Granola Bars (Pack of 12),1200.0,540,25.0,9.0,4
MuscleBlaze Gold Gainer XXL - Chocolate Bliss,1200.0,5049,25.0,10.0,4
Nutrabay Gold BCAA 2:1:1 +Electrolytes Powder - Pineapple,999.0,699,30.0,1.0,5
Vlado's Himalayan Organics Vlado's Potassium Citrate 800mg S...,1200.0,709,25.0,3.0,5
Morpheme Remedies Hair Vital Glow - 60 Veg Caps,449.0,323,28.0,40.0,4
Inlife Nutritional Meal Shake - Mango,1329.0,999,25.0,1.0,1
Fast&Up Melatonin Tablets - Improves Sleep Quality (Pack of ...,1125.0,861,23.0,14.0,4
"Gritzo SuperMilk Growth+ (Formerly Height+) (7-12y Boys),10g...",3198.0,2949,8.0,9.0,4
NAKPRO Gold 100% Whey Protein Concentrate Supplement Powder ...,4600.0,2300,50.0,6.0,5
Morph Maternity Pack Of 3 Leak-Proof Sleep Nursing Bras - Bl...,1200.0,2685,25.0,9.0,4
Amocare Passion Pulse Feather Touch Lubricant - Chocolate,1200.0,699,25.0,9.0,4
"Strauss Grid Foam Roller, 33 cm (Black)",1309.0,819,37.0,9.0,4
Juliet Womens Non Padded Non Wired Feeding Bra Combo Mold Fe...,1200.0,938,25.0,13.0,4
INLIFE Pure MCT Oil C8 C10 Keto Diet Friendly Food Supplemen...,1200.0,799,25.0,1.0,1
MyMuse The Perfect Match - Quiz Game For Couples,1200.0,1899,25.0,2.0,3
Timex Fit 2.0 Casual Unisex Smart Watch - TWTXW204T,5995.0,4976,17.0,9.0,4
Tea Treasure Cold Care Tea,1200.0,230,25.0,9.0,4
Briyo All Around Women Dietary Capsules,375.0,319,15.0,4.0,5
Nature's Island Pea Protein Isolate - Strwaberry,2499.0,1799,28.0,9.0,4
Dr. Odin AE 02 Elbow Support Small,1200.0,300,25.0,9.0,4
Inlife Triple Strength ZMA Tablets,889.0,499,44.0,9.0,4
Dr. Odin Thigh Wrap NLT01,690.0,587,15.0,9.0,4
Strauss Dual Shaker Pro 700ml (Yellow),849.0,639,25.0,2.0,5
NAKPRO Gold Whey Protein Concentrate Supplement Powder - Van...,9000.0,4500,50.0,9.0,4
Bliss Of Earth Natural Spray Dried Alfalfa Powder,1200.0,390,25.0,9.0,4
MuscleBlaze Fish Oil 90 Caps With Mb Vite 60 Tabs,1200.0,1598,25.0,9.0,4
Leeford Contoured Lumbo Sacral Support Belt - Grey,1250.0,1000,20.0,9.0,4
Baidyanath Triphala Guggulu Detoxify The Body - Pack Of 2,290.0,276,5.0,15.0,4
CULT Unisex Anti Burst Gym Ball - Blue,1399.0,602,57.0,9.0,4
Nutriorg USDA Certified Organic Instant Oats,1200.0,299,25.0,1.0,4
Bliss Of Earth Pakistan Himalayan Pink Salt Powdered,1200.0,235,25.0,6.0,5
Inja Super Greens Powder,500.0,475,5.0,9.0,4
Dr. Vaidya's Herbobuild Capsules (Pack Of 2),1200.0,598,25.0,1.0,1
Tea Treasure Punjabi Masala Chai,1200.0,499,25.0,3.0,5
"MuscleBlaze High Protein Muesli, Dark Chocolate & Cranberry",1200.0,1220,25.0,9.0,4
Briyo Multivitamin Nutrients Capsule For Men,672.0,605,10.0,9.0,4
Baidyanath Chandramrit Ras - Pack Of 2,196.0,166,15.0,9.0,4
"Strauss Rubber Anti-Burst Gym Ball, Round Shape, 85 cm (Blac...",1200.0,1609,25.0,9.0,4
Juliet Womens Non Padded Non Wired Feeding Bra Combo Mold Fe...,1200.0,898,25.0,2.0,5
TGL Co. Miracle Mint Herbal Tea Bags (Pack of 2) Refreshing ...,1200.0,698,25.0,9.0,4
NatXtra Platelet Active+ Boosting Platelets Level Capsules,1200.0,1599,25.0,9.0,4
Dr. Vaidya's Period Wellness,1200.0,300,25.0,9.0,4
Steadfast NUTRITION Incredible Whey Protein Blend For An Inc...,4500.0,3420,24.0,9.0,4
INLIFE Nutritional Meal Shake - Chocolate,1329.0,999,25.0,9.0,4
Morpheme Remedies Boswellia Curcumin 95% For Bone & Joint We...,999.0,480,52.0,4.0,5
What's Up Wellness Beauty Marine Titagen Collagen Powder Typ...,1849.0,1335,28.0,9.0,4
Deve Herbes Pure Wintergreen Essential Oil (Gaultheria procu...,399.0,391,2.0,1.0,3
HealthKart HK Vitals Multivitamin + Multivitamin Women + Fis...,1200.0,1527,25.0,2.0,3
Radhikas Cancer Turmeric Tulsi Liquorice Chai Tea For The Na...,1200.0,750,25.0,9.0,4
MuscleBlaze BCAA Pro - Green Apple,1200.0,2049,25.0,1.0,5
Fast&Up Vitalize Multivitamins Supplements - Orange (Pack of...,975.0,714,27.0,76.0,5
MuscleBlaze Ayurveda For Performance Tribulus 1000mg Tablets,379.0,319,16.0,4.0,4
Cureveda Herbal Joyful Joint Support Supplement Tablets For ...,1495.0,1346,10.0,9.0,4
Steadfast NUTRITION Incredible Whey Protein Blend For An Inc...,11700.0,8892,24.0,1.0,1
"Inlife Hair Support Supplement With Biotin, Bhringraj,Ashwag...",649.0,399,39.0,4.0,3
"Leeford Ankle Binder Breathable Support For Sprains, Strains...",325.0,289,11.0,2.0,5
MYPRO SPORT NUTRITION Plant Base Collagen Builder Advanced B...,1399.0,699,50.0,39.0,5
Sorich Organics Pudina Seeds Cracker,1200.0,275,25.0,9.0,4
Baidyanath Chandraprabha For Kidney Stone - Pack Of 3,138.0,123,11.0,9.0,4
Gritzo Supermilk Overall Growth (7-12Y Boys)(Double Chocolat...,1288.0,1199,7.0,9.0,4
YourHappyLife MOJO Testosterone Booster Capsules (Pack of 2),2198.0,1253,43.0,9.0,4
TGL Co. Kadak Masala Chai Premix 14 Tea Bags Boost Immune Sy...,1200.0,449,25.0,1.0,5
Sirona Cottony Soft Rash Free Sanitary Pads Combo Xl & Xl+ (...,273.0,185,32.0,1854.0,5
Gritzo SuperMilk Overall Growth (2-6y Boy & Girl) Double Cho...,1188.0,1099,7.0,9.0,4
Inlife Whey Protein Isolate Concentrate Hydrolysate Powder -...,1200.0,1219,25.0,9.0,4
Wellbeing Nutrition Glow & Thrive Essentials Combo,2798.0,2378,15.0,502.0,4
Nutriorg Certified Organic Wheatgrass Powder,1200.0,345,25.0,9.0,4
Oziva Acv Moringa Apple Cinnamon Hot Mix For Craving Control...,5400.0,3799,30.0,9.0,4
HealthyHey Nutrition Manganese Gluconate - Capsules,1099.0,499,55.0,9.0,4
Megagrow Isolate Whey Protein Powder - Cookies And Cream,4500.0,3195,29.0,9.0,4
"MuscleBlaze Weight Lifting Strap 2.0 (tum Nahi Samjhoge), Ye...",1200.0,899,25.0,3.0,4
Nutrabay Gold 100% Whey Protein Isolate - Strawberry Milksha...,5299.0,4504,15.0,9.0,4
Nutrabay Foods Original Peanut Butter - Crunchy,299.0,200,33.0,1.0,5
"Strauss Yoga Foam Roller, 30 cm (Black)",1199.0,801,33.0,9.0,4
Strauss Pack of 2 Tummy Twister - White & Blue,2098.0,1139,46.0,1.0,5
Bonayu All Natural Anti Hangover Shots - Pack of 6,750.0,300,60.0,9.0,4
MuscleBlaze Micronised Creatine Monohydrate Creamp Powder Pa...,4198.0,3079,27.0,9.0,4
Nutriorg Immunity Booster Juice,1200.0,285,25.0,9.0,4
Briyo All Around Revitalize Dietary Supplement for Daily Ene...,455.0,364,20.0,9.0,4
Nutriorg Aloevera Juice (Pack Of 2),1200.0,450,25.0,9.0,4
Bold Care Ultra Thin Long Last Condoms - Pack Of 2,1200.0,600,25.0,3.0,5
Morph Maternity Pack Of 2 Sleep Nursing Bras - Multi-Color,1200.0,1590,25.0,11.0,4
Baidyanath Gokshuradi Guggulu Urinary problems - Pack Of 2,360.0,342,5.0,2.0,4
NAKPRO Gold Whey Protein Concentrate Supplement Powder - Man...,9000.0,4500,50.0,9.0,4
SOIE Women'S Non-Padded Non-Wired Maternity Bra - Nude,1200.0,640,25.0,2.0,3
BRALCON Paneer Dodi,150.0,147,2.0,5.0,5
Baidyanath Panchasakar Digestion Powder - Pack Of 2,300.0,270,10.0,4.0,4
Vlado's Himalayan Organics 3mg Boron Helps Strong Bones & Re...,852.0,656,23.0,2.0,3
"Strauss Rubber Anti-Burst Gym Ball, Round Shape, 75 cm (Purp...",1625.0,1599,2.0,9.0,4
Steadfast NUTRITION Carborance Endurance Simple & Complex Ca...,1500.0,1065,29.0,9.0,4
Vlado's Himalayan Organics Organic Plant Protein Powder,2041.0,878,57.0,9.0,4
Body Smith Black Gym Shaker,1599.0,800,50.0,9.0,4
Strauss Adjustable Wrist-Forearm Strengthener (Black),569.0,473,17.0,1.0,5
Steadfast NUTRITION Snergy Instant Energy Pre Workout Supple...,300.0,213,29.0,9.0,4
INLIFE Guduchi Giloy (Tinospora Cordifolia) Stem Extract for...,549.0,399,27.0,2.0,5
HealthVit Echinacea Extract 250mg 60 Capsules,1200.0,800,25.0,9.0,4
BRALCON Arjun Chaal,150.0,147,2.0,1.0,5
Steadfast NUTRITION Incredible Isolate Whey Protein Blend In...,7500.0,5700,24.0,9.0,4
MYPRO SPORT NUTRITION Premium BCAA'S With 5G Of Pure Proven ...,1399.0,599,57.0,9.0,4
Steadfast NUTRITION Snergy Hydration Pre Workout Supplement ...,300.0,213,29.0,9.0,4
Tea Treasure Super Tulsi Green Tea,1200.0,420,25.0,3.0,5
Inlife Plant Based Vitamin B12 Supplements For Men & Women S...,699.0,579,17.0,9.0,4
Bliss Of Earth Paneer Dodi,1200.0,299,25.0,2.0,5
GNC Select Whey Protein Powder - Chocolate,1200.0,3298,25.0,9.0,4
Inlife Shilajit with Safed Musli | Ashwagandha Tribulus (Gok...,1200.0,929,25.0,9.0,4
Wellbeing Nutrition Nighttime Beauty Boosters Combo,2598.0,2298,12.0,806.0,4
Dr. Odin Back Rest Low BR 02,1350.0,1161,14.0,9.0,4
NAKPRO Platinum 100% Whey Protein Isolate Supplement Powder ...,7000.0,3500,50.0,2.0,5
Axiom Aloevera Cod 14,1200.0,375,25.0,1.0,4
CULT Yoga Mat Tpe 6Mm Reef Blue With Strap And Bag,3199.0,800,75.0,9.0,4
Juliet Womens Non Padded Non Wired Feeding Bra Combo Mold Fe...,1200.0,898,25.0,6.0,4
TGL Co. South African Rooibos Tea TB Boost Immunity Rich in ...,1200.0,549,25.0,1.0,3
Nutrabay Pro Nitro Build Whey Protein Powder - Rich Milk Cho...,7349.0,6026,18.0,1.0,4
Bold Care Topical Delay Spray + Mutual Pleasure Condoms Comb...,1200.0,1198,25.0,9.0,4
"SESA Himalayan Shilajit Resin 20 g Helps Boost Strength, End...",1450.0,1015,30.0,9.0,4
Deuter Unisex Blue Air Contact Lite 50 + 10 Rucksack Bag (L),1200.0,13999,25.0,9.0,4
Baidyanath Abhayarishta For Constipation - Pack Of 2,210.0,190,10.0,17.0,4
Inlife Natural Chitosan 1050mg Weight Loss Supplement for Wo...,799.0,499,37.0,1.0,1
"myDaily Collagen Support Vegan, Sugar-Free Biotin, Vit C & H...",1200.0,1299,25.0,74.0,4
Tea Treasure Usda Organic Tulsi Ginger Turmeric Herbal Tea,1200.0,199,25.0,3.0,5
Sorich Organics Energy Mix,1200.0,325,25.0,9.0,4
Nutrova Creatine Monohydrate For Adults - Berry,749.0,712,5.0,9.0,4
Sorich Organics Tulsi Green Tea,1200.0,190,25.0,17.0,5
iGRiD Smart Digital Body Fat Weight Scale Black (IGBWS-864),2999.0,1050,65.0,2.0,3
French Connection Nexus Premium Smart Watch with Blue Silico...,12995.0,2469,81.0,9.0,4
OneLife BCAA 6000mg - Peach Ice Tea,1200.0,1049,25.0,9.0,4
CULT Yoga Mat Allignment 6Mm Black Red With Strap,1799.0,720,60.0,9.0,4
"MuscleBlaze BCAA Gold 8:1:1 with Higher Leucine, Electrolyte...",2799.0,2239,20.0,9.0,4
Bold Care Pure Himalayan Shilajit,1200.0,799,25.0,9.0,4
Baidyanath Amritarishta Boost Immunity - Pack Of 2,210.0,190,10.0,2.0,5
Amocare Ashwagandha KSM-66 Capsules,1200.0,1199,25.0,9.0,4
Nutrabay Pure 100% Beta Alanine - Unflavoured,1200.0,749,25.0,2.0,5
Nutrabay Pure 100% Micellar Casein Protein - Unflavoured,3599.0,2519,30.0,9.0,4
Floret Pack of 2 Full-Coverage Maternity Bras - Multi-Color,1200.0,938,25.0,5.0,4
NAKPRO Platinum 100% Whey Protein Isolate Supplement Powder ...,7000.0,3500,50.0,8.0,5
NAKPRO Gold 100% Whey Protein Concentrate Supplement Powder ...,4600.0,2300,50.0,2.0,5
Sorich Organics Raw Quinoa Seeds,1200.0,175,25.0,37.0,4
Dr. Odin Hot Water Bottle - Yellow,399.0,351,12.0,9.0,4
Nutrabay Gold Bulk Up Mass Gainer Powder - Vanilla,3899.0,2807,28.0,9.0,4
NAKPRO Platinum Whey Protein Isolate Supplement Powder - Cho...,13800.0,6900,50.0,5.0,5
Phab Strawberries & Cream 18g Protein Milkshakes (Pack of 6),1200.0,810,25.0,9.0,4
MuscleBlaze Creapro Creatine - Unflavoured & Omega 3 Fish Oi...,1238.0,1099,11.0,9.0,4
TGL Co. Imperial Earl Grey Black Tea,1200.0,349,25.0,9.0,4
myDaily Thyroid Balance Supports Energy & Metabolism Seleniu...,1200.0,1499,25.0,15.0,4
Steadfast NUTRITION Power Massive Gainer The Ultimate Mass G...,4500.0,3420,24.0,9.0,4
MuscleBlaze Bcaa Pro - Watermelon,1349.0,1179,13.0,11.0,4
Nutrabay Gold Beta Alanine Powder - Lemon,499.0,299,40.0,1.0,5
GNC Pro Performance Pure Micronized Creatine Monohydrate Pow...,1200.0,1799,25.0,1.0,3
NAKPRO Whey Platinum Plus+ Protein Isolate - Chocolate,7200.0,3600,50.0,1.0,5
Baidyanath Pathrina Kidney Stone - Pack Of 2,260.0,234,10.0,2.0,5
Baidyanath Triphala Powder For Digestion - Pack Of 3,147.0,141,4.0,18.0,5
"MYPRO SPORT NUTRITION L-Carnitine , L-Tartrate 500mg Veg Cap...",999.0,349,65.0,5.0,4
Timex Fit 2.0 Casual Unisex Smart Watch - TWTXW205T,5995.0,4976,17.0,9.0,4
Kerala Ayurveda Dasamoolarishta,1200.0,190,25.0,9.0,4
Nirvasa Ashwagandha Tablets,499.0,474,5.0,3.0,5
Steadfast NUTRITION Warmax Protein Warrior Inside You Sachet...,17700.0,13452,24.0,9.0,4
Cureveda Pro Build Plant Protein 30G Protein With 6 Type Of ...,1795.0,1651,8.0,9.0,4
Inner Sense Organic Antimicrobial Soft Feeding Bra with Remo...,2391.0,2271,5.0,9.0,4
Karma Kettle Moringa Organic Green Tea Ancient Healing Colle...,1200.0,250,25.0,5.0,5
Nejo Feeding Bra Non Padded Seam Cups - Black,699.0,552,21.0,3.0,4
Dr. Odin Knee Wrap Neoprene NKW02,690.0,587,15.0,9.0,4
Amocare Energy Pleasure Pulse Gummies for Men,1200.0,999,25.0,9.0,4
Auric Ancient Herbs Hair Boost Tablets - Pack Of 8,4984.0,2990,40.0,9.0,4
Bonayu Immunity Curcumin Shots Pack Of 30 Pet Bottles,1200.0,2400,25.0,9.0,4
TGL Co. Sweet Dreams Tea Bags (Pack of 2) Improve Sleep Reli...,1200.0,798,25.0,9.0,4
Undercover Climax Chronicles And Solo Flight Rabbit Personal...,12999.0,7149,45.0,9.0,4
CULT Pencil Skipping Rope Black,399.0,251,37.0,9.0,4
Baidyanath Saptgun Oil For Burns & Boils - Pack Of 2,410.0,370,10.0,2.0,5
HealthyHey Nutrition Plant Protein Strawberry 500 Gm,1689.0,899,47.0,9.0,4
Vegan Greens Clean Women's Plant Protein with Herbs (Vanilla...,1999.0,1348,33.0,9.0,4
MuscleTech Mass-Tech Extreme 2000 - Triple Chocolate Brownie,1200.0,8999,25.0,3.0,2
Briyo All Around Daily Multivitamin Softgels For Women,685.0,610,11.0,9.0,4
Bold Care All In One Flavours Condoms + Sandalwood Candle + ...,1200.0,708,25.0,9.0,4
Dr. Odin OAM 004 Air Mattress Tubler Large,13950.0,9765,30.0,9.0,4
Wellbeing Nutrition Skin & Vitality Set Combo,3198.0,2718,15.0,1886.0,4
Setu Plant Protein + Veg Collagen 24G Protein Sachets - Viet...,900.0,729,19.0,9.0,4
Vegan Greens Everyday All Natural Plant Protein Powder - Unf...,2449.0,1619,34.0,9.0,4
Sorich Organics Lavender Tea,1200.0,420,25.0,7.0,4
Phab Mango Magic 18g Protein Milkshakes (Pack of 6),1200.0,810,25.0,9.0,4
CULT Unisex Ankle Support - Black,599.0,317,47.0,9.0,4
Dr. Vaidya's Pcos Care - Pack Of 3,1200.0,1197,25.0,1.0,1
Bliss Of Earth Certified Organic Rose Petel Powder,1200.0,425,25.0,9.0,4
Radhikas Calming Sage Blend - A Relaxing Tea For Wellness & ...,1200.0,700,25.0,1.0,5
Puma Orbita White Printed Ultimate Pl Brilliance Premier Lea...,9999.0,7999,20.0,9.0,4
Tea Treasure Calm Tea,1200.0,199,25.0,2.0,5
Briyo Coenzyme Q10 100 mg Dietary Supplement for Cardiovascu...,650.0,553,15.0,9.0,4
Baidyanath Madhumehari Granules Control Blood Suger Level - ...,370.0,326,12.0,6.0,4
Pure Nutrition Organic Virgin Olive Oil Spray,1200.0,899,25.0,9.0,4
Core Asana The Acutech Mat- Asparagus Green,1200.0,4000,25.0,3.0,4
Gritzo Supermilk Height+ 7G Protein Powder- Double Chocolate,419.0,379,10.0,9.0,4
MYPRO SPORT NUTRITION Slim Shake Protein Powder-Meal Replace...,2999.0,1349,55.0,14.0,5
NAKPRO Calcium Caseinate Protein Powder - Double Rich Chocol...,3600.0,1800,50.0,9.0,4
Morpheme Remedies Hair Vital Glow 500mg Extract,1200.0,449,25.0,9.0,4
Tea Treasure Assorted Wooden Tea Gift Chest,1200.0,2999,25.0,2.0,5
HealthyHey Nutrition Kapikachhu - Mucuna Pruriens Extract - ...,1069.0,549,49.0,9.0,4
Body Smith Grey Silicone Gym Hand Grips (Pack of 2),1599.0,448,72.0,9.0,4
Sorich Organics Chia And Flax Seeds,1200.0,658,25.0,40.0,5
Nutrabay Gold Beta Alanine Powder - Cola,499.0,299,40.0,9.0,4
Carbamide Forte L-Glutamine 5000mg Powder - Unflavoured,999.0,749,25.0,9.0,4
Steadfast NUTRITION Leanfast Metabolism Booster Weight Loss ...,1335.0,828,38.0,9.0,4
Floret Pack of 2 Full-Coverage Maternity Bras - Multi-Color,1200.0,938,25.0,8.0,5
Strauss Double Resistance Tube with PVC handle and door Knob...,749.0,569,24.0,1.0,3
Fast&Up Watermelon Flavour Pre-Workout with Explosive Energi...,1200.0,1870,25.0,1.0,4
Bold Care Pure & Natural Himalayan Shilajit Gold Resin,1200.0,1699,25.0,9.0,4
Axiom Ayurvedic Chyawanprash,1200.0,500,25.0,2.0,5
NAKPRO Perform Whey Protein Concentrate Supplement Powder - ...,7000.0,3500,50.0,9.0,4
"Strauss Rubber Anti-Burst Gym Ball, Round Shape, 65 cm (Blue...",1219.0,949,22.0,1.0,5
Everpure Life Hydrolyzed Marine Collagen Peptides Vitamin C ...,1200.0,2700,25.0,9.0,4
Radhikas Calming Silver Needle White Leaf - A Calming Luxury...,1200.0,750,25.0,9.0,4
Strauss Pack of 2 Adjustable Skipping Rope - Grey & Orange,598.0,449,25.0,9.0,4
MuscleBlaze Mb-vite Multivitamin With Omega 3 Fish Oil 1000 ...,1200.0,2728,25.0,9.0,4
Core Asana The Acutech Mat- Onyx Black,1200.0,4000,25.0,9.0,4
Healthvit Selenium 40 mcg and Vitamin E 10 mg,1200.0,400,25.0,1.0,5
Baidyanath Ekangweer Ras - Pack Of 3,375.0,339,10.0,5.0,5
Bold Care Extend Topical Spray - Pack of 3,1200.0,990,25.0,4.0,4
Nutrabay Wellness Garcinia Cambogia Extract (vrikshamla) 100...,549.0,203,63.0,2.0,4
Nutrabay Wellness Milk Thistle Extract (silymarin Marianum) ...,749.0,404,46.0,2.0,3
MYPRO SPORT NUTRITION Micronized Creatine - Supports Muscle ...,899.0,599,33.0,9.0,5
BBETTER Vitamin D3 400 Iu Supplement - Vitamin D3 - Softgels,1200.0,799,25.0,2.0,3
Baidyanath Punarnawarist Healthy Liver - Pack Of 2,370.0,334,10.0,31.0,4
Gritzo SuperMilk Growth+ (Formerly Height+) (13+y Girls) Dou...,1388.0,1299,6.0,9.0,4
"Strauss Yoga Mat, 6 mm (Green)",1299.0,1049,19.0,9.0,4
Bold Care Extend Topical Spray,1200.0,799,25.0,1.0,1
MYPRO SPORT NUTRITION Muscle Recovery And Endurance Suppleme...,1099.0,299,73.0,6.0,5
Dr. Odin Wrist Wrap AW01,275.0,234,15.0,1.0,2
Undercover Ripple Touch Vibrator Textured Personal Massager,7999.0,4159,48.0,9.0,4
Buff Unisex Multi-Color Polyester Original Eco Stretch Lise ...,1200.0,1299,25.0,9.0,4
The Good Bug Sleep And Calm Supergut Powder (Pack Of 4),2716.0,2149,21.0,20.0,4
Nutriorg Certified Organic Elixir Apple Cider Vinegar,1200.0,525,25.0,9.0,4
Buff Unisex Black Wicking Fastwick Summer Hiking Trekking Bi...,1200.0,1299,25.0,9.0,4
"MyFitFuel Hmb 1500Mg (Hydroxy, Methylbutyrate) Metabolite Of...",859.0,565,34.0,19.0,5
MYPRO SPORT NUTRITION Pea & Brown Rice 100% Plant Protein Po...,899.0,529,41.0,9.0,4
Nature's Island Collagen Skin Formula For Glow - Mango Duet,2599.0,1799,31.0,1.0,1
Dr. Vaidya's Herbo24Turbo Shilajit Resin In Softgel Capsules,1200.0,599,25.0,9.0,4
Neulife (Procel) Fermented L-glutamine Powder 400g Micronize...,1200.0,2299,25.0,9.0,4
MuscleBlaze Training Bag with Shoe Compartment - Camo Navy,1200.0,1299,25.0,1.0,1
MYPRO SPORT NUTRITION Protein Drink Powder Mypro Kids Grow A...,699.0,499,29.0,5.0,4
Nutrabay Pure Citrulline Malate Amino Acid Powder - Unflavou...,479.0,302,37.0,9.0,4
Tea Treasure Calm Tea,1200.0,420,25.0,6.0,5
Dr. Odin OCB101 Clavicle Brace Black Large,595.0,506,15.0,9.0,4
Nutrabay Gold BCAA 2:1:1 +Electrolytes Powder - Green Apple,999.0,649,35.0,9.0,4
Bold Care Progeny Strength Booster,1200.0,1800,25.0,21.0,4
By Nature Pumpkin Seeds,1200.0,225,25.0,3.0,4
Phab Strawberries & Cream 18g Protein Milkshakes (Pack of 12...,1200.0,1620,25.0,9.0,4
INLIFE Safed Musli Extract 500mg (60 Veg. Capsules),699.0,449,36.0,6.0,4
Mountainor Glutathione and Omega Combo for Brighter Skin,2398.0,1598,33.0,4554.0,4
Wellbeing Nutrition Nourish & Renew Set Combo,2298.0,1888,18.0,698.0,4
Nutriorg Noni Juice,1200.0,825,25.0,1.0,3
Dr. Vaidya's Period Wellness - Pack Of 3,1200.0,900,25.0,9.0,4
Axiom Arjuna Amla Juice - Pack of 2,1200.0,400,25.0,9.0,4
MuscleBlaze Gym Duffle Bag,1200.0,799,25.0,3.0,3
NatXtra Multivitamin Minerals Complex Health Supplemet for 3...,1200.0,1400,25.0,9.0,4
Briyo CoenzymeQ10 + Omega 3 Softgels,979.0,685,30.0,9.0,4
Plix Glowy Skin Bubbly 600MG Glutathione Effervescent Tablet...,7920.0,6415,19.0,9.0,4
NutroActive Keto Sugar Zero Carb Sweetener 100% Sugar Free (...,1200.0,1198,25.0,9.0,4
Sorich Organics Lightly Seasoned Seeds Cracker,1200.0,245,25.0,9.0,4
Strauss Blue Counter Meter Adjustable Strengthener Hand Grip...,1450.0,1189,18.0,9.0,4
Nature's Island Collagen Bone Joint Formula For Stronger Bon...,4998.0,2899,42.0,9.0,4
Axiom Aloevera Juice - Pack of 2,1200.0,300,25.0,5.0,5
Leeford Knee Wrap Neoprene Knee Support For Pain Relief,875.0,700,20.0,9.0,4
Nourish Vitals Spirulina Pure Herbs - 500mg Spirulina Extrac...,449.0,301,33.0,2.0,3
"WishNew Wellness Beauty Collagen Complex for Healthy Hair, S...",1200.0,1500,25.0,1.0,4
OBSESSIONS Reversible Yoga Mat with Carrying Strap Blue and ...,1450.0,1015,30.0,9.0,4
NutritJet Hair Vitamins With Biotin Tablets,1099.0,824,25.0,9.0,4
Nutriorg Giloy With Amla Juice,1200.0,299,25.0,6.0,5
"MyFitFuel Mff Micellar Casein (slow Release Protein), Unflav...",1579.0,946,40.0,25.0,5
"Nourish Vitals Curcumin Capsules - 95% Curcuminoids, 500mg T...",2598.0,1403,46.0,3.0,4
CULT Skipping Rope - with weights Red-Black,599.0,365,39.0,9.0,4
Gritzo Supermilk Growth+ 10G Protein Double Chocolate For 7 ...,1598.0,1448,9.0,1.0,5
Tea Treasure Jasmine Green Tea,1200.0,420,25.0,2.0,4
"Strauss Deep Tissue Massage Foam Roller, 45 cm (Orange)",1575.0,1289,18.0,9.0,4
Karma Kettle Nightingale Silver Tips White Tea With Butterfl...,1200.0,350,25.0,3.0,3
Leeford Polyurethane Tennis Elbow Support Brace Band for Pai...,235.0,219,7.0,1.0,4
Morpheme Remedies Kohinoor Gold Plus For Strength-power & St...,1299.0,546,58.0,6.0,4
Steadfast NUTRITION Incredible Isolate Whey Protein Blend Th...,1500.0,1140,24.0,9.0,4
MuscleBlaze Pre Workout 200 Xtreme - Berry Bolt,1249.0,1089,13.0,1.0,1
NatXtra i-Right+ Supports Eye Health Capsules,1200.0,1099,25.0,9.0,4
Buff Original New Cashmere Black Tubular-Original,1200.0,1299,25.0,9.0,4
NAKPRO Gold Whey Protein Concentrate Supplement Powder - Str...,9000.0,4500,50.0,1.0,5
Bold Care 404 Super Ultra Thin Chocolate Flavored Condoms Fo...,1200.0,597,25.0,2.0,3
Wellbeing Nutrition Beauty Bliss Duo Combo,3998.0,3398,15.0,632.0,4
Bliss Of Earth 100% Pure Lemon Peel Powder,1200.0,220,25.0,5.0,4
Axiom Flutreat - Pack of 2,1200.0,560,25.0,9.0,4
Nutrabay Creafizz Effervescent Powder - Cola Flavour,1200.0,39,25.0,9.0,4
Steadfast NUTRITION Active Bcaa For Muscle Recovery & Endura...,2400.0,1704,29.0,9.0,4
Bliss Of Earth Milk Thistle Seeds Organic Super Food,1200.0,660,25.0,3.0,5
Inlife Vegan Collagen Builder Supplements For Women And Men ...,1149.0,849,26.0,2.0,1
NAKPRO Platinum 100% Whey Protein Isolate Supplement Powder ...,7000.0,3500,50.0,2.0,3
Greenbrrew Decaffeinated Natural Instant Green Coffee (Pack ...,1200.0,598,25.0,2.0,4
MyFitFuel Isotonic Instant Sports Energy Hydration - Orange,709.0,470,34.0,9.0,4
Onelife Sleep Tight 5mg: Melatonin Natural Sleeping Aid Tabl...,1200.0,799,25.0,2.0,3
Bliss Of Earth Calcium Carbonate Powder,1200.0,520,25.0,1.0,5
Steadfast NUTRITION Snergy Hydration Pre Workout Supplement ...,1500.0,1065,29.0,9.0,4
Strauss Tummy Twister (Blue),909.0,719,21.0,1.0,1
HealthyHey Nutrition Gold Collagen - Blackcurrant,2219.0,1009,55.0,5.0,4
SWARNAKAYU 24K Gold Bhasma Brain Supplements,1200.0,1500,25.0,9.0,4
Baidyanath Gaisantak Bati Gas Problem - Pack Of 2,260.0,228,12.0,9.0,4
Everpure Life Hydrolyzed Marine Collagen Peptides Skin & Bea...,3000.0,2400,20.0,2.0,4
Nutrabay Gold BCAA 2:1:1 +Electrolytes Powder - Cola,999.0,500,50.0,9.0,4
Nutriorg Karela Juice,1200.0,299,25.0,1.0,4
Steadfast NUTRITION L-Arginine Support Nitric Oxide Producti...,800.0,496,38.0,9.0,4
Leeford Back Rest For Enhanced Support And Correct Posture E...,1750.0,1208,31.0,9.0,4
Gritzo SuperMilk Growth+ (Formerly Height+) (13+y Boys) Doub...,1498.0,1299,13.0,9.0,4
Steadfast NUTRITION Incredible Whey Protein Blend For An Inc...,11700.0,8892,24.0,9.0,4
SandPuppy Reusable Neck and Shoulder Ice Pack Wrap Cervicool,3999.0,1520,62.0,9.0,4
Bold Care Ecstasy Condoms + Sandalwood Candle + Blindfold Co...,1200.0,959,25.0,9.0,4
Gritzo SuperMilk Growth+ (Formerly Height+) (7-12y Boys) Cre...,1338.0,1249,7.0,9.0,4
Swarnakayu 24K Gold Bhasma Lung Detox Tablet,1200.0,1500,25.0,9.0,4
Sorich Organics Breakfast Mix,1200.0,355,25.0,9.0,4
"Gritzo Supermilk Athlete, 14G Protein Double Chocolate 7 -12...",1898.0,1748,8.0,1.0,5
INLIFE Micronized Creatine Monohydrate Powder Supplement for...,619.0,399,36.0,1.0,4
HealthyHey Nutrition Green Coffee Bean Extract - Capsules,1329.0,809,39.0,1.0,5
Leeford ArmSling Baggy Pouch for Both Arm,325.0,289,11.0,9.0,4
Vlado's Himalayan Organics Vlado's Chromium Picolinate 400MC...,896.0,708,21.0,9.0,4
NAKPRO Hydro Whey Protein Hydrolyzed Supplement Powder - Coo...,4800.0,2400,50.0,9.0,4
MuscleBlaze BCAA Pro - Watermelon & Fruit Splash (Two Flavou...,1349.0,1179,13.0,6.0,5
Enamor Eco-Melange Sectioned Lift Non Padded Wirefree High C...,1200.0,979,25.0,6.0,5
La Vigne Padded Non Wired Full Cup Cotton Comfortable Matern...,2295.0,1148,50.0,9.0,4
Secret Alchemist Breathe Cold Reliever Roll On Clear Nasal C...,1200.0,699,25.0,4.0,3
MyFitFuel Plant Brown Rice Protein - Unflavored,2129.0,1233,42.0,9.0,4
BBETTER Collagen Marino - Pure Hydrolysed Marine Collagen Po...,1200.0,2697,25.0,21.0,4
MuscleBlaze Pre-Workout Ripped - Raspberry Lemonade,2199.0,1679,24.0,9.0,4
Sorich Organics Peri Peri Seeds Mix,1200.0,325,25.0,1.0,5
NAKPRO Platinum Whey Protein Isolate Supplement Powder - Cof...,13800.0,6900,50.0,4.0,4
NAKPRO Hydro Whey Protein Hydrolyzed Supplement Powder - Van...,4800.0,2400,50.0,9.0,4
myDaily Thyroid Balance Powder - Cookie & Cream,1200.0,1499,25.0,9.0,4
Phab Vanilla Almond 18g Protein Milkshakes (Pack of 6),1200.0,810,25.0,9.0,4
Buff Unisex Green Heiq Cooling Coolnet Uv Bandana,1200.0,1699,25.0,9.0,4
The Good Bug Good Down There Supergut Powder (Pack Of 4),2716.0,2149,21.0,96.0,5
Karma Kettle Ashwagandha Organic Green Tea Ancient Healing C...,1200.0,250,25.0,1.0,5
Open Secret White Chocolate Cashew Cookies - Pack Of 4,1200.0,420,25.0,9.0,4
Gritzo Supermilk Growth+ Protein Double Chocolate For 2 -6Y ...,1498.0,1348,10.0,9.0,4
INLIFE Heart Care Supplement 500mg (60 Vegetarian Capsules),749.0,499,33.0,9.0,4
Gritzo SuperMilk Growth+ (Formerly Height+) (7-9y Girls) Dou...,1338.0,1249,7.0,9.0,4
Bold Care Extend Delay Spray + Pure Ashwagandha Chews Love G...,1200.0,1429,25.0,9.0,4
INLIFE Liver Support 500mg (60 Vegetarian Capsules),649.0,449,31.0,1.0,4
Steadfast NUTRITION Power Protein Glutamine And Essential Am...,11700.0,8892,24.0,9.0,4
BBETTER Testosterone Booster For Men - Veg Tablets,1200.0,1199,25.0,17.0,5
HealthyHey Nutrition Milk Thistle Extract - 25:1(Silymarin M...,1419.0,809,43.0,2.0,4
Timberland Lacandon Strap for Apple/Samsung smart watch 20mm...,3775.0,1888,50.0,9.0,4
"Strauss Yoga Mat Bag (Full Zip), Pink",725.0,529,27.0,9.0,4
Mamma Presto Cotton Front Open Maternity Feeding Bra - Grey,1599.0,1279,20.0,5.0,3
HealthyHey Nutrition Olive Leaf Extract Oleuropein - Veg Cap...,1329.0,809,39.0,9.0,4
Nutrabay Gold Bulk Up Mass Gainer Powder - Strawberry,3899.0,2534,35.0,9.0,4
Columbia Unisex Black Tritan Co-Polyester Hydration Water Bo...,1200.0,1699,25.0,9.0,4
MYPRO SPORT NUTRITION Pea & Brown Rice 100% Plant Protein Po...,899.0,529,41.0,3.0,5
Wellbeing Nutrition Beauty & Wellness Bundle Combo,3398.0,2888,15.0,696.0,4
Strauss X shape Yoga Resistance Band (Red),609.0,559,8.0,9.0,4
Gritzo SuperMilk Growth+ (Formerly Height+) (7-9y Girls) Dou...,2198.0,1949,11.0,9.0,4
Steadfast NUTRITION Fish Oil Wellness Omega 3 Fatty Oil,900.0,558,38.0,1.0,5
"Inlife Plant Protein Powder - Pea, Quinoa & Brown Rice - 25g...",1329.0,899,32.0,2.0,5
Vlado's Himalayan Organics L-Taurine 500mg Capsules,879.0,765,13.0,9.0,4
Plix The Plant Fix ACV Hot Brew Ginger Nutmeg Effervescent T...,2800.0,1904,32.0,9.0,4
Morpheme Remedies Grape Seed Extract 500mg Extract - 60 Veg ...,1200.0,349,25.0,42.0,5
Axiom Aloevera Cod 23,1200.0,375,25.0,2.0,3
Axiom Satawar Juice - Pack of 2,1200.0,560,25.0,9.0,4
HealthyHey Boswellia Serrata & Curcumin With Bioperine - Veg...,1599.0,899,44.0,2.0,5
Bralux Padded Blossam Feeding Bra - Black,1200.0,999,25.0,2.0,4
NAKPRO Grass Fed Whey Protein Concentrate 80% - Unflavoured,4800.0,2400,50.0,6.0,5
Nutrabay Pro Testosterone Booster (natural) Capsules,979.0,607,38.0,4.0,4
"Strauss Yoga Mat, 8 mm (Grey)",1775.0,1189,33.0,9.0,4
Strauss Dual Yoga Massage Ball (Pink),629.0,509,19.0,9.0,4
AromaMusk Organic Pure Carrier Argan Oil Protecting Argania ...,849.0,611,28.0,1.0,5
Onelife L-Glutamine 5000mg Flavour Green Apple,1200.0,1749,25.0,9.0,4
"Strauss Yoga Mat, 4 mm (Blue)",949.0,779,18.0,1.0,3
Baidyanath Chyawanprash Special Immunity Booster - Pack Of 2,230.0,194,16.0,17.0,5
Inner Sense Organic Antimicrobial Soft Nursing Bra Combo of ...,1594.0,1259,21.0,2.0,5
Steadfast NUTRITION Multivitamin Mega Pack Minerals Vitamins...,2700.0,1674,38.0,9.0,4
Sorich Organics Daily Dose Mix,1200.0,355,25.0,1.0,5
Baidyanath Ashokarishta Asava For Healthy Menstrual Cycle - ...,310.0,280,10.0,14.0,4
Nutrabay Gold L-Glutamine Powder - Lemon,649.0,480,26.0,9.0,4
"INLIFE Natural Arjuna Extract 500mg, 60 Veg Capsules For Car...",599.0,339,43.0,2.0,5
Vlado's Himalayan Organics Grape Seed Extract 500Mg/Serving ...,1200.0,1328,25.0,3.0,5
Nejo Feeding/Nursing Maternity Padded Bra - Red,999.0,689,31.0,7.0,4
NatXtra i-Sleep Plus Supports Good Sleep Capsules,1200.0,1400,25.0,9.0,4
Baidyanath Chyawanprash Special Immunity Booster- Pack Of 2,470.0,338,28.0,13.0,4
Karma Kettle Moksha Organic Black Tea With Peppermint & Lotu...,1200.0,350,25.0,2.0,5
Wellbeing Nutrition Collagen & Care Duo Combo,3198.0,2718,15.0,1828.0,4
NAKPRO Gold Whey Protein Concentrate Supplement Powder - Cho...,9000.0,4500,50.0,3.0,4
NAKPRO Hydro Whey Protein Hydrolyzed Supplement Powder - Cho...,9400.0,4700,50.0,9.0,4
Buff Unisex Blue Upf 50 Original Ecostretch Bandana,1200.0,1499,25.0,9.0,4
Kookee Blue Stainless Steel Vacuum Insulated Double Wall Fla...,2995.0,1797,40.0,9.0,4
"Inlife Plant Protein Powder - Pea, Quinoa & Brown Rice - 25g...",1329.0,899,32.0,1.0,3
MuscleBlaze BCAA Pro Powerful Intra Workout - Tropical Fest,1099.0,949,14.0,9.0,4
Mamma Presto Wirefree Lightly Padded Maternity Feeding Bra -...,2399.0,1919,20.0,1.0,5
INLIFE Double Strength Fish Oil Omega 3 (60 Liquid Filled Ca...,1199.0,599,50.0,8.0,4
"HealthyHey Nutrition Plant Based Vegan Protein Powder, Low N...",1899.0,899,53.0,3.0,4
"MyFitFuel L-Arginine (100% Pure, No Other Ingredient), Unfla...",1149.0,633,45.0,11.0,5
The Better Home Copper Bottle 950 ml Grey,2789.0,949,66.0,9.0,4
Bliss Of Earth Certified Organic Sunflower Oil,1200.0,550,25.0,3.0,3
Nutriorg Ortho Juice,1200.0,489,25.0,1.0,5
SandPuppy Shape Daily - Waist Trainer Corset - Tummy Trimmer...,1999.0,700,65.0,31.0,4
Speedo Unisex Adult Jet 2.0 Blue Tint Lens Swim Goggles - Bl...,1200.0,899,25.0,9.0,4
MYPRO SPORT NUTRITION Complex Weight Gainer Advanced High Pr...,1050.0,599,43.0,18.0,5
Carbamide Forte Antarctic Krill Oil 1000mg Softgels,1230.0,799,35.0,1.0,4
Columbia Unisex Blue Tritan Co-Polyester Hydration Water Bot...,1200.0,1499,25.0,9.0,4
Baidyanath Gokshuradi Guggulu Urinary problems - Pack Of 2,200.0,180,10.0,3.0,5
"Gritzo SuperMilk Weight+ (7-12y), 7g Protein Double Chocolat...",1288.0,1199,7.0,9.0,4
SESA Shilajit Gold Capsules With Swarna Bhasma & 60%+ Fulvic...,895.0,806,10.0,9.0,4
The Good Bug Gut Balance Supergut Powder (Pack Of 4),2716.0,2149,21.0,128.0,4
Tea Treasure Kadak Chai Masala Sprinkler,1200.0,179,25.0,3.0,3
HealthyHey Nutrition Phosphorus - Veg Capsules,979.0,599,39.0,1.0,1
Puma Orbita White Printed Mini Premier League Licensed Footb...,1299.0,1039,20.0,9.0,4
MyFitFuel Caffeine Free Pre Workout 6000 Mix Fruit,1149.0,663,42.0,42.0,5
HealthKart HK Vitals Glutathione 30 capsules & Biotin 90 tab...,1658.0,1199,28.0,16.0,4
Wellbeing Nutrition Beauty & Balance Essentials Combo,3398.0,2888,15.0,496.0,4
"Inlife Apple Cider Vinegar With Mother Of Vinegar, Garlic, G...",939.0,599,36.0,3.0,3
Baidyanath Drakshasava Ayurvedic Tonic For Overall Health An...,300.0,270,10.0,7.0,4
Inlife Diastan Ayurvedic Herbal Supplement for Men & Women,749.0,479,36.0,9.0,4
Baidyanath Arjunarishta Maintain Blood Pressure - Pack Of 2,240.0,216,10.0,4.0,5
INLIFE Natural Immunity Booster Kit Combo Pack of 3,1200.0,1747,25.0,9.0,4
Bliss Of Earth Naturally Organic White Sesame Seed,1200.0,320,25.0,3.0,5
INLIFE Multivitamin and MultiMinerals For Men and Women,619.0,449,27.0,11.0,4
Nutriorg Wheatgrass Juice,1200.0,360,25.0,5.0,4
Sorich Organics 9 In One Seeds Mix,1200.0,245,25.0,9.0,3
"Zenvista Herbs Apothecary Ashwagandha Powder for Stress, Str...",1200.0,499,25.0,9.0,4
Inner Sense Organic Cotton Antimicrobial Nursing Bra Pack of...,1851.0,1795,3.0,9.0,4
SandPuppy Multipurpose Hot & Cold Pad Combo (Kneestrap & Col...,1999.0,1849,8.0,9.0,4
Baidyanath Abhayarishta For Constipation- Pack Of 2,370.0,296,20.0,22.0,4
Siddhayu Diabo Yogue Maintain Blood Suger Level,295.0,266,10.0,1.0,4
Baidyanath Supari Pak Post Delivery - Pack Of 2,220.0,198,10.0,5.0,3
Nature's Island Collagen Bone Joint Formula For Stronger And...,2499.0,1449,42.0,4.0,5
Dr. Vaidya's Piles Care - Pack Of 3,1200.0,1245,25.0,9.0,4
Briyo All Around Joint Guard Advanced Joint Support With Col...,440.0,361,18.0,9.0,4
Columbia Omni-heat Touch Glove Liner (Black),1200.0,2299,25.0,9.0,4
Zeroharm Ashwagandha Roots Capsules,1200.0,1199,25.0,9.0,4
Ace Blend Chaga Shroom Instant Decaf Medium Roast Blend Coff...,445.0,396,11.0,9.0,4
Bold Care 404 Nano & Ultra Thin Strawberry Flavored Condoms ...,1200.0,498,25.0,2.0,5
Speedo Unisex Adult Vanquisher 3.0 Mirror Smoke Lens Swim Go...,1200.0,2999,25.0,9.0,4
MYPRO SPORT NUTRITION 100% Plant Based Biotin10000+ Mcg Extr...,899.0,499,44.0,12.0,5
Undercover Altura Bullet Vibrator & Tingling Water Based Lub...,8998.0,4499,50.0,9.0,4
Baidyanath Ashwagandhadi Powder - Pack Of 2,330.0,258,22.0,8.0,4
Nutriorg Certified Organic Groundnut Oil,1200.0,275,25.0,5.0,5
Steadfast NUTRITION Multivitamin Pack Minerals Vitamins Omeg...,1100.0,682,38.0,1.0,4
CULT Yoga Mat Unisex Tpe Black 6Mm With Bag And Strap,3399.0,850,75.0,9.0,4
Siddhayu Garlic Tablet Cardiac Wellness (Vegan),150.0,135,10.0,4.0,4
INLIFE Garcinia Cambogia Vrikshamla Ghan 60% HCA 1600 mg per...,1599.0,699,56.0,1.0,5
"PLIX Ultra Vitality Effervescent for Stamina, Performance & ...",1200.0,1400,25.0,9.0,4
Nutrabay Pro BCAA 8:1:1 with Electrolytes - Lemon Lime,1599.0,800,50.0,9.0,4
NatXtra Easy AM Detoxification Capsules,1200.0,1899,25.0,9.0,4
TGL Co. Chamomile Tea Bags (Pack of 2) to Improve Sleep Redu...,1200.0,698,25.0,1.0,5
MyFitFuel Performance Whey Multi Protein Blend 25G Protein 5...,2549.0,1775,30.0,50.0,5
MYPRO SPORT NUTRITION Mypro Nutrition Probiotics Supplement ...,999.0,329,67.0,10.0,4
Morpheme Remedies Kohinoor Gold Plus 500mg Extracts - 60 Veg...,1199.0,504,58.0,18.0,5
Nutrabay Foods Natural Peanut Butter Unsweetened - Creamy,499.0,329,34.0,6.0,4
Tea Treasure Sweet Dreams Caffeine Free Tea,1200.0,420,25.0,7.0,5
Vegan Greens Women's Plant Protein with Herbs Powder - Vanil...,3129.0,1999,36.0,9.0,4
Baidyanath Kasamrit HerbalCough & Sore throat - Pack Of 2,180.0,142,21.0,16.0,4
Deuter Unisex Black Bike I 20 Backpack (S),1200.0,6999,25.0,9.0,4
Nutrabay Gold Concentrate Whey Protein Powder - Malai Kulfi,6499.0,5914,9.0,9.0,4
Radhikas Khatiya & Teaware,1200.0,4500,25.0,9.0,4
INLIFE Fish Oil Omega 3 1000mg Softgels,699.0,499,29.0,7.0,4
Steadfast NUTRITION Power Protein Glutamine Essential Natura...,1200.0,912,24.0,9.0,4
Tego Stance Reversible 6 mm Yoga Mat with GuildAlign (With B...,3599.0,3023,16.0,1.0,5
HealthyHey Nutrition Natural Caffeine + L-Theanine 60 Veg Ca...,1159.0,709,39.0,9.0,4
Phab Chocolate Almond 5g Protein Energy Bars (Pack of 12),1200.0,600,25.0,9.0,4
Dr. Vaidya's Piles Care - Pack Of 2,1200.0,830,25.0,2.0,2
Baidyanath Abhrak Bhasma (shatputi),185.0,157,15.0,9.0,4
Siddhayu Winostress Relief Stress & Relax Mind,1200.0,225,25.0,2.0,2
Nutrabay Gold Mega Mass Weight Gainer - Rich Chocolate Creme,1649.0,1402,15.0,9.0,4
Inlife Shilajit with Ashwagandha Safed Musli Akarkara Streng...,1199.0,899,25.0,1.0,5
Dr. Odin Air Mattress Tubler OAM003,9999.0,6999,30.0,9.0,4
Oziva Acv Moringa Desi Kahwa Hot Mix For Craving Control - P...,5400.0,3799,30.0,9.0,4
CULT Yoga Stretch Belt Black,299.0,200,33.0,9.0,4
Radhikas Detox Hibiscus Roselle Tisane - A Fruity Infusion F...,1200.0,750,25.0,9.0,4
Omtex Cricket White Inner Gloves Cut Fingures - Player,419.0,293,30.0,9.0,4
Baidyanath Abhrak Bhasma,123.0,95,23.0,1.0,5
Tea Treasure English Breakfast Black Tea,1200.0,199,25.0,9.0,4
Briyo Mini Fish Oil Mini Softgels,570.0,428,25.0,9.0,4
Karma Kettle Savanna Iced Tea With Spiced Apple Rooibos,1200.0,300,25.0,1.0,5
"MyFitFuel MFF Whey Protein 80, Chocolate Caramel",2599.0,2147,17.0,1.0,5
Strauss Toning Tube (Blue),649.0,559,14.0,9.0,4
Nutrabay Creafizz Effervescent Powder - Lemon Flavour (15 Sa...,529.0,402,24.0,9.0,4
Buff Original Hunter Military Tubular-Original,1200.0,1299,25.0,9.0,4
Radhikas Scorpio Kahwa Kashmiri Tea For The Super Power,1200.0,750,25.0,9.0,4
Undercover Altura Bullet And Big O Palm Personal Massager Fo...,12999.0,7149,45.0,9.0,4
Karma Kettle Ancient Healing Collection Gift Box - Green Tea...,1200.0,600,25.0,9.0,4
Setu Plant Protein + Veg Collagen 24G Protein Vietnamese Ice...,1800.0,1299,28.0,9.0,4
Bliss Of Earth 100% Pure Organic Moroccan Argan Oil,1200.0,1350,25.0,4.0,4
Sorich Organics Protein Mix,1200.0,275,25.0,9.0,4
Karma Kettle Matcha Green Tea Powder With Mandarin Orange,1200.0,650,25.0,1.0,5
Open Secret Peanut Butter Cookies - Pack Of 4,1200.0,420,25.0,2.0,5
Omtex Cricket White Inner Gloves Cut Fingures - Professional,419.0,293,30.0,1.0,5
Undercover Solo Flight Rabbit Vibrator & Chocolate Water Bas...,8998.0,4499,50.0,9.0,4
By Nature Wheat Grass Powder,1200.0,380,25.0,3.0,3
Krishna's Herbal & Ayurveda Naurcissus Juice,1200.0,328,25.0,5.0,4
HealthyHey Nutrition L - Arginine - Veg Capsules,1329.0,709,47.0,9.0,4
MuscleBlaze BCAA Gold 8:1:1 - Watermelon,2799.0,2239,20.0,9.0,4
Nutrabay Gold Bulk Up Mass Gainer Powder - Mango,5999.0,4739,21.0,9.0,4
Morph Maternity Pack Of 3 Leak-Proof Sleep Nursing Bras - Mu...,1200.0,2685,25.0,1.0,5
Strauss Blue 6mm Yoga Mat (Pack of 2),2598.0,2009,23.0,9.0,4
Swarnakayu 24K Gold Bhasma Liver Detox Tablet,1200.0,1700,25.0,9.0,4
MuscleBlaze Biozyme Iso-Zero Low Carb 100% Pure Whey Protein...,5399.0,4799,11.0,9.0,4
Mountainor Collagen and Omega Tablets Combo For Youthful Ski...,2098.0,1478,30.0,1400.0,4
Baidyanath Pure Honey - Pack Of 2,280.0,252,10.0,15.0,4
Columbia Mens Matte Black Peak Racer Sunglasses (S),1200.0,9999,25.0,9.0,4
Nutrabay Gold L-Glutamine Powder - Cola,649.0,480,26.0,9.0,4
Baidyanath Amritarishta Boost Immunity - Pack Of 2,360.0,324,10.0,1.0,1
"What's Up Wellness Glutathione Gummies with Vitamin C, Radia...",4797.0,3592,25.0,30.0,5
NatXtra Ashwagandha-DSTR Helps to Increase Stamina & Strengt...,1200.0,999,25.0,9.0,4
Phab Choco Fudge 5g Protein Energy Bars (Pack of 12),1200.0,600,25.0,9.0,4
Nature's Island Pea Protein Isolate - Caffe Mocha,999.0,799,20.0,9.0,4
"INLIFE Gymnema Sylvestre, 500mg, 60 Vegetarian Capsules Main...",699.0,399,43.0,9.0,4
Bold Care Ashwagandha Effervescent Tablets For Men - Lemon,1200.0,499,25.0,9.0,4
CULT Unisex Shaker Bottom Opener - Black,2499.0,1499,40.0,9.0,4
MYPRO SPORT NUTRITION Complex Weight Gainer Advanced High Pr...,1050.0,749,29.0,1.0,4
Nutriorg Jamun Juice,1200.0,449,25.0,4.0,4
Gritzo SuperMilk Growth+(Formerly Height+)(2-6y Boy-Girl) Do...,1888.0,1749,7.0,9.0,4
Inlife Tulsi (Tulasi) Extract Capsules Natural Respiratory W...,499.0,339,32.0,1.0,5
Strauss X shape Yoga Resistance Band (Blue),609.0,529,13.0,9.0,4
Inner Sense Organic Cotton Antimicrobial Nursing Bra - Nude,797.0,717,10.0,15.0,4
Undercover Vela Vibrator & Tingling Water Based Lube Combo,8998.0,4499,50.0,9.0,4
"HealthyHey Sports Glutamine Powder, Muscle Growth And Recove...",1419.0,939,34.0,9.0,4
NutritJet Milk Thistle Veg Capsules,1199.0,839,30.0,9.0,4
Nature's Island Collagen Bone Joint Formula For Stronger And...,2499.0,1449,42.0,9.0,4
Giordano Black Unisex Smart Watch (Medium),12800.0,5120,60.0,1.0,2
Inner Sense Organic Cotton Antimicrobial Nursing Bra Pack of...,1796.0,1670,7.0,1.0,4
Axiom Wheat Grass Juice,1200.0,460,25.0,2.0,5
HealthyHey Nutrition Licorice Extract Capsules,979.0,499,49.0,9.0,4
Gritzo SuperMilk Growth+ (Formerly Height+) (13+y Girls) Dou...,2188.0,2049,6.0,1.0,4
Nutrabay Gold Tri-blend Whey Protein - Strawberry Milkshake,1200.0,3699,25.0,2.0,5
INLIFE Multivitamins & Minerals For Men 60 Capsules,619.0,449,27.0,5.0,4
Undercover The Climax Chronicles Vibrator & Aloe Vera Water ...,8998.0,4499,50.0,9.0,4
Axiom Giloye Juice - Pack of 2,1200.0,500,25.0,9.0,4
INLIFE Citrulline Malate Powder 2:1 Supplement Unflavoured,1149.0,779,32.0,1.0,4
Inlife Multivitamin Tablets for Men,619.0,399,36.0,9.0,4
Undercover Water Based Intimate Lubes - Peppermint & Aloe Ve...,1998.0,699,65.0,9.0,4
CULT Yoga Mat Tpe 6Mm Brown With Strap And Bag,3199.0,800,75.0,9.0,4
"Auric Apple Cider Vinegar, 60 ACV Tablets With Vitamin B6 & ...",1335.0,721,46.0,1.0,3
Nature's Island Pea Protein Isolate - Cookie & Cream,2499.0,1799,28.0,1.0,5
Wellbeing Nutrition Beauty & Bedtime Bliss Combo,2398.0,2128,11.0,2196.0,4
Core Asana The Kid's Mat- Geometry Print,1200.0,4660,25.0,9.0,4
"Gritzo SuperMilk Growth+ (Formerly Height+) (7-9y Girls),10g...",3198.0,2949,8.0,9.0,4
Undercover The Climax Chronicles Vibrator & Tingling Water B...,8998.0,4499,50.0,9.0,4
Buff Unisex Black Heiq Cooling Coolnet Uv Bandana,1200.0,1699,25.0,9.0,4
Sorich Organics 7 In One Seeds Mix,1200.0,245,25.0,3.0,4
Rejuvenating UBTAN Dhanwantri Sutra Pain Relief & Massage Oi...,1200.0,550,25.0,9.0,4
Columbia Unisex Black Newton Ridge 36L Backpack (M),1200.0,14999,25.0,9.0,4
NutritJet Probiotics Capsules,1199.0,899,25.0,9.0,4
Mamma Presto Cotton Front Open Maternity Feeding Bra - Beige,1599.0,1279,20.0,7.0,4
MYPRO SPORT NUTRITION 100% Pure Glutamine Muscle Growth and ...,1449.0,549,62.0,5.0,4
Nutriorg Tulsi Ark - Pack Of 2,1200.0,420,25.0,4.0,5
Inlife Diastan Plus Powder Ayurvedic Herbal Supplement for M...,839.0,549,35.0,9.0,4
Dr. Morepen Gokshura Trirulus Terrestris Strength Stamina Dr...,695.0,375,46.0,6.0,3
MyFitFuel Green Coffee Extract (50% CGA) + Piperine (95%) 15...,1149.0,754,34.0,90.0,4
"Strauss PE Eco-Friendly Yoga Mat, 6 mm (Purple)",1599.0,1179,26.0,9.0,4
Nutrabay Gold Tri-blend Whey Protein - Rich Chocolate Creme,1200.0,3699,25.0,2.0,4
Gritzo SuperMilk Growth+ (Formerly Height+) (13+y Boys) Doub...,2298.0,2049,11.0,9.0,4
Columbia Unisex Black Freezer Zero Ii Arm Sleeves,1200.0,1499,25.0,1.0,5
Baidyanath Chandraprabha For Kidney Stone - Pack Of 2,278.0,250,10.0,6.0,4
Phab Vanilla Almond 18g Protein Milkshakes (Pack of 12),1200.0,1620,25.0,9.0,4
Undercover Water Based Intimate Lubes - Vanilla & Chocolate ...,1998.0,699,65.0,9.0,4
Rejuvenating UBTAN Almond & Sesame Cold Pressed Oil Combo,1200.0,598,25.0,3.0,5
SESA Shilajit Gold Resin With 24K Gold & 60%+ Fulvic Acid,1750.0,1575,10.0,9.0,4
Omtex Cricket White Inner Gloves Cut Fingures - Academy,369.0,258,30.0,9.0,4
NutritJet Multivitamin With Probiotics Tablets For Women,999.0,699,30.0,9.0,4
Gritzo SuperMilk Growth+ (Formerly Height+) (7-9y Girls) Dou...,1448.0,1249,14.0,9.0,4
Vlado's Himalayan Organics Magnesium Citrate (Chelated) 1000...,1995.0,758,62.0,9.0,4
Baidyanath Abhrak Bhasma (Shatputi) - Pack Of 2,370.0,314,15.0,9.0,4
Bliss Of Earth Natural Spray Dried Mango Powder,1200.0,470,25.0,9.0,4
Flexnest Flextrainer Plus- Indias 1St Smart Elliptical Cross...,130000.0,75400,42.0,9.0,4
Phab Fruit & Nut 5g Protein Energy Bars (Pack of 12),1200.0,600,25.0,9.0,4
MuscleBlaze Whey Gold Whey Protein Isolate - Gourmet Vanilla,11999.0,11029,8.0,1.0,3
Greenbrrew Decaffeinated & Unroasted Strong Green Coffee (Pa...,1200.0,1495,25.0,9.0,4
"MYPRO SPORT NUTRITION Vitamin D3, 400 IU Veg Capsules For Me...",889.0,299,66.0,3.0,5
Zeroharm Nano Apple Cider Vinegar Capsules,1200.0,1399,25.0,9.0,4
Non-Padded Non-Wired Maternity / Feeding Bra - Cotton Rich,1899.0,1120,41.0,9.0,4
Radhikas ANTI-AGEING Turkish Zorab Floral Tisane,1200.0,650,25.0,9.0,4
Inlife Joint Support Supplement (60 Veg. Capsules),749.0,499,33.0,1.0,4
Radhikas Calming Jasmine Pearl Green Leaf - A Captivating Ca...,1200.0,750,25.0,9.0,4
Axiom Herbal Cough Syrup - Pack of 3,1200.0,330,25.0,9.0,4
Inner Sense Organic Cotton Antimicrobial Nursing Bra - Black,897.0,834,7.0,2.0,5
Travel Blue Blue Flight Mate Ear Plugs,1200.0,950,25.0,9.0,4
Inlife Digestion Support Supplement (60 Veg. Capsules),649.0,449,31.0,9.0,4
Baidyanath Arshakuthar Ras - Pack Of 3,180.0,162,10.0,4.0,4
Smart Greens Plant Based Calcium & Bone Strength Tablets,1200.0,550,25.0,1.0,5
MYPRO SPORT NUTRITION High Protein Pro Mass Gainer Supplemen...,1400.0,829,41.0,9.0,4
"Speing Glam Youth - Uk'S Veg Collagen, Hyaluronic Acid & Vit...",1200.0,1299,25.0,9.0,4
Timberland Daintree Strap for Apple/Samsung smart watch 22mm...,4550.0,2275,50.0,9.0,4
"MyFitFuel Advance 100% Whey Protein, Chocolate Banana Cookie",3299.0,2898,12.0,9.0,4
MYPRO SPORT NUTRITION Complex Weight Gainer Advanced High Pr...,1050.0,749,29.0,9.0,4
Gritzo SuperMilk Growth+ (Formerly Height+) (13+y Girls) Dou...,2298.0,2049,11.0,9.0,4
Nutriorg Diabetic Juice,1200.0,750,25.0,2.0,4
MuscleBlaze Pre-Workout Ripped - Green Apple Flavour,1959.0,1679,14.0,2.0,5
Undercover Ripple Touch Vibrator & Strawberry Water Based Lu...,8998.0,4499,50.0,9.0,4
"MyFitFuel MFF Whey Protein Isolate 90, Unflavored",4149.0,3723,10.0,2.0,4
Rejuvenating UBTAN Bergamot Pure Essential Bath & Body Oil,1200.0,450,25.0,9.0,4
HealthyHey Caffeine - Veg Capsules,1159.0,709,39.0,9.0,4
Morpheme Remedies Shilajit Capsules Fountain Of Youth,699.0,552,21.0,16.0,4
Nutrabay Gold BCAA 2:1:1 +Electrolytes Powder - Guava Punch,999.0,699,30.0,9.0,4
Phab Strawberries & Greek Yogurt 21g Protein Bars (Pack of 6...,1200.0,810,25.0,9.0,4
"NourishVitals Healthy Combo, Amla Fruit Dried Candy + Chatpa...",754.0,596,21.0,1.0,5
MYPRO SPORT NUTRITION Complex Weight Gainer Advanced High Pr...,1050.0,749,29.0,2.0,5
Bold Care Condom & Lube (Ultra Thin Long Last Condoms + Choc...,1200.0,850,25.0,982.0,4
Karma Kettle Pina Colada Iced Tea With Pineapple And Coconut,1200.0,300,25.0,1.0,5
Bliss Of Earth Traditional Kiln Fired Black Salt,1200.0,345,25.0,1.0,5
Reebok SL8.0 Treadmill (DC),192300.0,153840,20.0,9.0,4
NatXtra Gut Suprt Digestive Health Capsules,1200.0,1899,25.0,9.0,4
MuscleBlaze BCAA Gold 8:1:1 - Raspberry Lemonade,2799.0,2239,20.0,3.0,5
Puma Basketball Top Unisex Brown Indoor Ball (Free Size),2499.0,1874,25.0,1.0,3
NAKPRO Gold Whey Protein Concentrate Supplement Powder - Unf...,9400.0,4700,50.0,9.0,4
INLIFE Wheat Germ Oil (Godhuma Taila) - 500mg (60 Capsules),599.0,349,42.0,4.0,4
TGL Co. Immune WarriorGreen Tea Bags 2 Packs Relive Stress A...,1200.0,798,25.0,9.0,4
Inner Sense Organic Antimicrobial Sleeping/Feeding Bra Pack ...,2391.0,2104,12.0,1.0,1
Baidyanath Dhatupaushtik Powder - Pack Of 2,300.0,270,10.0,2.0,4
Reebok SL8.0 Treadmill (AC) TFT,283800.0,227040,20.0,9.0,4
Baidyanath Abhrak Bhasma (sahasraputi),642.0,636,1.0,1.0,5
OZiva Hair Nourishment Combo (OZiva Proteins & Herbs Shake F...,3838.0,3224,16.0,2285.0,4
"Auric Apple Cider Vinegar, 40 ACV Tablets With Vitamin B6 & ...",890.0,579,35.0,1.0,1
Gritzo Supermilk Growth+ Iron Man 13G Protein For 13+Y Boy W...,1898.0,1399,26.0,9.0,4
HealthVit Ginger Powder 250 mg (60 Caps),1200.0,160,25.0,1.0,4
Strauss Dual Shaker Pro 700ml (Blue),849.0,759,11.0,9.0,4
HealthyHey Nutrition Pomegranate Fruit Extract - Veg Capsule...,1689.0,1009,40.0,1.0,1
Dr. Morepen Testosterone Booster Tablets For Men 60S,1099.0,626,43.0,6.0,5
Kookee Blue Stainless Steel Vacuum Insulated Double Wall Wat...,1495.0,897,40.0,9.0,4
HealthyHey Nutrition EGCG From Green Tea Extract - EGCG - Ve...,1779.0,989,44.0,1.0,5
INLIFE L-Carnitine L-Tartrate 500mg (60 Veg. Capsules),799.0,499,38.0,2.0,4
MYPRO SPORT NUTRITION Testosterone Booster Supplement And Bo...,1299.0,429,67.0,12.0,4
MYPRO SPORT NUTRITION New Advanced High Potency Multi Vitami...,649.0,349,46.0,2.0,4
Baidyanath Chaturmukh Ras With Gold,1475.0,1401,5.0,9.0,4
Dr. Vaidya's Herbo24Turbo Capsules,1200.0,500,25.0,9.0,4
MyFitFuel 100% Whey Protein (Contains Whey Protein Isolate) ...,2999.0,2789,7.0,1.0,1
Floret Pack of 2 Full-Coverage Maternity Bras - White,1200.0,938,25.0,3.0,4
Phab Mocha Nut fudge 11g Protein Bars (Pack of 6),1200.0,450,25.0,9.0,4
Rejuvenating UBTAN Parijat Pure Essential Bath & Body Oil,1200.0,650,25.0,3.0,4
Wellbeing Nutrition Glow & Snooze Set Combo,2598.0,2298,12.0,1350.0,4
Strauss Yoga Wheel (Green),2739.0,1591,42.0,9.0,4
INLIFE Boswellia Serrata Extract (Boswellic Acids > 65%) 400...,699.0,399,43.0,2.0,5
TGL Co. Lemon DetoxGreen Tea Bags (Pack of 2) Suits in Diges...,1200.0,1098,25.0,9.0,4
MuscleBlaze 100% Micellar Casein - Chocolate,3069.0,2929,5.0,4.0,5
Vegan Greens Clean Men's Plant Protein with Herbs Powder - C...,3129.0,2069,34.0,187.0,5
Leeford Tennis Elbow Support Brace Band for Pain Relief,235.0,219,7.0,9.0,4
Siddhayu Immune Syrup Junior (Syrup to Boost Immunity in Kid...,325.0,293,10.0,1.0,3
Simply Herbal 100% Natural Potent Green Tea Extract 500mg 80...,1200.0,1249,25.0,9.0,4
The Biohackers Co. Greens Capsules,1200.0,1000,25.0,9.0,4
Undercover The Climax Chronicles Vibrator & Peppermint Water...,8998.0,4499,50.0,9.0,4
Bold Care Topical Delay Spray + Ultra Thin Bubblegum Condoms...,1200.0,998,25.0,1.0,1
Undercover Vela Vibrator & Vanilla Water Based Lube Combo,8998.0,4499,50.0,9.0,4
Deuter Unisex Black Exosphere 0° L Sleeping Bag (S),1200.0,15999,25.0,9.0,4
"Sorich Organics Chia, Pumpkin And Sunflower Gift Combo",1200.0,1567,25.0,9.0,4
"HealthyHey Nutrition Tulsi, Cinnamon, Black Pepper & Ginger ...",1399.0,709,49.0,9.0,4
"Nature's Island Pea Protein Isolate (27g Protein, 5g Bcaas, ...",999.0,749,25.0,3.0,3
NatXtra Vitamin B Complex Helps in Normal Body Function Caps...,1200.0,1400,25.0,9.0,4
Speedo Unisex Adult Hydrosity 2.0 Anti Fog Coated Lens Swim ...,1200.0,1699,25.0,9.0,4
SandPuppy Wrist Heating Pad for Pain Relief,2999.0,1559,48.0,9.0,4
FAB OILS Body Massage Body Oil with Tingflower & Blue Lotus,1200.0,1800,25.0,9.0,4
Bodycare Maternity-Feeding Skin-White 2Pcs Bra Combo,1200.0,798,25.0,2.0,3
Bliss Of Earth Natural Spray Dried Pineapple Powder,1200.0,1160,25.0,1.0,5
The Better Home Copper Bottle 950 ml Blue,2789.0,949,66.0,2.0,5
Deuter Unisex Black Aviant Access Pro 70 Rucksack Bag (L),1200.0,21999,25.0,9.0,4
RawRX The Health Maestro Plant Based Multivitamin Tablets,1200.0,1290,25.0,9.0,4
CULT Unisex Weight Lifting Straps Leather - Blue,700.0,441,37.0,9.0,4
Undercover Vela Vibrator & Aloe Vera Water Based Lube Combo,8998.0,4499,50.0,9.0,4
Axiom Sugar Cure Juice - Pack of 2,1200.0,400,25.0,1.0,4
Bold Care 404 Variety Pack With 2 X 5 Assorted Condoms - Pac...,1200.0,747,25.0,1.0,2
Tea Treasure Sun Dried Rose Petals Infusion Tea,1200.0,345,25.0,6.0,3
Inlife Plant-Based Multivitamin Tablets Superfoods Supplemen...,619.0,449,27.0,9.0,4
Undercover The Big O Palm Vibrator & Chocolate Water Based L...,8998.0,4499,50.0,9.0,4
Undercover The Climax Chronicles Vibrator & Chocolate Water ...,8998.0,4499,50.0,9.0,4
"Strauss Deep Tissue Massage Foam Roller, 33 cm (Blue)",1169.0,829,29.0,9.0,4
Onelife L-Arginine 1000mg Pre Workout Supplements 60 Tablets,1200.0,1099,25.0,9.0,4
Vesca Melatonin 10mg Capsules,1200.0,899,25.0,2.0,5
Baidyanath Ashwagandhadi Powder - Pack Of 2,330.0,300,9.0,5.0,4
SandPuppy Refreezable Ice Pack Wrap Wristcool,1499.0,600,60.0,9.0,4
HealthyHey Nutrition Hydrolysed Fish Collagen Powder - Black...,2219.0,1879,15.0,9.0,4
Strauss Grey & Black Adjustable Strengthener Hand Grip (Pack...,2995.0,1739,42.0,9.0,4
Nutrabay Pure L-Glutamine Powder - Unflavoured,599.0,401,33.0,9.0,4
HealthVit Boswellia Turmeric 500Mg Extract 60 Capsules,1200.0,1000,25.0,9.0,4
Radhikas Calming Chamomile Flower Decaf Tisane - Decaf Infus...,1200.0,750,25.0,9.0,4
MYPRO SPORT NUTRITION High Protein Pro Mass Gainer Supplemen...,1400.0,699,50.0,2.0,4
Plix Glowy Skin Bubbly 600MG Glutathione Effervescent Tablet...,1980.0,1624,18.0,9.0,4
Healthvit FEMYVIT Women Multivitamin Minerals - 60 Tablets,1200.0,300,25.0,1.0,1
By Nature Quinoa,1200.0,450,25.0,9.0,4
AromaMusk Cold Pressed Pure Carrier Almond Oil Soothing Prun...,649.0,467,28.0,1.0,3
Columbia Unisex Red Colour Polyester Summer Dry Printed Neck...,1200.0,1499,25.0,9.0,4
Swarnakayu 24K Gold Bhasma Himalayan Shilajit Tablet For Men,1200.0,2500,25.0,9.0,4
Greenbrrew Decaffeinated Lemon Instant Green Coffee (Pack Of...,1200.0,897,25.0,2.0,5
CULT Unisex Silicone Hand Grip - Black,1000.0,720,28.0,9.0,4
Radhikas A Jute Bag of Well-Being Teas Gift Set,1200.0,1000,25.0,9.0,4
Deuter Unisex Brown Vista Skip Backpack (S),1200.0,5299,25.0,9.0,4
"Nature's Island Pea Protein Isolate (23g Protein, 4.4g Bcaas...",999.0,799,20.0,6.0,4
HealthVit Testosterone Booster 60 Capsules,1200.0,1000,25.0,4.0,5
"Strauss Deep Tissue Massage Foam Roller, 33 cm (Black)",1169.0,829,29.0,9.0,4
Sorich Organics Mother'S Superfood Mix,1200.0,275,25.0,1.0,4
Undercover The Big O Palm Vibrator & Strawberry Water Based ...,8998.0,4499,50.0,9.0,4
"MYPRO SPORT NUTRITION Ultra Enzymes, Supports Healthy Digest...",899.0,399,56.0,4.0,5
Columbia Unisex Beige Ale Creek Trekking-Hiking Beanie,1200.0,899,25.0,9.0,4
Kuber Industries School & Gym Unbreakable Freezer Proof Frid...,1200.0,799,25.0,9.0,4
Fast&Up Man Extend Tablets - Fizzy Peach Flavour,1200.0,469,25.0,11.0,4
Undercover Altura Bullet Vibrator & Strawberry Water Based L...,8998.0,4499,50.0,9.0,4
Bold Care Extend Topical Spray + 404 Ultra Thin Vanilla Flav...,1200.0,529,25.0,9.0,4
Tea Treasure Sweet Dreams Tea,1200.0,199,25.0,1.0,3
Tea Treasure Kahwa Green Tea,1200.0,485,25.0,3.0,4
Columbia Unisex White Rechargeable 750L Lantern,1200.0,7099,25.0,9.0,4
CULT Unisex Shaker Bottom Opener 700 ml - Green,2499.0,1499,40.0,9.0,4
Greenbrrew Decaffeinated & Unroasted Strong Green Coffee (Pa...,1200.0,598,25.0,1.0,5
Speedo Unisex Adult Aquapulse Pro Mirror Lens Swim Goggles -...,1200.0,2999,25.0,9.0,4
CULT Unisex Yoga Bag Up to 6 mm - Grey,799.0,400,50.0,9.0,4
Wellbeing Nutrition Glow & Dream Duo Combo,2598.0,2298,12.0,1350.0,4
Oziva Hair Actives + Shilajit For Men Hair Supplement With L...,7194.0,5349,26.0,9.0,4
Tea Treasure Earl Grey Tea,1200.0,199,25.0,1.0,5
Reebok Z - Jet 430 Motorized Treadmill with Stabilizer - Bla...,129000.0,102645,20.0,9.0,4
Inlife Hing Oil Capsule (asafoetida) Weight Management Suppl...,1159.0,759,35.0,9.0,4
HealthyHey Nutrition Echinacea Extract Capsules,1069.0,599,44.0,9.0,4
INLIFE Bhringraja 500mg Extract (60 Veg. Capsules),549.0,349,36.0,3.0,4
Inner Sense Organic Antimicrobial Soft Nursing Bra Combo of ...,1594.0,1259,21.0,1.0,5
MYPRO SPORT NUTRITION Pea & Brown Rice 100% Plant Protein Po...,1599.0,749,53.0,9.0,4
"INLIFE Karela, Bitter melon, 500mg 60 Vegetarian Capsules Fo...",699.0,299,57.0,4.0,4
Carbamide Forte Shilajit Gold Capsules For Women,720.0,599,17.0,9.0,4
Undercover Water Based Intimate Lubes - Tingling & Chocolate...,1998.0,699,65.0,9.0,4
Inner Sense Women's Organic Cotton Antimicrobial Soft Nursin...,699.0,482,31.0,1.0,2
Siddhayu Winostress Relief Stress & Relax Mind,395.0,328,17.0,9.0,4
HealthyHey Nutrition Akba With Boswellic Acid - Veg Capsules,1599.0,899,44.0,9.0,4
Bold Care Extend Topical Spray + 404 Strawberry Flavoured Co...,1200.0,529,25.0,9.0,4
Rejuvenating UBTAN Lavender Essentaial Bath & Body Oil,1200.0,650,25.0,9.0,4
Nutriorg Immunity Booster Juice,1200.0,540,25.0,9.0,4
Wellbeing Nutrition Shine & Unwind Bundle Combo,2598.0,2298,12.0,1006.0,4
Nature's Island Pea Protein Isolate - Caffe Mocha,2499.0,1799,28.0,1.0,5
NAKPRO L-Glutamine Amino Acid Supplement Powder Jar - Unflav...,1150.0,552,52.0,9.0,4
Kookee Purple Acrylic Sipper Frosted with Straw and Lid - 27...,1495.0,897,40.0,9.0,4
CULT Yoga Wheel Dark Grey,2099.0,945,55.0,9.0,4
Siddhayu Calciactiv Calcium tablet for Women with Algae Calc...,345.0,311,10.0,1.0,1
Inner Sense Women's Organic Cotton Antimicrobial Soft Nursin...,699.0,482,31.0,2.0,5
Sorich Organics Pudina Treat Seeds Mix,1200.0,325,25.0,9.0,4
Dr. Vaidya's Period Wellness - Pack Of 2,1200.0,600,25.0,1.0,5
Bold Care Ultra Thin Chocolate Condoms + Sandalwood Candle +...,1200.0,708,25.0,9.0,4
MYPRO SPORT NUTRITION Pre Workout Powder - Juicy Orange,1799.0,719,60.0,9.0,4
MYPRO SPORT NUTRITION High Protein Pro Mass Gainer Supplemen...,1400.0,829,41.0,2.0,5
HealthyHey Nutrition Whey Protein Concentrate - Mocha Coffee...,3400.0,2433,28.0,1.0,5
Vlado's Himalayan Organics Vlado's Plant Based Chromium,923.0,757,18.0,9.0,4
Auric Men's Energy++ Effervescent Testosterone Booster & Sex...,1602.0,609,62.0,9.0,4
HealthyHey Nutrition Chondroitin Sulfate - Capsules,1899.0,989,48.0,1.0,5
Kazarmaa Black Raspberry Body Lotion,1200.0,199,25.0,5.0,5
Deuter Unisex Blue Tour Wash Bags (S),1200.0,3499,25.0,9.0,4
Bold Care Multi Textured Condoms + Sandalwood Candle + Blind...,1200.0,809,25.0,9.0,4
Bliss Of Earth Natural Spray Dried Coconut Water Powder,1200.0,950,25.0,1.0,1
Tea Treasure Punjabi Masala Chai Tea Bags,1200.0,199,25.0,9.0,4
Pure Nutrition Original Himalayan Shilajit Resin,1200.0,1199,25.0,9.0,4
Columbia Unisex White Colour Polyester Freezer Zero Ii Arm S...,1200.0,1499,25.0,9.0,4
Timberland Bainbridge Strap for Apple/Samsung smart watch 22...,4550.0,2275,50.0,9.0,4
Bliss Of Earth Natural Spray Dried Strawberry Powder,1200.0,580,25.0,1.0,5
Bold Care Himalayan Shilajit Resin,1200.0,1499,25.0,1.0,5
Bold Care 404 Super Ultra Thin Strawberry Flavored Condoms F...,1200.0,597,25.0,9.0,4
Buff Unisex Multi-Color Heiq Cooling Coolnet Uv Bandana,1200.0,1699,25.0,9.0,4
MYPRO SPORT NUTRITION Premium BCAA'S With 5G Of Pure Proven ...,1399.0,599,57.0,1.0,3
Baidyanath Triphala Powder For Digestion - Pack Of 3,195.0,186,5.0,54.0,4
"MyFitFuel Advance MFF 100% Whey Protein, Gourmet Coffee Cara...",3299.0,2898,12.0,9.0,4
"Gritzo Supermilk Athlete, 14G Protein Double Chocolate For 7...",1898.0,1798,5.0,9.0,4
CULT Unisex Yoga Bag Multi Utility Pockets - Blue,899.0,351,61.0,9.0,4
"House of Quirk Blue Bpa Free Water Bottle, 2L",999.0,460,54.0,9.0,4
Inner Sense Organic Cotton Antimicrobial Nursing Bra - Pink,797.0,717,10.0,9.0,4
INLIFE Tribulus Terrestris Gokshura 60 Vegetarian Capsule Fo...,499.0,339,32.0,1.0,4
HealthyHey Nutrition Terminalia Arjuna Bark Extract - Tannin...,1419.0,679,52.0,9.0,4
Auric Ancient Herbs Workout Boost Tablets - Pack Of 4,2492.0,1869,25.0,9.0,4
Kookee Green Stainless Steel Vacuum Insulated Double Wall Wa...,1495.0,897,40.0,9.0,4
Timberland Sapo Strap for Apple/Samsung smart watch 20mm Bla...,2999.0,1859,38.0,9.0,4
OneLife LIV Dtox Tablets,1200.0,999,25.0,9.0,4
Strauss Spider Shaker Bottle 500 ml (White),699.0,449,36.0,9.0,4
Bralux Women's Sangam White Color Maternity Bra,1200.0,900,25.0,6.0,4
Solara Insulated Water Bottle Black Knight 1000ml,2999.0,1500,50.0,1.0,5
INLIFE Immune Care Powder with Whey Protein Ayurvedic Herbs ...,1199.0,799,33.0,9.0,4
Reebok Z - Jet 460 Motorized Treadmill with stabilizer,145000.0,116000,20.0,9.0,4
MYPRO SPORT NUTRITION Creatine Pure Micronized Powder,649.0,299,54.0,1.0,1
TGL Co. Immune Warrior Green Tea - Tea Bags Relive Stress Im...,1200.0,399,25.0,9.0,4
Inlife Multivitamin For Men Tablets,1069.0,749,30.0,9.0,4
Amocare Phoenix Chewable Tablets for Men - Lemon,1200.0,1499,25.0,9.0,4
Axiom Aloevera Cod 32,1200.0,375,25.0,9.0,4
Undercover The Big O Palm Vibrator & Vanilla Water Based Lub...,8998.0,4499,50.0,9.0,4
Tea Treasure Oolong Tea,1200.0,700,25.0,1.0,5
TGL Co. Euphoria Instant Coffee Powder 2 Packs Anti Oxidant ...,1200.0,998,25.0,5.0,3
Gritzo Supermilk Growth+ 12G Protein Double Chocolate For 10...,1598.0,1448,9.0,9.0,4
Bliss Of Earth Natural Spray Dried Custard Apple Powder,1200.0,470,25.0,9.0,4
Bliss Of Earth Natural Spray Dried Apple Powder,1200.0,580,25.0,9.0,4
Bliss Of Earth Certified Organic Dried Ginger Powder,1200.0,699,25.0,9.0,4
Tea Treasure Cold Care Wellness Tea,1200.0,335,25.0,9.0,4
Nature's Island Pea Protein Isolate - Mango,2499.0,1799,28.0,9.0,4
Rejuvenating UBTAN Lime Pure Essential Bath & Body Oil,1200.0,395,25.0,9.0,4
Tea Treasure Immunity Wellness Tea,1200.0,420,25.0,4.0,5
Morph Maternity Pack Of 3 Sleep Nursing Bras - Nude,1200.0,2385,25.0,9.0,4
Strauss Grey Adjustable Strengthener Hand Grip (Pack of 2),1198.0,1169,2.0,9.0,4
Undercover Solo Flight Rabbit Vibrator & Strawberry Water Ba...,8998.0,4499,50.0,9.0,4
MYPRO SPORT NUTRITION New Instant Energy Drink Powder - Pine...,799.0,449,44.0,1.0,4
NAKPRO L-Glutamine Amino Acid Supplement Powder - Blueberry,1160.0,499,57.0,9.0,4
CULT Yoga Wheel Green,2099.0,945,55.0,9.0,4
"Bold Care Extend Topical Spray + Ribbed, Dotted & Contoured ...",1200.0,630,25.0,9.0,4
Undercover Unisex Water Based Lubricant (Pack Of 2),1998.0,699,65.0,9.0,4
Columbia Unisex Blue Tandem Trail 22L Backpack (S),1200.0,4999,25.0,9.0,4
Undercover Vela Vibrator & Peppermint Water Based Lube Combo,8998.0,4499,50.0,9.0,4
Radhikas Detox Turkish Lovers Fruity Tisane,1200.0,650,25.0,9.0,4
Healthvit CalVitan-CDM Calcium + Vitamin D3 + Magnesium 60 T...,1200.0,700,25.0,1.0,5
Timberland Barnesbrook Strap for Apple/Samsung smart watch 2...,4299.0,2150,50.0,9.0,4
Briyo Daily Multivitamin & Multimineral With Ginseng Capsule...,490.0,343,30.0,9.0,4
Bold Care Extend Topical Spray + 404 Ultra Thin Delay Condom...,1200.0,630,25.0,3.0,5
Axiom Aloevera Cod 05,1200.0,365,25.0,9.0,4
OBSESSIONS Printed Yoga Mat with Carrying Strap Multi-Color,1650.0,990,40.0,9.0,4
"Gritzo SuperMilk Daily Nutrition (2-6y),(Double Chocolate, 8...",1788.0,1649,8.0,9.0,4
Strauss Spider Shaker Bottle 500 ml (Blue),699.0,459,34.0,9.0,4
Greenbrrew Decaffeinated Lemon Instant Green Coffee (Pack Of...,1200.0,1495,25.0,9.0,4
INLIFE Immunity Plus Supplement (60 Veg. Capsules),649.0,449,31.0,9.0,4
Kazarmaa Almond & Coconut Face & Body Lotion,1200.0,199,25.0,9.0,4
"MyFitFuel Beta Alanine (100% Pure, No Other Ingredient), Unf...",1149.0,663,42.0,9.0,4
OBSESSIONS Printed Yoga Mat with Carrying Strap Light Green,1650.0,990,40.0,9.0,4
"Radhikas Anti-Ageing Green Leaf, Certified Organic, Cold & H...",1200.0,350,25.0,2.0,4
Dr. Odin Air Mattress OAM002 - Small,3990.0,2234,44.0,9.0,4
"MyFitFuel MFF BCAA 6300 2:1:1 (Leucine, Isoleucine, Valine),...",1229.0,836,32.0,25.0,4
Deuter Unisex Yellow Wash Bag Tour (S),1200.0,3499,25.0,9.0,4
SheNeed Women's Heart Health Supplement,539.0,216,60.0,9.0,4
Buff Unisex Red Upf 50 Original Ecostretch Bandana,1200.0,1499,25.0,9.0,4
Tea Treasure Apple Spice Fruit Tea,1200.0,199,25.0,4.0,5
Timberland Valdivian Strap for Apple/Samsung smart watch 20m...,4550.0,2275,50.0,9.0,4
Kookee Blue Acrylic Sipper Frosted with Straw and Lid - 275M...,1495.0,897,40.0,9.0,4
The Better Home Water Bottle Anti Fall (Suction Bottom) Grey,1895.0,720,62.0,1.0,5
Strauss Green Adjustable Strengthener Hand Grip (Pack of 2),1198.0,629,47.0,9.0,4
Baidyanath Amlapittantak For Acidity - Pack Of 2,368.0,332,10.0,2.0,3
Wellbeing Nutrition Sleep & Shine Essentials Combo,2598.0,2298,12.0,806.0,4
Sorich Organics Keto Mix,1200.0,375,25.0,9.0,4
MYPRO SPORT NUTRITION New Instant Energy Drink Powder BCAA 2...,799.0,449,44.0,9.0,4
Radhikas Jute Bag Tea Takeaway - 2 Ziplocked Loose Tea Match...,1200.0,1200,25.0,9.0,4
Undercover Vela Vibrator & Chocolate Water Based Lube Combo,8998.0,4499,50.0,9.0,4
Rejuvenating UBTAN Orange Pure Essential Bath & Body Oil,1200.0,395,25.0,2.0,5
Deuter Unisex Black Center Wash Bags (S),1200.0,3999,25.0,9.0,4
HealthyHey Nutrition Tulsi Extract (Holy Basil Extract) Veg ...,1329.0,809,39.0,9.0,4
Core Asana The Kid's Mat- Fun Quote,1200.0,4660,25.0,9.0,4
Undercover The Big O Palm Vibrator & Peppermint Water Based ...,8998.0,4499,50.0,9.0,4
Bliss Of Earth Organic Stevia Tablets,1200.0,650,25.0,3.0,3
Bliss Of Earth Natural Spray Dried Chikoo (Sapota) Powder,1200.0,470,25.0,9.0,4
Radhikas Revvs Up Metabolism Lanka Sencha Tea - A Refreshing...,1200.0,400,25.0,9.0,4
Gritzo Super Gummies Multivitamin For Kids - Natural Orange ...,978.0,899,8.0,9.0,4
Deuter Unisex Yellow Synthetic Giga Backpack (S),1200.0,7999,25.0,9.0,4
Bold Care Topical Delay Spray + All in One Flavours Condoms ...,1200.0,1448,25.0,9.0,4
Undercover Ripple Touch Vibrator & Chocolate Water Based Lub...,8998.0,4499,50.0,9.0,4
Undercover Solo Flight Rabbit Vibrator & Vanilla Water Based...,8998.0,4499,50.0,9.0,4
Gritzo Supermilk Growth+ 7G Protein Double Chocolate For 2 -...,1498.0,1348,10.0,9.0,4
Inner Sense Organic Cotton Antimicrobial Nursing Bra Pack of...,1594.0,1307,18.0,1.0,5
MuscleBlaze BCAA Gold 8:1:1 - Fruit Punch,2799.0,2239,20.0,5.0,5
SandPuppy Shoulderflex Hot & Cold Brace,2499.0,1000,60.0,9.0,4
TGL Co. Kashmir KahwaGreen16 Tea Bags (Pack of 2) Enhance Di...,1200.0,898,25.0,9.0,4
TGL Co. Happy BellyGreen Bags (Pack of 2) Help Digestion Con...,1200.0,798,25.0,9.0,4
HealthyHey Nutrtion CLA 500 - Conjugated Linoleic Acid - Veg...,1239.0,599,52.0,9.0,4
Juliet Womens Non Padded Non Wired Feeding Bra Combo Mold Fe...,1200.0,1038,25.0,2.0,4
WishNew Wellness Joint Flex+ Improves Mobility & Support Tab...,1200.0,1850,25.0,9.0,4
INLIFE Shilajit Extract 500mg (60 Veg. Capsules),899.0,449,50.0,2.0,4
CULT Unisex Ankle Support - Black,699.0,350,50.0,9.0,4
Strauss Black Counter Meter Adjustable Strengthener Hand Gri...,1450.0,1189,18.0,9.0,4
Strauss Blue Adjustable Strengthener Hand Grip (Pack of 2),1198.0,629,47.0,9.0,4
Buff Unisex Black Heiq Cooling Coolnet Uv Headband,1200.0,1199,25.0,9.0,4
Baidyanath Chandraprabha For Kidney Stone - Pack Of 3,225.0,204,9.0,3.0,5
Deuter Unisex Green Vista Spot Backpack (S),1200.0,5999,25.0,9.0,4
Speedo Unisex Adult Tech Paddle Training Aid For Men and Wom...,1200.0,2699,25.0,9.0,4
CULT Unisex Yoga Bag Up to 6 mm - Black,799.0,447,44.0,9.0,4
Inner Sense Organic Cotton Antimicrobial Nursing Bra - Blue,617.0,605,2.0,15.0,4
Inner Sense Organic Cotton Antimicrobial Nursing Bra Pack of...,2692.0,2504,7.0,9.0,4
Undercover Vela Vibrator & Strawberry Water Based Lube Combo,8998.0,4499,50.0,9.0,4
Baidyanath Gaisantak Bati Gas Problem - Pack Of 3,225.0,204,9.0,10.0,5
Strauss Orange Counter Meter Adjustable Strengthener Hand Gr...,1450.0,1349,7.0,9.0,4
Undercover Altura Bullet Vibrator & Peppermint Water Based L...,8998.0,4499,50.0,9.0,4
Bliss Of Earth Naturally Organic Garlic Powder Dried For Coo...,1200.0,190,25.0,9.0,4
Axiom Punernava Juice - Pack of 2,1200.0,440,25.0,9.0,4
Kookee Multi-Color Acrylic Sipper Frosted with Straw and Lid...,1495.0,897,40.0,9.0,4
Nutriorg Certified Organic Quinoa - Pack Of 2,1200.0,300,25.0,9.0,4
Strauss Tummy Twister (White-Green),1049.0,739,30.0,9.0,4
Buff Unisex Black Merino Lightweight Headband,1200.0,1499,25.0,9.0,4
Inner Sense Organic Antimicrobial Laced Soft Nursing Bra - W...,816.0,710,13.0,4.0,3
Morph Maternity Pack Of 2 Leak-Proof Sleep Nursing Bras - Mu...,1200.0,1790,25.0,2.0,2
Undercover Ripple Touch Vibrator & Peppermint Water Based Lu...,8998.0,4499,50.0,9.0,4
Undercover The Big O Palm Vibrator & Tingling Water Based Lu...,8998.0,4499,50.0,9.0,4
The Better Home Copper Oreo 950ml Bottle Green,2789.0,949,66.0,9.0,4
MYPRO SPORT NUTRITION Premium BCAA'S 5G Of Pure Proven 2:1:1...,1399.0,599,57.0,7.0,5
Mod & Shy Solid Non-wired Non-padded Maternity Bra - Peach,849.0,416,51.0,9.0,4
Sonari Nursing Women'S Maternity Bra - Black,1200.0,425,25.0,1.0,3
Zenvista Herbs Apothecary Beetroot Powder for Enhances Muscl...,1200.0,499,25.0,9.0,4
OneLife BCAA 6000mg - Blueberry,1200.0,1049,25.0,1.0,5
"Radhikas Detox Turmeric Tulsi Liqourice Chai, Certified Orga...",1200.0,300,25.0,9.0,4
"Radhikas Zestful Ginger Chai, Certified Organic, Assam CTC C...",1200.0,300,25.0,1.0,5
Deuter Unisex Black Synthetic Guide 42+8L Backpack (L),1200.0,16999,25.0,9.0,4
Tea Treasure Immunity Tea,1200.0,485,25.0,1.0,5
Sorich Organics Dad's Delight Gift Box,1200.0,1649,25.0,9.0,4
Auric Skin Rediance 04 Ancient Herbs Tablets - Pack Of 2,1246.0,997,20.0,9.0,4
Axiom Aloevera Juice - Pack of 2,1200.0,660,25.0,9.0,4
HealthyHey Nutrition L-Histidine 60 Capsules,1329.0,769,42.0,2.0,5
Buff Microfiber Reversible Hat Havoc Blue Hat,1200.0,1699,25.0,1.0,5
HealthyHey Sports Whey Protein Concentrate - Mocha Coffee Ch...,6500.0,5987,8.0,1.0,5
Columbia Unisex Black Fast Trek Ii Trekking-Hiking Beanie,1200.0,1499,25.0,9.0,4
Buff Original Solid Night Tubular-Original,1200.0,1299,25.0,9.0,4
Baidyanath Janmghunti - Pack Of 3,120.0,108,10.0,5.0,4
Inner Sense Organic Antimicrobial Sleeping/Feeding Bra Pack ...,1594.0,1419,11.0,9.0,4
Karma Kettle Aam Salaam Iced Green Tea With Mango & Cumin,1200.0,300,25.0,2.0,2
Dr. Vaidya's Herbo24Turbo Capsules (Pack Of 2),1200.0,1000,25.0,1.0,5
Baidyanath Guduchyadi Boost Immunity - Pack Of 2,660.0,594,10.0,9.0,4
Puma Blue Future 4 Seamless Touch Football,1200.0,1399,25.0,9.0,4
Auric Ancient Herbs Workout Boost Tablets - Pack Of 3,1869.0,1458,22.0,9.0,4
Deuter Unisex Purple Vista Skip Backpacks,1200.0,5299,25.0,9.0,4
"MyFitFuel Bcaa Gold 10:1:1- 7.5G Bcaa, 6.3G Leucine, 5 Elect...",2199.0,1460,34.0,19.0,5
Undercover Solo Flight Rabbit Vibrator & Tingling Water Base...,8998.0,4499,50.0,9.0,4
Speedo Unisex Adult Biofuse 2.0 Mirror Lens Swim Goggles - Y...,1200.0,3299,25.0,9.0,4
CULT Yoga Mat Eva 5Mm Brick With Strap,1299.0,455,65.0,9.0,4
Buff Unisex Black Polyester Original Eco Stretch Anira Graph...,1200.0,1299,25.0,9.0,4
"Strauss Deep Tissue Massage Foam Roller, 45 cm (Pink)",1575.0,1409,11.0,9.0,4
TGL Co. English Breakfast Black Tea Bags (Pack of 2) Less An...,1200.0,698,25.0,9.0,4
Buff Original Tiger Grey Tubular-Original,1200.0,1299,25.0,9.0,4
TGL Co. Kadak Masala Chai Tea Bags (Pack of 2) Boost Immune ...,1200.0,698,25.0,9.0,4
Reebok GT 40S One Series Treadmill 2HP DC Motor with LCD Dis...,126300.0,101040,20.0,9.0,4
Undercover Altura Bullet Vibrator & Vanilla Water Based Lube...,8998.0,4499,50.0,9.0,4
Sorich Organics Chia - Sunflower And Flax Seeds Combo,1200.0,847,25.0,27.0,5
Juliet Womens Non Padded Non Wired Feeding Bra Combo Mold Fe...,1200.0,898,25.0,9.0,4
Baidyanath Abhrak Bhasma (Shatputi) - Pack Of 2,186.0,168,10.0,9.0,4
Buff Unisex Black Original Solid Black Gaiter,1200.0,1299,25.0,9.0,4
Bold Care 404 Super Ultra Thin Bubblegum Flavored Condoms Fo...,1200.0,597,25.0,1.0,1
Deuter Unisex Blue Futura Pro 36 Rucksack Bag (M),1200.0,15499,25.0,9.0,4
Inner Sense Organic Cotton Antimicrobial Nursing Bra - Purpl...,797.0,717,10.0,3.0,2
Undercover Ripple Touch Vibrator & Tingling Water Based Lube...,8998.0,4499,50.0,9.0,4
Buff Unisex Pink Polyester Cool Net UV Solid Damask Gaiter (...,1200.0,1699,25.0,9.0,4
Anomeo Blue Ear Plugs,895.0,806,10.0,9.0,4
Tea Treasure Kadak Masala Chai 25 Pyramid Tea Bags,1200.0,345,25.0,1.0,4
Anomeo Pink Ear Plugs,895.0,627,30.0,9.0,4
Inner Sense Organic Cotton Antimicrobial Nursing Bra Pack of...,1796.0,1670,7.0,9.0,4
Auric Ancient Herbs Workout Boost Tablets - Pack Of 6,3738.0,2430,35.0,9.0,4
Deuter Unisex Red Pulse 1 Biking Belt (S),1200.0,2799,25.0,9.0,4
Deuter Bike I 20 Backpack,1200.0,6999,25.0,9.0,4
Strauss Yoga Wheel (Blue),2739.0,1513,45.0,3.0,3
Omtex Cricket Cotton Finger Cut Gloves Sweat Absorbent to En...,2499.0,1749,30.0,9.0,4
Baidyanath Avipattikar Powder For Acidity - Pack Of 2,250.0,218,13.0,2.0,3
Deuter Unisex Black Security Money Belt Bag (S),1200.0,1899,25.0,9.0,4
Deuter Unisex Black Security Wallet (S),1200.0,3699,25.0,9.0,4
Bold Care Ultra Thin Strawberry Condoms + Sandalwood Candle ...,1200.0,708,25.0,9.0,4
HealthyHey Nutrition L - Aspartic Acid - Capsules,1159.0,679,41.0,9.0,4
Tea Treasure Kadak Masala Tea Bags,1200.0,199,25.0,9.0,4
Undercover Altura Bullet Vibrator & Aloe Vera Water Based Lu...,8998.0,4499,50.0,9.0,4
Kookee Multi-Color Acrylic Sipper Frosted with Straw and Lid...,1295.0,790,39.0,9.0,4
Kookee Orange Acrylic Sipper Frosted with Straw and Lid - 27...,1495.0,897,40.0,9.0,4
Deuter Unisex Red City Light Backpack (S),1200.0,2999,25.0,9.0,4
Reebok GT40S TFT One Series Treadmill Black 2HP Continuous D...,146300.0,117040,20.0,9.0,4
HealthyHey Nutrition Banaba Leaf Extract Capsules,1069.0,599,44.0,9.0,4
HealthKart HK Vitals Protein For Women with Triple Blend Pro...,2999.0,2199,27.0,31.0,4
Auric Ancient Herbs Workout Boost Tablets - Pack Of 9,5607.0,3084,45.0,9.0,4
Axiom Triphla Aloevera Juice - Pack of 2,1200.0,660,25.0,9.0,4
Bold Care Variety Condoms + Sandalwood Candle + Blindfold Co...,1200.0,758,25.0,9.0,4
Radhikas ENERGETIC Oolong Leaf - How Oolong Tea Can Boost Yo...,1200.0,350,25.0,2.0,5
Strauss Green Counter Meter Adjustable Strengthener Hand Gri...,1450.0,659,55.0,9.0,4
Deuter Unisex Purple Up Stockholm Backpack (S),1200.0,10999,25.0,9.0,4
The Better Home Water Bottle Anti Fall (Suction Bottom) Whit...,1895.0,701,63.0,9.0,4
Bold Care Extend Topical Spray + 404 Chocolate Flavoured Con...,1200.0,529,25.0,9.0,4
Auric Ancient Herbs Workout Boost Tablets - Pack Of 8,4984.0,2990,40.0,9.0,4
Solara Insulated Water Bottle Multicolor Wave 1L,2299.0,1494,35.0,9.0,4
Bold Care Nano Thin Condoms + Sandalwood Candle + Blindfold ...,1200.0,808,25.0,9.0,4
CULT Unisex Weighted Vest - Green,7999.0,5679,29.0,9.0,4
Anomeo Yellow Ear Plugs,895.0,627,30.0,9.0,4
Strauss Chest Expander with 5 Springs,1200.0,759,25.0,9.0,4
Inner Sense Organic Cotton Antimicrobial Nursing Bra Pack of...,2692.0,2504,7.0,1.0,2
CULT Unisex 6 mm TPE Perfume Mat - Green,3499.0,1400,60.0,9.0,4
"Strauss Yoga Mat, 8 mm (Purple)",1775.0,1259,29.0,9.0,4
Screen Rotating Mount (For Flexbike plus),5998.0,2999,50.0,9.0,4
Radhikas Radiance Jasmine Green Leaf - A Radiance Tea For No...,1200.0,600,25.0,9.0,4
Reebok Zjet 430 Cross Trainer - Red,87000.0,69600,20.0,9.0,4
Deuter Unisex Grey Air Contact Core 45+10 Sl Rucksack Bag (L...,1200.0,19999,25.0,9.0,4
Baidyanath Amlapittantak For Acidity - Pack Of 2,230.0,208,10.0,3.0,4
Undercover Altura Bullet Vibrator & Chocolate Water Based Lu...,8998.0,4499,50.0,9.0,4
Undercover Solo Flight Rabbit Vibrator & Aloe Vera Water Bas...,8998.0,4499,50.0,9.0,4
Karma Kettle Birdsong White Tea With Lavender And Cockscomb,1200.0,350,25.0,2.0,4
CULT Unisex Yoga Bag Up to 6 mm - Olive,799.0,400,50.0,9.0,4
Puma Basketball Ind (7),1200.0,1299,25.0,1.0,5
Clovia Cotton Rich Solid Non-Padded Full Cup Wire Free Mater...,999.0,250,75.0,9.0,4
Radhikas Revvs Up Metabolism Rosemary Blend - A Refreshing H...,1200.0,700,25.0,2.0,3
UMAI Coffee Mug Suction Bottom Green,1895.0,682,64.0,9.0,4
MyFitFuel Champion Prozymes Whey Protein Concentrate & Isola...,1699.0,1456,14.0,30.0,5
Columbia Unisex Orange Helvetia 14L Trekking-Hiking Backpack...,1200.0,5499,25.0,9.0,4
Bold Care Ultra Thin Long Last Condoms + 404 Nano Thin Condo...,1200.0,599,25.0,9.0,4
Onelife BCAA 6000mg Flavour Peach Ice Tea,1200.0,1749,25.0,9.0,4
Buff Unisex Polyester Cool Net UV Kovey Ivory Gaiter (S),1200.0,1699,25.0,9.0,4
CULT Unisex Neo Weightlifting Wrist Wrap - Black,600.0,312,48.0,9.0,4
Bold Care Extend Topical Spray + 404 Nano Thin Condoms Combo,1200.0,599,25.0,9.0,4
Radhikas Gut Health Oregano Blend - A Natural Gut Health Boo...,1200.0,700,25.0,9.0,4
"Radhikas Soothing Almond Kashmiri Kahwa, Certified Organic, ...",1200.0,350,25.0,1.0,5
Strauss Pack of 2 Tummy Twister - White & Pink,2098.0,1199,43.0,9.0,4
Inner Sense Organic Antimicrobial Sleeping/Feeding Bra Pack ...,2391.0,2104,12.0,9.0,4
"Strauss Yoga Mat, 8 mm (Green)",1775.0,1269,29.0,9.0,4
Strauss Blue Anti Burst Foot Pump Gym Ball (Pack of 2),1200.0,3698,25.0,9.0,4
TGL Co. GeishaGreen Tea Bags (Pack of 2) Immunity Booster De...,1200.0,1098,25.0,1.0,4
"Strauss Yoga Mat, 6 mm (Blue)",1129.0,920,18.0,9.0,4
Deuter Energy Ii Backpack,1200.0,3299,25.0,9.0,4
Buff Unisex Grey Heiq Cooling Coolnet Uv Bandana,1200.0,1699,25.0,9.0,4
Baidyanath Abhrak Bhasma - Pack Of 2,186.0,168,10.0,9.0,4
Buff Unisex Blue Heiq Cooling Coolnet Uv Headband,1200.0,1199,25.0,9.0,4
Radhikas Radiance Lanka Raspberry Tea + Porcelian Strainer H...,1200.0,2650,25.0,9.0,4
Rejuvenating UBTAN Eucalyptus Essential Bath & Body Oil,1200.0,395,25.0,1.0,4
Baidyanath Abhrak Bhasma - Pack Of 2,246.0,190,23.0,1.0,5
Inner Sense Women's Organic Cotton Antimicrobial Soft Nursin...,699.0,629,10.0,9.0,4
Buff Unisex Multicolor Polyester Original City Collection To...,1200.0,1299,25.0,9.0,4
Strauss Grey & Black Adjustable Strengthener Hand Grip (Pack...,1198.0,1179,2.0,9.0,4
Morph Maternity Pack Of 2 Leak-Proof Sleep Nursing Bras - Mu...,1200.0,1790,25.0,3.0,3
Tea Treasure Tropical Hibiscus Green Tea,1200.0,420,25.0,6.0,4
Sonari Tinycare Non-Padded Nursing Bra - Multi-Color,1200.0,898,25.0,9.0,4
Undercover Solo Flight Rabbit Vibrator & Peppermint Water Ba...,8998.0,4499,50.0,9.0,4
Deuter Unisex Grey Pulse 3 Biking Belt Bag (S),1200.0,4999,25.0,9.0,4
The Better Home Purple Stainless Steel Bottle 1L (Pack Of 5),3529.0,1399,60.0,9.0,4
Morph Maternity Pack Of 2 Sleep Nursing Bras - Multi-Color,1200.0,1590,25.0,7.0,4
Buff Unisex Black Polyester Cool Net UV Endi Gaiter (S),1200.0,1699,25.0,9.0,4
Strauss Pack of 2 Moto Push up Bar - Black & Blue,1398.0,779,44.0,9.0,4
Buff Unisex Light Weight Merino Wool Solid Light Grey Gaiter...,1200.0,1999,25.0,9.0,4
Timberland Bainbridge Strap for Apple/Samsung smart watch 20...,4550.0,2275,50.0,9.0,4
Axiom Marigold Juice - Pack of 2,1200.0,440,25.0,9.0,4
CULT Unisex Gym Belt Suede Leather - Grey,1599.0,608,62.0,9.0,4
Vegan Greens Clean Men's Plant Protein with Herbs (Chocolate...,1999.0,1348,33.0,9.0,4
Buff Original Havoc Blue Tubular,1200.0,1299,25.0,9.0,4
The Better Home Insulated Stainless Steel Water Bottle with ...,2609.0,676,74.0,9.0,4
Reebok RSMT-40030Rd Functional Mat - Red,9440.0,4955,48.0,9.0,4
Inner Sense Organic Antimicrobial Soft Nursing Bra Combo of ...,1594.0,1259,21.0,9.0,4
Baidyanath Akik Pishti - Pack Of 3,210.0,189,10.0,9.0,4
Bralux Women's Sangam Black Color Maternity Bra,1200.0,900,25.0,2.0,5
Baidyanath Ekangweer Ras - Pack Of 2,350.0,316,10.0,5.0,4
Buff Unisex Blue Polyester Tech Headband Concrete,1200.0,1099,25.0,9.0,4
Undercover Ripple Touch Vibrator & Vanilla Water Based Lube ...,8998.0,4499,50.0,9.0,4
"Strauss Moto Push up Bar, Pair (Black-Orange)",699.0,589,16.0,1.0,5
Strauss Grey & Black Adjustable Strengthener Hand Grip (Pack...,3594.0,1929,46.0,9.0,4
Greenbrrew Decaffeinated Natural Instant Green Coffee (Pack ...,1200.0,1495,25.0,9.0,4
Oakley 0OO9454 Transparent EVZero Blades Wraparound Safety G...,1200.0,15590,25.0,9.0,4
Buff Unisex Black Original Eco Stretch Speed Graphite Gaiter,1200.0,1299,25.0,9.0,4
TGL Co. Darjeeling Black Tea Bags (Pack of 2) to Promote Hea...,1200.0,798,25.0,9.0,4
Columbia Mens Shiny White Wingard Sunglasses (S),1200.0,7999,25.0,9.0,4
Swarnakayu 24K Gold Bhasma Immunity Booster Tablet,1200.0,1500,25.0,9.0,4
Buff Unisex Blue Wool Merino Lightweight Tempest Gaiter (S),1200.0,2299,25.0,9.0,4
Speedo Unisex Adult Aquapulse Pro Anti Fog Coated Swim Goggl...,1200.0,2799,25.0,9.0,4
Sonari Nursing Women'S Maternity Bra - Nude,1200.0,425,25.0,2.0,3
"Strauss Rubber Anti-Burst Gym Ball, Stability Legs, 55 cm (P...",1949.0,1379,29.0,9.0,4
Deuter Unisex Blue Bike I 20 Backpack (S),1200.0,6999,25.0,9.0,4
Deuter Unisex Sand Synthetic Pass Way 2 Belt Bag (S),1200.0,3999,25.0,9.0,4
Morph Maternity Pack Of 3 Leak-Proof Sleep Nursing Bras - Nu...,1200.0,2685,25.0,2.0,5
Deuter Unisex Grey Synthetic Air Contact Core 70+10 Rucksack...,1200.0,26999,25.0,9.0,4
"House of Quirk Purple Bpa Free Water Bottle, 2L",999.0,460,54.0,1.0,5
"Radhikas Beautea Green Rose, Certified Organic, Cold & Hot B...",1200.0,250,25.0,1.0,1
Buff Unisex Polyester Cool Net UV Deri Blue Gaiter (S),1200.0,1699,25.0,9.0,4
Bold Care 404 Nano & Ultra Thin Chocolate Flavored Condoms F...,1200.0,497,25.0,9.0,4
Strauss Double Exercise Wheel (Green),699.0,589,16.0,9.0,4
Morph Maternity Pack Of 3 Leak-Proof Sleep Nursing Bras - Wh...,1200.0,2685,25.0,9.0,4
"Strauss Yoga Mat, 6 mm (Purple)",1299.0,909,30.0,9.0,4
Nejo Feeding Bra Non Padded With Removable Pads - Black,799.0,631,21.0,9.0,4
Sonari Nursing Women'S Maternity Bra - White,1200.0,425,25.0,3.0,3
Morph Maternity Pack Of 2 Sleep Nursing Bras - White,1200.0,1590,25.0,9.0,4
OneLife BCAA 6000mg - Orange,1200.0,1049,25.0,1.0,5
Bliss Of Earth Star Anise Whole Spices (Chakra Phool),1200.0,425,25.0,9.0,4
BioExotica Himalayan Shudh Shilajeet,1200.0,1299,25.0,9.0,4
the better HOME Insulated Water Bottle Orange,1899.0,939,51.0,9.0,4
Morph Maternity Pack Of 2 Sleep Nursing Bras - Multi-Color,1200.0,1590,25.0,2.0,3
Karma Kettle Chakra Organic Green Tea Ancient Healing Collec...,1200.0,250,25.0,2.0,5
Buff Unisex Polyester Cool Net UV Campast Green Gaiter (S),1200.0,1699,25.0,9.0,4
CULT Pencil Skipping Rope Green/White,399.0,251,37.0,9.0,4
Undercover The Big O Palm Vibrator & Aloe Vera Water Based L...,8998.0,4499,50.0,9.0,4
Floret Pack of 2 Full-Coverage Maternity Bras - Multi-Color,1200.0,938,25.0,2.0,5
Strauss Double Exercise Wheel (Red),609.0,589,3.0,1.0,5
Strauss Grey & Black Adjustable Strengthener Hand Grip (Pack...,2396.0,1549,35.0,9.0,4
Buff Unisex Blue Heiq Cooling Coolent Uv Insect Shield Banda...,1200.0,2199,25.0,9.0,4
"MuscleBlaze Weight Lifting Strap 1.0 (one More Rep), Yellow ...",1200.0,849,25.0,13.0,4
Buff Lightweight Merino Wool Hat Solid Grey Hat - Lw Merino,1200.0,1699,25.0,9.0,4
Tea Treasure Lemon Tulsi Green Tea,1200.0,420,25.0,2.0,5
Strauss Pack of 2 Adjustable Skipping Rope - Blue & Grey,598.0,459,23.0,9.0,4
"Strauss Moto Push Up Bar, Pair (Black-Blue)",609.0,539,11.0,9.0,4
Baidyanath Janmghunti - Pack Of 2,140.0,124,11.0,2.0,3
Buff Unisex Multi-Color Polyester Tech Bandana Defy Pancy,1200.0,1999,25.0,9.0,4
Columbia Unisex Purple Tandem Trail 22L Backpack (S),1200.0,4999,25.0,9.0,4
Deuter Unisex Red Synthetic Belt Bag (S),1200.0,1999,25.0,9.0,4
Columbia Unisex Orange Helvetia Trekking-Hiking Hip Pack (S),2999.0,2599,13.0,9.0,4
Buff Unisex Blue Pack Baseball Cap Grove Stone Multi Pack Ba...,1200.0,2099,25.0,9.0,4
Anomeo Green Ear Plugs,895.0,627,30.0,9.0,4
Inner Sense Organic Cotton Antimicrobial Laced Nursing Bra P...,1634.0,1422,13.0,9.0,4
Deuter Unisex Grey Kc Sun Roof Carrier (S),1200.0,2199,25.0,9.0,4
Baidyanath Amoebica For Diarrhoea - Pack Of 2,300.0,256,15.0,9.0,4
Inner Sense Organic Cotton Antimicrobial Nursing Bra Pack of...,2391.0,1961,18.0,9.0,4
Solara Insulated Water Bottle Black Knight 650ml,1999.0,1199,40.0,9.0,4
Rejuvenating UBTAN Tea Tree Pure Essential Bath & Body Oil,1200.0,450,25.0,1.0,3
The Better Home Insulated Stainless Steel Water Bottle with ...,5990.0,1305,78.0,9.0,4
Inner Sense Organic Cotton Antimicrobial Nursing Bra Pack of...,1796.0,1670,7.0,2.0,5
MuscleBlaze MB-Vite Daily & Strongher Women Multivitamin Tab...,1200.0,1198,25.0,9.0,4
Buff Unisex Red Original Eco Stretch Tribica Coral Gaiter,1200.0,1299,25.0,9.0,4
CULT Unisex 6 mm TPE Perfume Mat - Blue,3499.0,1295,63.0,9.0,4
Floret Pack of 2 Full-Coverage Maternity Bras - Black,1200.0,938,25.0,1.0,5
"MuscleBlaze Mass Gainer Xxl, Mango Burst",1200.0,4399,25.0,9.0,4
"Strauss Deep Tissue Massage Foam Roller, 45 cm (Blue)",1575.0,1229,22.0,9.0,4
Inner Sense Women's Full Cup Nursing Bra Pack of 2 - Nude,1594.0,1307,18.0,2.0,5
Kookee Pink Acrylic Sipper Frosted with Straw and Lid - 275M...,1495.0,897,40.0,9.0,4
Buff Unisex Black Polyester Cool Net UV Biman Gaiter (S),1200.0,1699,25.0,9.0,4
Strauss Pack of 5 Adjustable Skipping Rope - (Blue & Grey),1495.0,629,58.0,9.0,4
The Better Home Water Bottle Anti Fall (Suction Bottom) Blac...,1695.0,701,59.0,9.0,4
Inner Sense Organic Antimicrobial Soft Nursing Bra Combo of ...,1594.0,1259,21.0,1.0,2
SOIE Women'S Non-Padded Non-Wired Maternity Bra - Black,1200.0,640,25.0,6.0,5
Buff Unisex Green Polyester Microfiber Reversible Beanie Flu...,1200.0,1699,25.0,9.0,4
Strauss Pack of 6 Adjustable Skipping Rope - (Blue & Grey),1794.0,719,60.0,9.0,4
Strauss Pack of 2 Black Moto Push up Bar,1398.0,779,44.0,9.0,4
Bralux Padded Blossam Feeding Bra - White,1200.0,999,25.0,2.0,3
TGL Co. Assam Black Tea Bags (Pack of 2) for Boost Immunity ...,1200.0,698,25.0,9.0,4
Inner Sense Organic Cotton Antimicrobial Nursing Bra Pack of...,1594.0,1307,18.0,2.0,5
Auric Ancient Herbs Hair Boost Tablets - Pack Of 2,1246.0,997,20.0,9.0,4
Columbia Unisex Green Tandem Trail 22L Backpack (S),1200.0,4999,25.0,9.0,4
Columbia Unisex White 3D 750L Lantern,1200.0,4099,25.0,9.0,4
Buff Unisex Navy Blue Heiq Cooling Coolnet Uv Bandana,1200.0,1699,25.0,9.0,4
Undercover Ripple Touch Vibrator & Aloe Vera Water Based Lub...,8998.0,4499,50.0,9.0,4
Buff Unisex Grey Tech Winter Hiking Trekking Biking Cycling ...,1200.0,1199,25.0,9.0,4
Buff Unisex Multicolor Polyester Tech Headband,1200.0,1099,25.0,9.0,4
Strauss Pack of 4 Adjustable Skipping Rope - (Blue & Grey),1196.0,559,53.0,9.0,4
Deuter Unisex Blue Vista Skip Backpacks,1200.0,5299,25.0,9.0,4
Deuter Unisex Black Security Money Belt Bag (S),1200.0,1999,25.0,9.0,4
Buff Unisex Green Original Eco Stretch Mint Gaiter,1200.0,1299,25.0,9.0,4
The Better Home Water Bottle Anti Fall (Suction Bottom) Blac...,1895.0,831,56.0,9.0,4
Columbia Youth Pink Unisex Bucket Hikking-Trekking Hat,1200.0,1999,25.0,9.0,4
Buff Unisex Green Polyester Dryflx Bondi Gaiter (S),1200.0,1999,25.0,9.0,4
Strauss Blue & Grey Adjustable Strengthener Hand Grip (Pack ...,1797.0,1409,22.0,9.0,4
Buff Unisex Grey Polar Reversible Raft Graphite Trekking-Hik...,1200.0,2299,25.0,9.0,4
Columbia Mens Shiny Black-Red Utilizer Sunglasses (S),1200.0,9999,25.0,9.0,4
Inner Sense Organic Cotton Antimicrobial Nursing Bra Pack of...,1796.0,1670,7.0,3.0,3
TGL Co. Imperial Earlgrey Black Tea Bags (Pack of 2) Less An...,1200.0,698,25.0,9.0,4
Deuter Unisex Green Aviant Access Pro 65 Sl Rucksack Bag (L),1200.0,18999,25.0,9.0,4
MuscleBlaze Weight Gainer With Free Shaker - Chocolate,1200.0,3199,25.0,9.0,4
Morph Maternity Pack Of 2 Sleep Nursing Bras - Black,1200.0,1590,25.0,9.0,4
Inner Sense Organic Antimicrobial Soft Feeding Bra with Remo...,2391.0,2271,5.0,1.0,4
Inner Sense Organic Cotton Antimicrobial Nursing Bra Pack of...,1234.0,1197,3.0,9.0,4
Inner Sense Organic Cotton Antimicrobial Laced Nursing Bra P...,2445.0,2103,14.0,9.0,4
Buff Unisex White Polyester Cool Net UV Solid Gaiter (S),1200.0,1699,25.0,9.0,4
Inner Sense Organic Antimicrobial Sleeping/Feeding Bra Pack ...,1594.0,1419,11.0,1.0,3
The Better Home Tritan Bpa Free Sports Bottle,2699.0,619,77.0,9.0,4
The Better Home Water Bottle Anti Fall (Suction Bottom) Grey,1695.0,952,44.0,9.0,4
Buff Unisex Blue Reflective Ipe Navy Gaiter,1200.0,1699,25.0,9.0,4
Anomeo Purple Ear Plugs,895.0,627,30.0,9.0,4
Inner Sense Inner Sense Organic Antimicrobial Sleeping/Feedi...,1594.0,1419,11.0,6.0,4
Columbia Mens Black Slick Creek Sunglasses (S),1200.0,7999,25.0,9.0,4
Columbia Unisex Black Tandem Trail 22L Backpack (S),1200.0,4999,25.0,9.0,4
Solara Insulated Water Bottle Multicolor Teal 2L,2999.0,2099,30.0,9.0,4
Kuber Industries Copper Water Bottle 950 ml,1200.0,1699,25.0,9.0,4
Kuber Industries Water Bottle for Kids & Adults Plastic Bott...,1200.0,499,25.0,9.0,4
UMAI Double-Walled Vacuum Insulated Stainless Steel Water Bo...,1899.0,665,65.0,9.0,4
UMAI Anti-Fall Coffee Travel Tumbler with Suction Bottom|480...,1895.0,701,63.0,9.0,4
"Strauss Rubber Anti-Burst Gym Ball, Stability Legs, 55 cm (G...",1699.0,1220,28.0,9.0,4
Inner Sense Organic Cotton Antimicrobial Nursing Bra Pack of...,2391.0,1841,23.0,9.0,4
Buff Unisex Purple Polyester Dryflx Beanie,1200.0,1999,25.0,9.0,4
TGL Co. Kadak Masala Chai Premix 14 Tea Bags (Pack of 2) Boo...,1200.0,898,25.0,9.0,4
Strauss Orange & Black Adjustable Strengthener Hand Grip (Pa...,1198.0,1069,11.0,9.0,4
Buff Unisex Polyester Reflective Singy Pink Gaiter (S),1200.0,1999,25.0,9.0,4
Buff Unisex Grey Heiq Cooling Coolent Uv Insect Shield Banda...,1200.0,2199,25.0,9.0,4
Columbia Womens Coral Helvetia Sherpa Trekking-Hiking Gloves,1200.0,2999,25.0,9.0,4
The Better Home Copper Bottle 950 Ml- Grey (Pack Of 2),5998.0,1303,78.0,1.0,5
Buff Unisex Polyester Reflective Htr Azure Blue Gaiter (S),1200.0,1699,25.0,9.0,4
"Strauss Deep Tissue Massage Foam Roller, 33 cm (Orange)",1349.0,1139,16.0,9.0,4
Inner Sense Organic Cotton Antimicrobial Nursing Bra - Multi,1234.0,1197,3.0,9.0,4
The Better Home Purple Doubled Wall Insulated Stainless Stee...,6198.0,1369,78.0,9.0,4
Strauss Blue & Grey Adjustable Strengthener Hand Grip (Pack ...,2396.0,1609,33.0,9.0,4
Deuter Unisex Black Pulse 5L Hip pack (Free Size),1200.0,2899,25.0,9.0,4
Buff Unisex Multi Polyester Tech Bandana Renz,1200.0,1999,25.0,9.0,4
Strauss Grey & Black Adjustable Strengthener Hand Grip (Pack...,14376.0,5289,63.0,9.0,4
Steadfast NUTRITION Milk Thistle Liver Detox Supplement For ...,800.0,496,38.0,9.0,4
Buff Unisex Blue Wool Medium Weight Merino Melange Gaiter,1200.0,2499,25.0,9.0,4
Strauss Blue & Grey Adjustable Strengthener Hand Grip (Pack ...,5990.0,2819,53.0,9.0,4
Buff Unisex Blue Original Eco Stretch Luarts Multi Gaiter,1200.0,1699,25.0,9.0,4
Buff Unisex Blue Cool Net Uv Blauw Turquoise Gaiter,1200.0,1499,25.0,9.0,4
Deuter Unisex Blue Ac Lite 30 Rucksack Bag (M),1200.0,9999,25.0,9.0,4
Auric Skin Rediance 04 Ancient Herbs Tablets - Pack Of 3,1869.0,1458,22.0,9.0,4
Deuter Unisex Red Synthetic Organizer Belt Bag (S),1200.0,2399,25.0,9.0,4
Inner Sense Organic Antimicrobial Soft Nursing Bra Pack of 3...,2391.0,1841,23.0,9.0,4
Inner Sense Organic Antimicrobial Soft Feeding Bra with Remo...,1594.0,1514,5.0,4.0,4
Undercover Water Based Intimate Lubes - Peppermint & Chocola...,1998.0,699,65.0,9.0,4
MuscleBlaze High Protein Peanut Butter - Crunchy Delight (Pa...,1200.0,1198,25.0,9.0,4
The Better Home Insulated Stainless Steel Water Bottle with ...,8985.0,2937,67.0,9.0,4
Buff Unisex Multi-Color Polyester Cool Net UV Dilm Gaiter (S...,1200.0,1699,25.0,9.0,4
Steadfast NUTRITION Micasein Recovery Increase Immunity Stre...,4200.0,3570,15.0,9.0,4
TGL Co. OrganicGreen Tea Bags Tea Bags (Pack of 2) Pleasant ...,1200.0,698,25.0,9.0,4
The Better Home Set of 2-Copper Oreo 950ml Bottle Teal and 4...,1200.0,4748,25.0,9.0,4
Strauss Blue & Grey Fitness Adjustable Strengthener Hand Gri...,1198.0,599,50.0,9.0,4
Buff Unisex Green Original Eco Stretch Pur3 Multi Gaiter,1200.0,1299,25.0,9.0,4
Buff Unisex Polyester Cool Net UV Insect Shield Unrel Blue G...,1200.0,2199,25.0,9.0,4
Deuter Unisex Red Synthetic Giga Sl Backpack (S),1200.0,7999,25.0,9.0,4
The Better Home SS Vaccum Bottle with Rope Blue,2699.0,879,67.0,9.0,4
Inner Sense Organic Antimicrobial Soft Feeding Bra with Remo...,1594.0,1514,5.0,9.0,4
The Better Home Copper Bottle 950 ml Maroon,2999.0,949,68.0,9.0,4
Inner Sense Organic Antimicrobial Sleeping/Feeding Bra Pack ...,1594.0,1419,11.0,1.0,2
Buff Unisex Blue Polyester Reflective Htr Lavender Gaiter,1200.0,1699,25.0,9.0,4
Inner Sense Organic Antimicrobial Sleeping/Feeding Bra Pack ...,1594.0,1419,11.0,1.0,4
Strauss Blue & Grey Adjustable Strengthener Hand Grip (Pack ...,2995.0,1809,40.0,9.0,4
Deuter Unisex Blue Belt Bag (S),1200.0,1999,25.0,9.0,4
The Better Home Green Doubled Wall Insulated Stainless Steel...,6198.0,1369,78.0,9.0,4
Inner Sense Organic Cotton Antimicrobial Laced Nursing Bra P...,1634.0,1422,13.0,1.0,5
Buff Unisex Cream Heiq Cooling Coolent Uv Insect Shield Band...,1200.0,2199,25.0,9.0,4
Strauss Double Exercise Wheel (Yellow),609.0,569,7.0,1.0,5
The Better Home Copper Bottle 950 ml Blue Pack of 3,8997.0,2204,76.0,9.0,4
Buff Unisex Polyester Cool Net UV Mims Night Blue Gaiter (S),1200.0,1699,25.0,9.0,4
The Better Home Water Bottle Anti Fall (Suction Bottom) Dark...,1895.0,834,56.0,9.0,4
Buff Unisex Blue Heiq Cooling Coolnet Uv Bandana,1200.0,1699,25.0,9.0,4
Buff Unisex Pink Polyester Cool Net UV Shane Lilac Gaiter (S...,1200.0,1699,25.0,9.0,4
Inner Sense Women's Full Cup Nursing Bra Pack of 2 - Multi-C...,1594.0,1307,18.0,9.0,4
Inner Sense Organic Cotton Antimicrobial Nursing Bra Pack of...,1594.0,1307,18.0,9.0,4
Buff Unisex Blue Polyester Alexandra Nicole Coolnet Uv Shark...,1200.0,1499,25.0,9.0,4
Inner Sense Organic Cotton Antimicrobial Nursing Bra Pack of...,1594.0,1307,18.0,1.0,3
Inner Sense Organic Cotton Antimicrobial Nursing Bra Pack of...,1234.0,1197,3.0,1.0,4
Buff Unisex Polyester Nat Geographic Cool Net UV Reige Multi...,1200.0,1799,25.0,9.0,4
Inner Sense Women's Full Cup Nursing Bra Pack of 2 - White,1594.0,1307,18.0,1.0,1
The Better Home SS Vacuum Bottle with Rope -Blue-Aqua,2699.0,999,63.0,9.0,4
The Better Home Tbh Vacuum Flask Dark Blue (750ml),1795.0,709,61.0,9.0,4
CULT Yoga Pad Eva Grey Pack Of 2,999.0,669,33.0,9.0,4
Inner Sense Organic Antimicrobial Soft Nursing Bra Combo of ...,2391.0,1841,23.0,9.0,4
Deuter Unisex Black Security Money Belt Rfid Block (S),1200.0,3999,25.0,9.0,4
Morph Maternity Pack Of 3 Sleep Nursing Bras - Black,1200.0,2385,25.0,9.0,4
Buff Original Embers Black Tubular-Original,1200.0,1299,25.0,9.0,4
The Better Home Copper Bottle 950 Ml - Grey (100Pcs),1200.0,299900,25.0,9.0,4
Columbia Unisex White Blended Ux 1P Sml-Run Lc-Optical Socks...,1200.0,2099,25.0,9.0,4
Buff Unisex Polyester Cool Net UV Eon Grey Gaiter (S),1200.0,1699,25.0,9.0,4
Buff Lightweight Merino Wool Solid Bark Tubular,1200.0,1999,25.0,9.0,4
MuscleBlaze Biozyme Performance Whey Protein & Gallon Water ...,1200.0,4098,25.0,9.0,4
CULT Yoga Wheel Grey,2099.0,945,55.0,9.0,4
Deuter Unisex Red Aviant Access Pro 65 Backpacks,1200.0,18999,25.0,9.0,4
Buff Unisex Polyester Insect Shield Temara Ivory Gaiter (S),1200.0,2199,25.0,9.0,4
Buff Unisex Polyester Original Eco Stretch Ilus Multi-Color ...,1200.0,1499,25.0,9.0,4
"Strauss Moto Push up Bar, Pair (Black)",609.0,539,11.0,1.0,5
Inner Sense Women's Full Cup Nursing Bra Pack of 3 - Multi-C...,2391.0,1961,18.0,2.0,4
Inner Sense Organic Antimicrobial Sleeping/Feeding Bra Pack ...,2391.0,2104,12.0,2.0,5
Deuter Unisex Orange Speed Lite 21 Backpack (S),1200.0,6999,25.0,9.0,4
Buff Unisex Multicolor Polyester Original Ecostretch Key Mon...,1200.0,1599,25.0,9.0,4
Columbia Unisex Grey Blended Ux 1P Sml-Run Lc-Optical Socks ...,1200.0,2099,25.0,9.0,4
The Better Home Tbh Vacuum Flask Purple (750ml),1795.0,709,61.0,9.0,4
Buff Unisex Multicolor Polyester Original Ecostretch Jim Cor...,1200.0,1599,25.0,9.0,4
Buff Unisex Polyester Reflective Attel Blue Gaiter (S),1200.0,1999,25.0,9.0,4
Deuter Unisex Purple Vista Spot Backpacks,1200.0,5999,25.0,9.0,4
The Better Home Water Bottle Anti Fall (Suction Bottom) Gree...,1895.0,834,56.0,9.0,4
Deuter Unisex Black I Belt Bag (S),1200.0,1999,25.0,9.0,4
Solara Motivational Water Bottle Hunter Green 1Liter,1499.0,705,53.0,9.0,4
Buff Unisex Multicolor Polyester Original Ecostretch Chandar...,1200.0,1599,25.0,9.0,4
Buff Unisex Blue Original Eco Stretch Blue Gaiter,1200.0,1299,25.0,9.0,4
The Better Home Copper Bottle 950 Ml - Grey (50Pcs),1200.0,149950,25.0,9.0,4
Inner Sense Women's Full Cup Nursing Bra Pack of 3 - Multi-C...,2391.0,1961,18.0,1.0,5
Strauss Grey & Black Adjustable Strengthener Hand Grip (Pack...,1797.0,1369,24.0,9.0,4
Columbia Mens White Blended Mn 2P Nosho (S),1200.0,1899,25.0,9.0,4
Morph Maternity Pack Of 3 Sleep Nursing Bras - White,1200.0,2385,25.0,9.0,4
Buff Unisex Brown Original Eco Stretch Dreakzy Rusty Gaiter,1200.0,1299,25.0,9.0,4
Buff Unisex Grey Eco Stretch Beanie Camouflage Beanie,1200.0,1699,25.0,9.0,4
Deuter Unisex Blue Synthetic Vista Spot Backpack (S),1200.0,5999,25.0,9.0,4
The Better Home Copper Bottle 950 Ml- Maroon (Pack Of 2),5998.0,1407,77.0,9.0,4
Solara Insulated Water Bottle Angel Pink 650ml,1999.0,1199,40.0,1.0,4
Solara Insulated Water Bottle Aqua 650ml,1999.0,1199,40.0,9.0,4
Solara Insulated Water Bottle Blue Wave 650ml,1999.0,1199,40.0,9.0,4
Solara Insulated Water Bottle Dark Intentions 650ml,1999.0,1199,40.0,1.0,5
Solara Insulated Water Bottle Yellow 650ml,1999.0,1199,40.0,9.0,4
Solara Insulated Water Bottle Black Marble 650ml,1999.0,1299,35.0,1.0,4
Solara Insulated Water Bottle Yellow 1000ml,2999.0,1500,50.0,1.0,5
Solara Insulated Water Bottle Pink Teal 1000ml,2999.0,1500,50.0,3.0,4
Solara Insulated Water Bottle Black Marble 1000ml,2999.0,1500,50.0,1.0,5
Solara Insulated Water Bottle Unicorn 450ml,1699.0,1002,41.0,9.0,4
Solara Insulated Water Bottle Mermaid 450ml,1699.0,1002,41.0,9.0,4
Solara Insulated Water Bottle Rainbow 450ml,1699.0,1002,41.0,9.0,4
Solara Insulated Water Bottle Dino 450ml,1699.0,1002,41.0,9.0,4
Solara Insulated Water Bottle Fruit 450ml,1699.0,1002,41.0,9.0,4
Solara Insulated Water Bottle Fish 450ml,1699.0,1002,41.0,9.0,4
Solara Insulated Water Bottle Galaxy 450ml,1699.0,1002,41.0,9.0,4
Rabitat Flip Lock Tritan Water Bottle - Sizzle,1200.0,1199,25.0,9.0,4
Rabitat Flip Lock Tritan Water Bottle - Chatter Box,1200.0,1199,25.0,9.0,4
Rabitat Flip Lock Tritan Water Bottle - Miss Butters,1200.0,1199,25.0,9.0,4
Rabitat Flip Lock Tritan Water Bottle - Mad Eye,1200.0,1199,25.0,9.0,4
Rabitat Flip Lock Tritan Water Bottle - Spunky,1200.0,1199,25.0,9.0,4
Rabitat Flip Lock Tritan Water Bottle - Sparky,1200.0,1199,25.0,9.0,4
Rabitat Flip Lock Tritan Water Bottle - Shy guy,1200.0,1199,25.0,9.0,4
Hot Muggs Green Tea - Detoxifying - Set of 4 Glass Mugs,1200.0,1595,25.0,9.0,4
Hot Muggs Green Tea Lovers Group - Set of 4 Glass Mugs,1200.0,1595,25.0,9.0,4
"Zoku Premium 7"" Safari Flip Straw Water Bottle, 415ml",2199.0,2023,8.0,9.0,4
"Zoku Premium 6.8"" Green Dino Flip Straw Water Bottle,475ml",2199.0,2023,8.0,9.0,4
Bormioli Rocco Ercole Water Tumbler Multicolour 230ml Set of...,1200.0,1545,25.0,9.0,4
Bormioli Rocco Moresca Glass Bottle with cap 1 L Set of 2,990.0,792,20.0,9.0,4
Bormioli Rocco Oxford Glass Bottle with Cap 1 L Set of 2 Dar...,1200.0,1770,25.0,1.0,3
Bormioli Rocco Oxford Glass Bottle with Cap 1 L Set of 2 Red,1200.0,1770,25.0,9.0,4
"Brabantia Premium 500ml Water Bottle with Strainer, Jade Gre...",2699.0,1808,33.0,9.0,4
Buff Unisex Polyester Cool Net UV Evy Multi-Color Gaiter (S),1200.0,1699,25.0,9.0,4
Buff Unisex Polyester Cool Net UV Edur Multi-Color Gaiter (S...,1200.0,1699,25.0,9.0,4
Maatir Stainless Steel Water Bottle - Surya Sun Art,1200.0,840,30.0,9.0,4
Maatir Stainless Steel Water Bottle - Pichwai Cow Art,1200.0,840,30.0,9.0,4
Maatir Stainless Steel Water Bottle - Madhubani Bird Art,1200.0,840,30.0,9.0,4
Maatir Stainless Steel Water Bottle - Buddha Kalamkari Art,1200.0,840,30.0,9.0,4
Maatir Stainless Steel Water Bottle - Pichwai Cow & Lotus Ar...,1200.0,840,30.0,9.0,4
Maatir Stainless Steel Water Bottle - Floral Paisley Art,1200.0,840,30.0,9.0,4
Maatir Stainless Steel Water Bottle - Leopard Abstract Art,1200.0,840,30.0,9.0,4
Buff Unisex Purple Polyester Microfiber Reversible Beanie,1200.0,1699,25.0,9.0,4
Columbia Mens Shiny Black-Green Utilizer Sunglasses (S),1200.0,9999,25.0,9.0,4
Columbia Mens Shiny White Peak Racer Sunglasses (S),1200.0,9999,25.0,9.0,4
Rabitat 360° Playmate Insulated Tumbler Multicolor,1200.0,1899,25.0,9.0,4
Solara Motivational Water Bottle Mysterious Grey 1Liter,1499.0,854,43.0,9.0,4
Solara Motivational Water Bottle Multicolor 1Liter,1499.0,854,43.0,1.0,4
Solara Motivational Water Bottle Multicolor 1Liter,1499.0,854,43.0,1.0,5
Solara Motivational Water Bottle Blue Wave 1Liter Multicolor,1499.0,854,43.0,1.0,5
Solara Motivational Water Bottle Dark Intentions 1Liter Mult...,1499.0,854,43.0,9.0,4
Solara Motivational Water Bottle Multicolor Hawaii 1Liter,1499.0,854,43.0,9.0,4
Solara Motivational Water Bottle Multicolor Mint 1Liter,1499.0,854,43.0,9.0,4
Solara Motivational Water Bottle Multicolor Skies 1Liter,1499.0,705,53.0,9.0,4
Solara Motivational Water Bottle Multicolor Blue 1Liter,1499.0,705,53.0,9.0,4
Solara Motivational Water Bottle Cool Aqua 1Liter,1499.0,854,43.0,9.0,4
Solara Motivational Water Bottle Pearly pink 1Liter,1499.0,854,43.0,9.0,4
Solara Motivational Water Bottle Blue Boss 1Liter,1499.0,705,53.0,9.0,4
Solara Motivational Water Bottle Purple Love1Liter,1499.0,495,67.0,9.0,4
Solara Motivational Water Bottle Multicolor Fuscia 500ml,999.0,649,35.0,9.0,4
Solara Motivational Water Bottle Pearly Pink 500ml,999.0,649,35.0,9.0,4
Solara Motivational Water Bottle Cool Aqua 500ml,999.0,649,35.0,9.0,4
Solara Motivational Water Bottle Multicolor Teal 2L,1999.0,1199,40.0,9.0,4
Solara Motivational Water Bottle Multicolor Fuchsia 2L,1999.0,1199,40.0,9.0,4
Solara Motivational Water Bottle Hunter Green 2L,1999.0,1199,40.0,9.0,4
Solara Insulated Water Bottle Angel Pink 1L,2299.0,1494,35.0,9.0,4
Solara Insulated Water Bottle Lime Multicolor 2L,2999.0,2099,30.0,9.0,4
Solara Insulated Water Bottle Animal Multicolor Heroes 450ml,1699.0,1002,41.0,9.0,4
Solara Insulated Tumbler Multicolor Marble 475ml,1999.0,1000,50.0,9.0,4
Melbify 3In1 Insulated Vacuum Flask Water Bottle 1L Black,3492.0,2235,36.0,9.0,4
Melbify 3In1 Insulated Vacuum Flask Water Bottle 1L White,3492.0,2235,36.0,9.0,4
Melbify 3In1 Insulated Vacuum Flask Water Bottle 1L Pink,3492.0,2235,36.0,9.0,4
PENTADECO Beautiful Printed Floral Design Sipper Water Bottl...,1200.0,799,25.0,9.0,4
PENTADECO Beautiful Flowers with Leaf Printed Design Sipper ...,1200.0,799,25.0,9.0,4
PENTADECO Floral Printed Design Sipper Water Bottle Aluminiu...,1200.0,799,25.0,9.0,4
PENTADECO Attractive Design & Colourful Printed Water Bottle...,1200.0,799,25.0,9.0,4
PENTADECO Navy Blue Monuments Printed Aluminium Sipper Water...,1200.0,799,25.0,9.0,4
PENTADECO Attractive Colourful Sunflower Printed Sipper Wate...,1200.0,799,25.0,2.0,5
PENTADECO Attractive Design & Colourful Printed Sipper Water...,1200.0,799,25.0,9.0,4
PENTADECO Beautiful Printed Flowers Design Sipper Water Bott...,1200.0,899,25.0,9.0,4
PENTADECO Beautiful Sunflower Printed Sipper Water Bottle Al...,1200.0,899,25.0,9.0,4
PENTADECO Beautiful Printed Flowers with Leaf Design Sipper ...,1200.0,899,25.0,9.0,4
PENTADECO Beautiful Attractive Colourful Printed Design Sipp...,1200.0,899,25.0,9.0,4
PENTADECO Beautiful Printed Flowers Design Sipper Water Bott...,1200.0,899,25.0,1.0,3
PENTADECO Navy Blue Monuments Printed Sipper Water Bottle Al...,1200.0,899,25.0,9.0,4
PENTADECO Beautiful Printed Floral Design Sipper Water Bottl...,1200.0,899,25.0,9.0,4
PENTADECO Double Cap Sports Water Bottle with Beautiful Flow...,1200.0,999,25.0,9.0,4
PENTADECO Sports Water Bottle Floral Printed Aluminium 750 M...,1200.0,999,25.0,9.0,4
PENTADECO Sports Water Bottle Printed Colourful Aluminium 75...,1200.0,999,25.0,9.0,4
PENTADECO Sports Water Bottle Floral with Leaf Printed Colou...,1200.0,999,25.0,9.0,4
PENTADECO Attractive Colourful Floral Printed Sports Water B...,1200.0,999,25.0,9.0,4
PENTADECO Double Cap Sports Water Bottle with Beautiful Monu...,1200.0,999,25.0,9.0,4
PENTADECO Sports Water Bottle Sunflower Printed Aluminium 75...,1200.0,999,25.0,9.0,4
Kuber Industries Copper Water Bottle With Added Health Benef...,1200.0,1799,25.0,9.0,4
Kuber Industries Mooh Design Stainless Steel Flask with Stra...,1200.0,1499,25.0,9.0,4
Kuber Industries Water Bottle Printed Designs for Kids Trans...,1200.0,1099,25.0,9.0,4
Kuber Industries Nursing Bottle for Pets 60 ML Blue,1200.0,399,25.0,9.0,4
Kuber Industries BPA-Free Plastic Water Bottle Pack of 4Blac...,1200.0,449,25.0,9.0,4
Kuber Industriess For Kids & Adults Refrigerator Plastic Bot...,1200.0,499,25.0,9.0,4
Kuber Industriess For Kids & Adults Refrigerator Plastic Bot...,1200.0,799,25.0,9.0,4
Kuber Industries BPA-Free Plastic Water Bottle Pack of 4Pink,1200.0,449,25.0,9.0,4
Kuber Industries For Kids & Adults Refrigerator Plastic Bott...,1200.0,499,25.0,9.0,4
Kuber Industries Unbreakable Freezer Proof Fridge Water Bott...,1200.0,799,25.0,9.0,4
Kuber Industries BPA-Free Plastic Water Bottle Pack of 4 Blu...,1200.0,449,25.0,9.0,4
Kuber Industries Stainless Steel Refrigerator Water Bottle 1...,1200.0,1499,25.0,9.0,4
Kuber Industries Stainless Steel Water Bottle Set of 4 1000 ...,1200.0,1299,25.0,9.0,4
Kuber Industries Motivational Water Bottle with Time Marker ...,1200.0,1299,25.0,9.0,4
Kuber Industries Sipper Bottle 1 Litre I Motivational Water ...,1200.0,1299,25.0,9.0,4
Kuber Industries Motivational 2 Litre Water Bottle with Time...,1200.0,1799,25.0,9.0,4
Kuber Industries Steel Flask Water Bottle with Rope 720 ML A...,1200.0,2699,25.0,9.0,4
Kuber Industries Travel Bottle Gym Water Bottle Leopard-Prin...,1200.0,2795,25.0,9.0,4
Kuber Industries Travel Bottle Gym Water Bottle Wooden Print...,1200.0,2695,25.0,9.0,4
Kuber Industries Thermos Flask for Gym Bottle 500 ML Orange,1200.0,1899,25.0,9.0,4
UMAI Double-Walled Vacuum Insulated Stainless Steel Water Bo...,1795.0,1059,41.0,9.0,4
UMAI Double-Walled Vacuum Insulated Stainless Steel Water Bo...,2295.0,1269,45.0,9.0,4
UMAI Stainless Steel Vacuum Insulated Printed Water Bottle|9...,2695.0,970,64.0,9.0,4
UMAI Stainless Steel Vacuum Insulated Printed Water Bottle|9...,2795.0,1034,63.0,9.0,4
UMAI Anti-Fall Coffee Travel Mug with Suction Bottom|500ml|S...,1695.0,848,50.0,9.0,4
UMAI Anti-Fall Coffee Travel Tumbler with Suction Bottom|480...,1895.0,663,65.0,9.0,4
UMAI Double-Walled Vacuum Insulated Stainless Steel Water Bo...,1899.0,646,66.0,9.0,4
UMAI Stainless Steel Water Bottle 720ml | Blue-Aqua,2699.0,1709,37.0,9.0,4
UMAI Coffee Mug Suction Bottom Blue,1695.0,763,55.0,9.0,4
UMAI Coffee Mug Suction Bottom Yellow,1695.0,763,55.0,9.0,4
UMAI Coffee Mug Suction Bottom Grey,1895.0,701,63.0,9.0,4
UMAI Coffee Mug Suction Bottom Black,1695.0,695,59.0,9.0,4
UMAI Coffee Mug Suction Bottom Grey,1695.0,695,59.0,9.0,4
The Better Home Copper Bottle 950 ml- Maroon (Pack of 2),5998.0,1394,77.0,9.0,4
The Better Home Copper Bottle 950 ml Maroon Pack of 3,8997.0,2223,75.0,9.0,4
The Better Home Copper Bottle 950 ml Maroon Pack of 5,14995.0,3610,76.0,9.0,4
CELLO Duro Tuff Steel Series- Swift Double Walled Bottle wit...,1200.0,2149,25.0,9.0,4
CELLO Duro Tuff Steel Series- Swift Double Walled Stainless ...,1200.0,1499,25.0,9.0,4
CELLO Duro Tuff Steel Series- Swift Double Walled Stainless ...,1200.0,999,25.0,9.0,4
CELLO Duro Tuff Steel Series- Swift Double Walled Stainless ...,1200.0,1249,25.0,9.0,4
"CELLO Custom Name Flask, Customized/Personalized Nomad Steel...",1200.0,1599,25.0,9.0,4
CELLO Duro Ace Steel Vacuum Insulated Thermal Flask with Scr...,1200.0,1099,25.0,9.0,4
"CELLO Duro Ace Steel Vacuum Insulated Flask with Screw Lid,H...",1200.0,1299,25.0,9.0,4
"CELLO My Cup Vacusteel Flask with Mugs Gift Set ,Rust-Resist...",1200.0,1399,25.0,9.0,4
"CELLO Nomad Stainless Steel Vacum Insulated Flask,Anti-Slip ...",1200.0,1599,25.0,9.0,4
CELLO Duro Tuff Swift Stainless Steel Vacuum Insulated Flask...,1200.0,1249,25.0,9.0,4
The Better Home Tbh-Copper Oreo 950Ml Bottle Teal (20Pcs),59980.0,14229,76.0,9.0,4
The Better Home Copper Bottle 950 Ml- Grey (20Pcs),59980.0,14399,76.0,9.0,4
The Better Home Copper Bottle 950 Ml- Maroon (Pack Of 10),29990.0,7181,76.0,9.0,4
The Better Home Copper Bottle 950 Ml- Maroon (50Pcs),1200.0,149950,25.0,9.0,4
Maatir Madhubani Art Black Beauty 750ml Steel Water Bottle,1100.0,770,30.0,9.0,4
Maatir Mughal Elegance Paisley 750ml Steel Water Bottle,1100.0,770,30.0,9.0,4
Maatir The Serene Buddha Kalamkari Art 750ml Steel Water Bot...,1100.0,770,30.0,9.0,4
Maatir Kamdhenu Pichwai Cow Art 750ml Steel Water Bottle,1100.0,770,30.0,9.0,4
Maatir Om Surya Kalamkari Pure Copper Water Bottle,1800.0,1260,30.0,9.0,4
The Better Home Stainless Steel Vacuum Thermos Bottle-Orange...,2799.0,629,78.0,9.0,4
The Better Home 550ml Borosilicate Bottle with Sleeve and Ba...,1699.0,469,72.0,9.0,4
The Better Home Simplex 1000ml Midnight summer Bottle,1499.0,622,59.0,9.0,4
The Better Home Pack of 10 Copper Bottle 950 ML Blue Bottle,29990.0,7002,77.0,9.0,4
The Better Home Set of 2-Copper Oreo 950ml Bottle Teal and T...,1200.0,6798,25.0,9.0,4
The Better Home Set of 2-Copper 950ml Bottle Grey and Triply...,1200.0,6798,25.0,9.0,4
The Better Home Set of 2-Copper 950ml Bottle Maroon and Trip...,1200.0,6798,25.0,9.0,4
The Better Home Set of 2-Copper 950ml Bottle Grey and 4 pcs ...,1200.0,4748,25.0,9.0,4
The Better Home Set of 2-Copper 950ml Bottle Maroon and 4 pc...,1200.0,4748,25.0,9.0,4
The Better Home Set of 2-Copper 950ml Bottle Maroon and Trip...,6898.0,2408,65.0,9.0,4
The Better Home Water Bottle Anti Fall (Suction Bottom) Blue,1695.0,849,50.0,9.0,4
The Better Home Water Bottle Anti Fall (Suction Bottom) Yell...,1695.0,849,50.0,9.0,4
The Better Home Water Bottle Anti Fall (Suction Bottom) Rose,1695.0,969,43.0,9.0,4
The Better Home Tbh Vacuum Flask Red (750ml),2295.0,859,63.0,9.0,4
The Better Home Tbh Vacuum Flask Yellow (750ml),2295.0,859,63.0,9.0,4
The Better Home Tbh Vacuum Flask Blue (750ml),1795.0,709,61.0,9.0,4
The Better Home Tbh Vacuum Flask Orange (750ml),1795.0,709,61.0,9.0,4
The Better Home Tbh Vacuum Flask Green (750ml),2295.0,949,59.0,9.0,4
The Better Home Tbh Vacuum Flask Blue (750ml),2295.0,968,58.0,9.0,4
Kookee Multi-Color Acrylic Sipper Frosted with Straw and Lid...,995.0,597,40.0,9.0,4
Steadfast NUTRITION Herbfast Protein Fast-Release Whey Prote...,8100.0,6156,24.0,9.0,4
The Better Home Green Insulated Doubled Wall Stainless Steel...,4999.0,1289,74.0,9.0,4
"House of Quirk Multi-Color Bpa Free Water Bottle, 2L",999.0,460,54.0,9.0,4
CULT Yoga Pad Eva Green Pack Of 2,999.0,669,33.0,9.0,4
CULT Yoga Pad Eva Blue Pack Of 2,999.0,669,33.0,9.0,4
Auric Ancient Herbs Hair Boost Tablets - Pack Of 4,2492.0,1869,25.0,9.0,4
Auric Ancient Herbs Hair Boost Tablets - Pack Of 6,3738.0,2430,35.0,9.0,4
Inner Sense Organic Cotton Antimicrobial Nursing Bra Pack of...,2692.0,2504,7.0,1.0,5
Be Bodywise Magnesium Glycinate Gummies - 500mg - Relieves S...,999.0,899,10.0,67.0,5
HealthKart HK Vitals Advanced Daily Multivitamin For Active ...,1200.0,359,25.0,435.0,4
Ace Blend 440MG Elemental Max Magnesium Tablets With 1600MG ...,879.0,738,16.0,1.0,5
Isopure Low Carb Lactose & Gluten Free Protein Powder Drink ...,1200.0,3279,25.0,15.0,4
What's Up Wellness Night Burner Capsules,699.0,599,14.0,12.0,5
"Perfectil Skin, Hair & Nails Tablets",1200.0,1156,25.0,44.0,5
Auravedic Anti Ageing Serum Face Oil For Glowing Skin With A...,400.0,352,12.0,186.0,4
Oziva Clean Whey Concentrate Protein Powder,2399.0,2279,5.0,8.0,5
"Wellbeing Nutrition Whey Protein Isolate & Concentrate, 24g ...",4499.0,4274,5.0,4.0,4
TruNativ Pro Blend Whey Protein - Strawberry,4499.0,4004,11.0,9.0,4
Optimum Nutrition Whey Gold Standard Protein - Alphonso Mang...,1200.0,3899,25.0,5.0,5
Luciara Stretchmark Prevention Cream,550.0,330,40.0,132.0,4
OZiva Biotin Hair Gummies For Hair Fall Control with Keratin...,529.0,525,1.0,99.0,4
"Wellbeing Nutrition Organic Vegan Protein Isolate, 3B CFU Pr...",2250.0,1913,15.0,20.0,4
BRALCON Hibiscus Flower Tea & Butterfly Pea Tea,300.0,297,1.0,96.0,5
Swisse Ultiboost Odourless Wild Fish Oil Capsules,1200.0,699,25.0,68.0,4
Vlado's Himalayan Organics Plant Based 600Iu Supplement Vita...,972.0,554,43.0,22.0,5
Sirona Glycerine Free & Water Based Strawberry Lubricant Gel...,349.0,244,30.0,475.0,4
Carbamide Forte Day & Night Fat Burner Capsules,1065.0,759,29.0,19.0,4
Carbamide Forte Berberine 95% 500mg Capsules,1060.0,795,25.0,7.0,5
Online Quality Store Rosemary Dry Leaves Jar,186.0,149,20.0,26.0,4
That Sassy Thing LIT Suction Massager - Purple Pop,4199.0,2729,35.0,10.0,4
"The Good Bug Good To Glow SuperGut Powder, Skin and Hair Sup...",679.0,649,4.0,111.0,4
Mamaearth Soothing Massage Oil For Babies 0 - 5 Years,399.0,327,18.0,1924.0,4
MuscleBlaze Biozyme ISO Zero Low Carb 100% Pure Whey Protein...,5399.0,4799,11.0,1.0,5
"Amright Scalp & Hair Food With Anagain, Biotin, Hair Vitamin...",1200.0,1599,25.0,1.0,5
TruNativ Pro Blend Whey Protein - Coffee Mocha,4499.0,4004,11.0,7.0,5
Chicnutrix Super C - Amla Extract & Zinc - Vitamin C For Ski...,1047.0,796,24.0,4771.0,4
That Sassy Thing LIT Suction Massager - Hot Pink,4199.0,2729,35.0,46.0,4
Swisse 4X Fish Oil Supplement with (1800mg) Omega 3 for Hear...,1200.0,2449,25.0,27.0,5
Miduty 100% Organic Alkalizing Supergreens Detox Immunity Wh...,1200.0,1199,25.0,17.0,5
Optimum Nutrition (On) Performance Whey Protein Powder - Cho...,1200.0,1799,25.0,4.0,5
Durex Extra Ribbed Condoms For Men,1200.0,77,25.0,43.0,5
"Swisse Magnesium Supplement for Immunity, Muscle Energy & He...",1200.0,1149,25.0,32.0,5
"Carbamide Forte Multi Collagen for Skin Type I, II, III, V &...",1225.0,804,34.0,19.0,5
MuscleBlaze Biozyme Whey Protein Pr With 30G Protein - Molte...,1200.0,3339,25.0,2.0,5
CULT 11-in-1 Fitness Kit,1999.0,700,65.0,7.0,4
Be Bodywise Calcium Gummies,549.0,413,25.0,18.0,4
"Swisse Collagen+ Hyaluronic Acid Tablets With Peptides, Vita...",1200.0,1249,25.0,68.0,4
Vitabiotics Pregnacare Breast Feeding Tablets,409.0,376,8.0,5.0,5
Carbamide Forte Magnesium Oil Lotion,770.0,578,25.0,11.0,5
Optimum Nutrition (On) Performance Whey Protein Powder - Cho...,1200.0,3109,25.0,1.0,4
"Online Quality Store Chia, Pumpkin, Sunflower and Flax Seeds...",600.0,582,3.0,40.0,5
"Wellbeing Nutrition Melts Eye Care, Lutein 10mg, Improves Vi...",649.0,454,30.0,39.0,4
Setu Skin Acneclear+ Powder - Green Apple,1700.0,1349,21.0,3.0,4
Online Quality Store Chia Seeds,1200.0,200,25.0,94.0,4
"Swisse Women's Multivitamin for Energy, Stamina, Vitality an...",1200.0,2349,25.0,46.0,4
Vlado's Himalayan Organics Methyl Cobalamin Vitamin B12 1500...,701.0,442,37.0,13.0,4
Sorich Organics Spearmint Herbal Tea,1200.0,200,25.0,480.0,4
HealthKart Hk Vitals Multivitamin For Women,1200.0,269,25.0,21.0,4
Carbamide Forte Sal-Omega-Max High 1000mg Potency Salmon Fis...,995.0,700,30.0,40.0,5
Online Quality Store Rosemary Dry Leaves,186.0,169,9.0,19.0,4
"That Sassy Thing DTF Aloe-infused Water-based Lubricant, non...",900.0,540,40.0,26.0,5
Online Quality Store Hibiscus Flower Tea to Improve Digestio...,1200.0,300,25.0,202.0,5
Ace Blend IBS Gastro Pro Capsules For Bloating & Gas,1549.0,1239,20.0,1.0,5
Swisse High Strength Cranberry Antioxidant Rich Supplements ...,1200.0,1299,25.0,19.0,5
Gunam Marine Collagen Di-Peptide + Skin & Gut Complex,1200.0,1600,25.0,9.0,4
"MuscleBlaze Biozyme Performance Whey Protein, Labdoor USA Ce...",3599.0,2899,19.0,47.0,5
"Ace Blend Methylated Multivitamin Supports Immunity, Focus &...",1199.0,947,21.0,9.0,4
Swisse Beauty Biotin+ Tablets For Men & Women,1200.0,999,25.0,29.0,4
Kama Ayurveda Organic Cold Pressed Oil for Body & Hair with ...,1200.0,1325,25.0,1623.0,4
Sorich Organics Halim Seeds,1200.0,349,25.0,302.0,4
Wipness Natural TOP-UP Oil For Women,549.0,307,44.0,26.0,5
Centrum Women Multivitamin Tablets,1200.0,463,25.0,19.0,5
HealthKart HK Vitals Multivitamin Plus Women,678.0,599,12.0,13.0,5
Axiom Ashwagandha Leaf Juice - Pack of 2,1200.0,440,25.0,10.0,4
Carbamide Forte Biotin Tablets 10000mcg,795.0,552,31.0,92.0,4
TruNativ Pro Blend Whey Protein - Kesar Badam,4499.0,4004,11.0,2.0,5
"AreoVeda Post Natal Massage Oil For Moms To Relax, Nourish &...",799.0,679,15.0,10.0,5
GNC Pro Performance Power Protein - Double Rich Chocolate,1200.0,6599,25.0,28.0,4
Carbamide Forte DHT Blocker With Biotin Tablets For Hair Gro...,899.0,472,48.0,11.0,5
"Swisse Ultiboost Magnesium, Calcium+d3 Tablets - Supports Mu...",1200.0,1399,25.0,20.0,4
Miduty Menopause Dong Quai Maca Root Peri Menopause Hot Flas...,1200.0,899,25.0,10.0,5
Carbamide Forte Magnesium Supplement L ThreoN/Ate 2000Mg Tab...,899.0,594,34.0,11.0,5
Arth By Emcure Bitter Drops Daily Digestive Support,1200.0,749,25.0,1.0,5
Auric Poop Easy Effervescent Tablets - Pack Of 2,1246.0,1134,9.0,1.0,5
Online Quality Store Rosemary Dry Leaves & Water,199.0,179,10.0,11.0,4
Open Secret Pani Puri Puff Munchies - Pack Of 20,1200.0,400,25.0,9.0,4
GNC AMP Pure Isolate Low Carb - Vanilla,1200.0,6599,25.0,3.0,5
Dr. Vaidya's Apple Cider Vinegar,1200.0,500,25.0,26.0,4
OZiva Biotin Hair Gummies For Hair Fall Control with Keratin...,1058.0,999,6.0,198.0,4
Nutrabay Pure 100% Soy Protein Isolate - Unflavoured,1499.0,899,40.0,7.0,4
Carbamide Forte Melato-T Max Melatonin with Tagara Supplemen...,920.0,673,27.0,17.0,5
MYPRO SPORT NUTRITION High Protein Women Weight Gainer For W...,2299.0,1099,52.0,43.0,4
Kiehl's Ingrown Hair And Tone-Correcting Intimate Drops,1200.0,4300,25.0,2.0,5
Phab Whey Isolate Protein Powder - Belgian Chocolate,1200.0,3990,25.0,1.0,1
Briyo Vitamin D3 2000 IU - 90 Softgels,499.0,379,24.0,7.0,5
Kapiva Wheatgrass Juice Herbal Supplement to Helps With Dail...,1200.0,499,25.0,60.0,4
Wellbeing Nutrition Pure Korean Marine Collagen Supplements ...,1188.0,1010,15.0,182.0,4
Online Quality Store Butterfly Pea Flower Herbal Tea,300.0,266,11.0,208.0,5
"Man Matters Endure Delay Spray for Men, Helps Long Last And ...",1200.0,399,25.0,211.0,4
MuscleBlaze Fuel One Whey Protein - Unflavoured,1649.0,1299,21.0,78.0,4
MYPRO SPORT NUTRITION Slim Shake Protein Powder-meal Replace...,1499.0,699,53.0,91.0,4
Ace Blend 26g Plant Protein Triple Complex,1300.0,1105,15.0,9.0,4
Teenilicious Tattoo Balm With Omega Plus & Shea Butter,445.0,223,50.0,15.0,4
Carbamide Forte Biotin Tablets 10000mcg,500.0,324,35.0,45.0,4
Online Quality Store Chia Seeds - Pack of 2,400.0,388,3.0,21.0,4
MuscleBlaze Wrathx Pre Workout With Creapure With Shaker - C...,2848.0,1699,40.0,9.0,4
Centrum Women Multivitamin Tablets,1200.0,685,25.0,25.0,5
Vlado's Himalayan Organics Vlado's Testosterone Booster Supp...,994.0,547,45.0,1.0,5
Carbamide Forte SpiruNova Spirulina Supplement 2000mg,845.0,636,25.0,40.0,4
Online Quality Store Butterfly Pea Flower Tea,186.0,179,4.0,6.0,5
Nutrabay Wellness Apple Cider Vinegar,449.0,350,22.0,5.0,5
Auravedic Kumkumadi Tailam Body Massage Oil Kumkumadi Oil Bo...,450.0,396,12.0,11.0,5
GlowGlutathione 2 In 1 L-glutathione Tablets - Orange Flavou...,1200.0,7800,25.0,6.0,4
"Swisse Ultivite Women's Multivitamin Tablets (36 Herbs, Vita...",1200.0,1299,25.0,24.0,5
Ace Blend Swift Sleep Supplement With Magnesium,299.0,275,8.0,9.0,4
"Richfeel Vitamin E Oil: Almond, Wheatgerm, Walnut & Carrot B...",1200.0,199,25.0,83.0,4
Swisse Beauty Collagen Glow Powder With Hydrolised Marine Co...,1200.0,1899,25.0,18.0,4
Bloom by Boldcare Pregnancy Test Kit - Pack Of 3,214.0,149,30.0,3.0,3
GNC AMP Gold Series Ultra Rush - Watermelon,1200.0,3699,25.0,2.0,4
Wellbeing Nutrition Superfood Plant Protein Isolate - Italia...,3598.0,3058,15.0,33.0,5
Bloom by Boldcare Bullet Personal Massager Rechargeable Musc...,1499.0,1405,6.0,12.0,5
"Vlado's Himalayan Organics Ashwagandha 1000mg Anxiety, Stres...",1795.0,772,57.0,25.0,4
CULT Motivational Bottle 2L Unisex Time Mark Sipper With Str...,1199.0,600,50.0,1.0,5
Carbamide Forte Pea Protein Isolate Powder - Unflavoured,1075.0,804,25.0,3.0,5
What's Up Wellness Shilajit Resin Gummies with 24K Gold Dust...,799.0,655,18.0,4.0,4
Carbamide Forte EAA 9000 BCAA 5000 Powder - Cola,1925.0,1131,41.0,2.0,5
GNC Pro Performance Power Protein Powder - Double Rich Choco...,1200.0,3599,25.0,9.0,4
What's Up Wellness Night Burner Weight loss Capsules - Pack ...,1398.0,1149,18.0,24.0,5
Pee Safe Toilet Seat Sanitizer Spray Lavender,499.0,399,20.0,148.0,5
Carbamide Forte L-Glutathione Reduced+ Tablets,920.0,574,38.0,5.0,5
Galact Granules Lactation Supplement Elaichi Flavour With Sh...,749.0,599,20.0,13.0,4
Krishna's Herbal & Ayurveda Cholesterol Care Juice,1200.0,309,25.0,74.0,4
"inatur Organic Cocoa Body Butter With Bakuchiol & Vitamin E,...",515.0,386,25.0,10.0,4
Kerala Ayurveda Brahmi Pearls Pack of 4,1200.0,340,25.0,6.0,5
HealthSense Kitchen Weight Machine Chef-Mate - KS 70 Stainle...,1200.0,1700,25.0,1.0,3
Krishna's Herbal & Ayurveda Apple Cider Vinegar,1200.0,320,25.0,7.0,4
Open Secret Tandoori Unjunked Baked Chips - Pack Of 12,1200.0,420,25.0,9.0,4
Arth Fatigue Support Iron Gummies,499.0,414,17.0,4.0,4
Core Asana The Acutech Mat - Cyan,1200.0,4000,25.0,9.0,4
Carbamide Forte Curcumin With Piperine Tablets,1250.0,850,32.0,6.0,4
Centrum Adults 50+ Multivitamin Tablets,1200.0,685,25.0,6.0,5
HealthKart Hk Vitals Magnesium Glycinate For Women,1200.0,669,25.0,12.0,4
The Good Bug Smooth Move SuperGut Powder for Constipation Re...,679.0,630,7.0,27.0,4
Keya Seth Aromatherapy Schoolers Body Oil,1200.0,259,25.0,54.0,5
Skore Strawberry Lubes,300.0,213,29.0,34.0,4
"Online Quality Store Hibiscus Flower, Chamomile, Butterfly P...",1200.0,1164,3.0,39.0,5
Oziva Daily Protein Activ Flavour For Women,799.0,749,6.0,6.0,4
"Sirona Herbal Period Pain Relief Patches, No Side Effects, S...",498.0,427,14.0,47.0,5
Vlado's Himalayan Organics Probiotics 60 Billion CFU+ Gut He...,1409.0,761,46.0,24.0,5
"Arth Hair, Nails & Skin Support Capsules",799.0,663,17.0,3.0,4
Vlado's Himalayan Organics Organic Triphala Tablets,695.0,215,69.0,9.0,4
Online Quality Store Hibiscus Flower Tea & Butterfly Pea Flo...,600.0,474,21.0,17.0,4
HealthVit Magneed-B6 Magnesium & Vitamin 60 Tablets,1200.0,600,25.0,1.0,5
MyFitFuel B-complex With Vitamin C,569.0,376,34.0,65.0,5
Dr. Vaidya's Apple Cider Vinegar Effervescent Tablets (Pack ...,1200.0,600,25.0,6.0,5
Nutrabay Good Gut Daily Fiber Powder - Unflavoured,799.0,400,50.0,3.0,3
Krishna's Herbal & Ayurveda Piles Care Juice,1200.0,281,25.0,13.0,4
MYPRO SPORT NUTRITION Vitamin B12 Methylcobalamin 1000 mcg V...,989.0,429,57.0,25.0,5
HealthKart HK Vitals Multivitamin Plus For Men & Women - Com...,718.0,649,10.0,9.0,5
RawRX Magnesium & Vitamin D3 Lotion - Lavender,1200.0,675,25.0,1.0,5
Online Quality Store Curry Leaves Powder,186.0,179,4.0,6.0,5
BodyHerbals Rose Geranium Body Massage Oil,345.0,328,5.0,17.0,5
BODYOPS Vitamin C from Amla Extract 1000mg Capsules,698.0,489,30.0,2.0,5
Strauss Combo Kit Yoga Mat Blocks & Foam Roller,3548.0,1759,50.0,9.0,4
Secret Alchemist Soothe Migraine Reliever Roll On Ease Heada...,1200.0,699,25.0,8.0,5
Vlado's Himalayan Organics Plant Based Collagen Builder for ...,1123.0,764,32.0,232.0,4
Puma Future 2 Unisex White Football (5),1299.0,974,25.0,1.0,4
HealthyHey Nutrition Astaxanthin - Naturally Sourced From Al...,2219.0,1209,46.0,2.0,5
MuscleBlaze Sports Energy Gel for Instant Energy Boost - Mix...,489.0,369,25.0,1.0,5
HealthSense Dura-Glass Black Personal Scale (PS115),1200.0,1900,25.0,4.0,4
CULT Resistance Band for Stretching and Gym Workout Stretch ...,1899.0,570,70.0,2.0,5
Miduty Mixed Tocopherols & Tocotrienols Superior Vitamin E S...,1200.0,2199,25.0,2.0,5
Nutrova Vegan Protein Travel Pack - Mango,499.0,469,6.0,9.0,4
GNC Magnesium 370mg Capsules,1200.0,1199,25.0,3.0,5
French Connection POP FIT Full Touch Bluetooth Calling Smart...,6499.0,975,85.0,6.0,4
Vlado's Himalayan Organics Spirulina Powder,695.0,285,59.0,1.0,4
Krishna's Herbal & Ayurveda Neem Juice,1200.0,168,25.0,27.0,4
Bloom by Boldcare Fragrance Free Lubricant,399.0,179,55.0,2.0,5
"Strauss High Density Foam Roller, 45cm (Blue)",1499.0,1489,1.0,9.0,4
Fast&Up EAA Intra - Training/Workout Drink With BCAA + Elect...,1200.0,2799,25.0,9.0,4
Gorgio Professional Steamer Facial Sauna GS 2,699.0,384,45.0,82.0,4
By Nature Himalayan Pink Salt,1200.0,160,25.0,18.0,4
Centrum Kids Multivitamin Tablets,1200.0,463,25.0,1.0,5
"Strauss Yoga Foam Roller, 30 cm (Blue)",1199.0,915,24.0,9.0,4
Nuerma Science Anti Cellulite Slimming Oil enriched Caffeine...,1200.0,599,25.0,5.0,4
Carbamide Forte Vitamin E Oil 30000IU With 100% Natural Vita...,610.0,459,25.0,39.0,5
MuscleTech Performance Series Nitro Tech - Vanilla Cream,1200.0,6939,25.0,9.0,4
The Body Care Lavender Body Massage Oil,1200.0,575,25.0,87.0,4
What's Up Wellness Anti-Acne Collagen Powder - Unflavoured,799.0,622,22.0,5.0,2
Miduty Party Detox Instant Hangover Relief Capsules,1200.0,199,25.0,3.0,5
Columbia Unisex Black Tritan Co-Polyester Hydration Water Bo...,1200.0,1999,25.0,9.0,4
Fast&Up Liver Detox Tablets - Mixed Berry Flavour (Pack of 2...,990.0,652,34.0,8.0,4
Skore Cool Watermelon Condoms,200.0,150,25.0,15.0,5
MyMuse Loop- Vibrating Ring Massager For Men - Emerald Fores...,1200.0,3999,25.0,1.0,5
Dr. Morepen Omega 3 6 7 9 Vegetarian Capsules,499.0,459,8.0,14.0,4
Healthvit Apple Cider Vinegar,1200.0,450,25.0,97.0,4
Fast&Up Reload Instant Energy And Hydration Sports Drink Tab...,1200.0,235,25.0,9.0,4
Kerala Ayurveda Punarnavasava,1200.0,160,25.0,3.0,4
"Strauss Rubber Anti-Burst Gym Ball, Round Shape, 85 cm (Purp...",1849.0,1069,42.0,9.0,4
Miduty Apple Cider Vinegar Raw Honey Lemon Garlic Ginger Wei...,1200.0,999,25.0,4.0,5
Vlado's Himalayan Organics Zinc Picolinate With Vitamin C & ...,1295.0,764,41.0,9.0,4
NAKPRO 100% Pure Carb Powder - Unflavoured,890.0,401,55.0,9.0,4
Krishna's Herbal & Ayurveda Papaya Leaf Juice,1200.0,234,25.0,2.0,3
Rejuvenating UBTAN Almond & Coconut Cold Pressed Oil Combo,1200.0,578,25.0,3.0,4
CULT Unisex 3 Litre Hulk Gallon - Black,2299.0,989,57.0,9.0,4
Dr. Vaidya's Apple Cider Vinegar Effervescent Tablets (Pack ...,1200.0,1200,25.0,4.0,5
Krishna's Herbal & Ayurveda Premium Amla High Fiber Juice,1200.0,150,25.0,8.0,5
Merit Vco Extra Virgin Coconut Hair & Skin Oil - Pack of 2,1200.0,470,25.0,1383.0,4
Online Quality Store Natural Hibiscus Flower Herbal Tea,186.0,179,4.0,3.0,5
"Saturn by GHC Plant Based Collagen Builder With Biotin, Vita...",999.0,499,50.0,6.0,4
Bold Care Complete Sex Pack (Multi-textured Condoms + Last L...,1200.0,1180,25.0,2328.0,4
Online Quality Store Moringa Loose Leaves Herbal Green Tea,186.0,179,4.0,1.0,4
Steadfast NUTRITION Steadfast NUTRITION Silver Stainless Ste...,1869.0,991,47.0,9.0,4
Puma Training Essential Premium Grip Unisex Gloves,1799.0,1079,40.0,9.0,4
Vegan Greens Relax Calm Unwind Your Day Effervescent Tablets...,499.0,100,80.0,2.0,4
Vlado’s Himalayan Organics Multivitamin with Probiotics Tabl...,673.0,390,42.0,5.0,5
"Strauss Grid Foam Roller, 33 cm (Orange)",1449.0,1099,24.0,9.0,4
MuscleBlaze Isotonic Instant Energy Formula - Orange,799.0,549,31.0,6.0,5
MYPRO SPORT NUTRITION Complex Weight Gainer Advanced High Pr...,1050.0,749,29.0,2.0,3
CULT Resistance Band for Stretching and Gym Workout Stretch ...,899.0,270,70.0,9.0,4
Bliss Of Earth Halim Seeds Organic For Eating,1200.0,310,25.0,13.0,4
Nourish Vitals Safed Musli Capsules - 500mg Safed Musli Extr...,699.0,426,39.0,9.0,4
CULT Resistance Band for Stretching and Gym Workout Stretch ...,3999.0,1120,72.0,1.0,4
MuscleBlaze Isotonic Instant Energy Formula - Watermelon,799.0,549,31.0,6.0,3
CULT Resistance Band for Stretching and Gym Workout Stretch ...,1099.0,440,60.0,9.0,4
MuscleBlaze Fuel One Sports Hydr8 Effervescent Tablets - Zes...,229.0,199,13.0,5.0,4
SheNeed PCOS Vitamin for Women,1200.0,409,25.0,19.0,4
Baidyanath Amlaki Rasyan Acidity Problem - Pack Of 2,230.0,208,10.0,32.0,4
Body Smith Green Gym Bag (46cm),1099.0,550,50.0,1.0,5
Online Quality Store Moringa Leaves Jar,186.0,179,4.0,3.0,5
Online Quality Store Moringa Leaves Tea,186.0,179,4.0,8.0,5
Setu Sleeping Eye Mask,500.0,222,56.0,65.0,4
Strauss Yoga Wheel (Purple),2739.0,1521,44.0,1.0,5
CULT Resistance Band for Stretching and Gym Workout Stretch ...,1299.0,455,65.0,9.0,4
MuscleBlaze Peanut Butter With Added Omega - Creamy,429.0,415,3.0,16.0,4
Timex iConnect Calling+ 2.01” TFT Display Unisex Smartwatch-...,4995.0,1798,64.0,9.0,4
Vigini Silicones Free Water Based Intimate Chocolate Lubrica...,275.0,176,36.0,17.0,5
Setu Plant Protein + Veg Collagen 24G Protein Powder - Mariw...,150.0,129,14.0,9.0,4
Puma Training Essential Premium Unisex Gloves,2499.0,1374,45.0,9.0,4
Speedo Unisex Adult Hydropulse Smoke Lens Swim Goggles - Bla...,1200.0,1699,25.0,9.0,4
Dr. Odin Air Mattress OAM001 - Large,4460.0,2453,45.0,9.0,4
Online Quality Store Peppermint Tea,200.0,179,11.0,6.0,5
Open Secret Nuts - Cream & Onion Cashews,1200.0,325,25.0,6.0,4
Skore Thrill Massager For Men,800.0,640,20.0,1.0,1
Nutrabay Gold Vital Whey Protein - Gourmet Vanilla,1899.0,1101,42.0,9.0,4
BRALCON Hibiscus Flower Tea,140.0,139,1.0,4.0,5
Strauss Exercise Latex Resistance Bands (Set of 5),1200.0,909,25.0,3.0,3
Keya Seth Aromatherapy Relief Arthritis Joint & Muscle Pain ...,1200.0,399,25.0,4.0,4
Nutrabay Creafizz Effervescent Powder - Cola Flavour (15 Sac...,529.0,402,24.0,9.0,4
"Strauss Adjustable Knee Support Patella, Single (Free Size, ...",699.0,437,38.0,9.0,4
Vlado's Himalayan Organics Multivitamin Sports with 60 + Vit...,994.0,547,45.0,12.0,5
"MyFitFuel MFF Whey Protein 80, Vanilla Crème",2599.0,2147,17.0,9.0,4
Wellbeing Nutrition Superfood Plant Protein - Dark Chocolate...,4500.0,3825,15.0,40.0,4
Organic India Breath Free,1200.0,250,25.0,5.0,4
"MyFitFuel MFF Whey Protein 80, Coffee Caramel",2599.0,2147,17.0,1.0,5
Vlado's Himalayan Organics Ginkgo Biloba 500mg with Brahmi f...,1038.0,810,22.0,4.0,4
"Strauss Yoga Foam Roller, 30 cm (Orange)",1375.0,829,40.0,9.0,4
Strauss Pack of 2 Black Dual Strap Patella Knee support,1398.0,609,56.0,3.0,4
Dr. Odin AB 02 Abdominal Binder Small,950.0,732,23.0,9.0,4
Puma Future 1 Cricket Trolley Unisex Blue Kit Bag (L),9900.0,5940,40.0,9.0,4
Centrum Adults 50+ Multivitamin Tablets,1200.0,463,25.0,4.0,5
MuscleBlaze Biozyme Whey Protein Pr With 30G Protein - Choco...,3949.0,3499,11.0,1.0,4
"Auric Lung Detox for Smokers with Natural Blend of NAC, Push...",1068.0,854,20.0,1.0,1
Tea Culture of The World Sweet Sleep Tea -16 Tea bags,1200.0,599,25.0,1.0,5
Setu Melatonin Orally Dissolving Minty Strips + Eye Mask (Pa...,1700.0,798,53.0,1.0,5
NAKPRO L-Arginine Amino Acid Powder - Blueberry,1200.0,1510,25.0,9.0,4
French Connection Beam Premium Smart Watch with an additiona...,10995.0,2089,81.0,1.0,5
Oziva Biotin Hair Multivitamin Gummies Hair Growth And Hairf...,1388.0,1199,14.0,2468.0,4
Purna Gummies Good Morning Sunshine Multivitamins Strawberry...,1200.0,998,25.0,8568.0,4
Open Secret Tandoori Masala Nuts Mix,1200.0,325,25.0,9.0,4
Oziva Biotin Hair Multivitamin Gummies For Hair Fall Control...,1178.0,1049,11.0,386.0,4
Tea Culture of The World Refreshing Lemon Honey Tea-16 Tea b...,1200.0,249,25.0,1.0,1
CULT Unisex Frost Blend Shaker 500 ml - Blue,1000.0,400,60.0,9.0,4
Rejuvenating UBTAN Sweet Basil Pure Essential Bath & Body Oi...,1200.0,395,25.0,1.0,4
"Auric Apple Cider Vinegar, 20 ACV Tablets With Vitamin B6 & ...",445.0,312,30.0,10.0,4
"MyFitFuel Advance MFF 100% Whey Protein (28 Servings), Vanil...",3299.0,2898,12.0,9.0,4
Puma TR Performance Bottle 750ml,1299.0,650,50.0,2.0,4
Vlado's Himalayan Organics Garlic 500mg Capsules,682.0,546,20.0,9.0,4
CULT Unisex Frost Blend Pro Shaker 600 ml - Blue,1200.0,696,42.0,9.0,4
Baidyanath Sidpiles Piles - Pack Of 2,228.0,206,10.0,5.0,5
Krishna's Herbal & Ayurveda Bp Care Juice,1200.0,271,25.0,2.0,5
Wellbeing Nutrition Superfood Plant Protein - Dark Chocolate...,6750.0,5739,15.0,40.0,4
Nutriburst Shilajit Complex with Swarna Bhasma Gummies - Mix...,1200.0,499,25.0,1.0,5
HealthKart HK Vitals Magnesium Glycinate Tablets For Better ...,399.0,349,13.0,9.0,4
Upakarma Ayurveda Ashwagandha Effervescent Tablets,1200.0,599,25.0,9.0,4
Siddhayu Painquit Joint Pain Ointment,85.0,77,10.0,8.0,5
CULT Unisex Gym Belt Leather - Black,1599.0,736,54.0,9.0,4
Tea Culture of The World Flowery Bouquet Tea -16 Tea bags,1200.0,249,25.0,4.0,4
Tea Culture of The World Morroccan Mint Tea,1200.0,299,25.0,1.0,5
Tea Culture of The World English Breakfast Tea -16 Tea bags,1200.0,279,25.0,1.0,5
Body Smith Navy Blue Gym Bag,1599.0,544,66.0,9.0,4
NAKPRO L-Citrulline Powder - Unflavoured,1000.0,300,70.0,2.0,3
Oziva Biotin Hair Multivitamin Gummies For Hair Fall Control...,1178.0,1039,12.0,1140.0,4
Puma Running Soft Unisex Brown Waterbottle,2499.0,1499,40.0,1.0,1
MYPRO SPORT NUTRITION Plant Protein Powder Pea & Brown Rice ...,1599.0,749,53.0,32.0,5
MYPRO SPORT NUTRITION Slim Shake Protein Powder-meal Replace...,1799.0,699,61.0,17.0,4
Tea Culture of The World Soothing Chamomile Tea -16 Tea bags,1200.0,349,25.0,1.0,5
Megagrow Mass Gainer High Calories Formula Whey Protein Powd...,2000.0,1500,25.0,10.0,5
MyFitFuel Maca Root Extract (10:1)+ Piperine (95%) 1000MG Ca...,859.0,565,34.0,9.0,4
Open Secret Chilli Pizza Unjunked Baked Chips - Pack Of 12,1200.0,420,25.0,9.0,4
Wellbeing Nutrition Superfood Plant Protein Isolate - Italia...,5397.0,4128,24.0,32.0,5
Setu Melatonin Orally Dissolving Minty Strips + Eye Mask (Pa...,2900.0,1243,57.0,9.0,4
The Better Home Green Stainless Steel Bottle 1L (Pack Of 5),3799.0,1520,60.0,9.0,4
Bold Care Erection Support Kit - Surge Tablets + Extend Dela...,1200.0,1029,25.0,1814.0,4
Tea Culture of The World Decaf Black Tea,1200.0,549,25.0,9.0,4
Kerala Ayurveda Glymin Tablet Pack of 10,1200.0,500,25.0,1.0,5
Krishna's Herbal & Ayurveda Cholestea Care Juice,1200.0,309,25.0,9.0,4
TGL Co. Monsoon Malabar Aaa Roasted Coffee Beans Boost Energ...,1200.0,1149,25.0,9.0,4
Nutrabay Pure Isolate Whey Protein Powder - Unflavored,6899.0,6761,2.0,9.0,4
Wellbeing Nutrition Glow Boost Collagen Combo Pack,1493.0,1204,19.0,598.0,4
OBSESSIONS Printed Yoga Mat with Carrying Strap Multi-Color,1650.0,990,40.0,1.0,5
"Strauss Spark Stainless-Steel Bottle, Metal Finish, 750 ml (...",649.0,499,23.0,2.0,4
Tea Culture of The World Classic Masala Chai Tea-16 Tea bags,1200.0,249,25.0,1.0,5
Tea Culture of The World Tulsi Ritual Tea,1200.0,249,25.0,9.0,4
Healthvit Peppermint 30mg,1200.0,500,25.0,9.0,4
Nutrabay Gold Tri-Blend Whey Protein Powder - Mango Milkshak...,1200.0,3699,25.0,9.0,4
Krishna's Herbal & Ayurveda Karela Jamun Mix Juice,1200.0,154,25.0,1.0,1
TGL Co. Monsoon Malabar Aaa Medium Grind Coffee,1200.0,1149,25.0,9.0,4
Puma Attacanto Graphic Unisex Red Training Balls,1799.0,1259,30.0,9.0,4
Strauss Pull Up Door Gym Bar,999.0,859,14.0,9.0,4
TGL Co. Monsoon Malabar Aaa French Press Coffee Coarse Grind,1200.0,1149,25.0,9.0,4
Speedo Unisex Adult Vanquisher 3.0 Mirror Blue Lens Swim Gog...,1200.0,2999,25.0,9.0,4
Fast&Up Liver Detox Tablets - Mixed Berry Flavour (Pack of 3...,1485.0,978,34.0,8.0,4
"Strauss Moto Push up Bar, Pair (Black-Red)",699.0,539,23.0,9.0,4
MuscleBlaze Fuel One Sports Hydr8 Effervescent Tablets Zesty...,1200.0,498,25.0,9.0,4
INLIFE Diastan Noni Juice Concentrate For Diabetic Care - 1 ...,1689.0,999,41.0,1.0,4
Vlado's Himalayan Organics Vlado's Plant Based Selenium 40MC...,1200.0,638,25.0,9.0,4
Strauss Pack of 2 Exercise Silicone Resistance Bands - Multi...,1598.0,819,49.0,9.0,4
Megagrow Mass Gainer Whey Protein With Shaker - Banana,2000.0,1500,25.0,3.0,3
MyFitFuel 100% Whey Protein (Contains Whey Protein Isolate) ...,2999.0,2689,10.0,1.0,5
The Better Home Blue Stainless Steel Bottle 1L (Pack Of 5),3529.0,1412,60.0,9.0,4
"MyFitFuel Advance MFF Mass Gainer (High Protein & Carbs), Ri...",1299.0,668,49.0,2.0,5
"MyFitFuel High Protein Mass Gainer, Vanilla Crème",1449.0,986,32.0,1.0,5
The Body Temple Vitamin C from Amla Extract Capsules,498.0,349,30.0,11.0,5
MyFitFuel Essential Recovery Protein (Complete Recovery Prot...,1229.0,666,46.0,1.0,5
Strauss Starter Kit Yoga Mat Bottle Blocks,2698.0,1539,43.0,9.0,4
Tea Culture of The World Happy Immunity Tea,1200.0,399,25.0,9.0,4
Timberland Sapo Strap for Apple/Samsung smart watch 20mm gre...,2999.0,1500,50.0,9.0,4
Vlado's Himalayan Organics 100% Pure Shilajit Resin to Boost...,949.0,446,53.0,5.0,4
The Better Home Tbh-1000Ml Borosilicate Sipper Bottle,2599.0,832,68.0,9.0,4
"Strauss Yoga Mat, 4 mm (Grey)",899.0,749,17.0,2.0,2
Tea Culture of The World Zesty Earl Grey Tea- 16 Tea bags,1200.0,299,25.0,9.0,4
Columbia Mens Matte Black Slick Creek Sunglasses (S),1200.0,7999,25.0,9.0,4
OBSESSIONS Rejuvenating Yoga Mat with Carrying Strap Purple,1450.0,1305,10.0,9.0,4
MYPRO SPORT NUTRITION Carb Supplement Powder,999.0,529,47.0,4.0,4
Travel Blue Clear Liquid Silicone Earplugs,1200.0,950,25.0,9.0,4
Tea Culture of The World Mango Love Tea-16 Tea bags,1200.0,399,25.0,9.0,4
Bold Care All Rounder Support Kit -forever + Surge Tablets +...,1200.0,1628,25.0,2396.0,4
Tea Culture of The World Throat Rescue Tea -16 Tea bags,1200.0,499,25.0,4.0,5
"Strauss Rubber Anti-Burst Gym Ball, Round Shape, 75 cm (Blue...",1409.0,1039,26.0,9.0,4
HealthKart Hk Vitals Glutathione Effervescent Tablets - Wate...,1509.0,1299,14.0,9.0,4
Puma TR Sportstyle Unisex Blue Water Bottles,999.0,529,47.0,1.0,2
"Strauss Thigh Exerciser, Pink",739.0,569,23.0,1.0,5
Baidyanath Shankhapushpi Boost Memory - Pack Of 3,189.0,171,10.0,11.0,4
Gritzo SuperMilk 8-12yrs Daily Nutrition Double Chocolate & ...,2098.0,1849,12.0,9.0,4
Gritzo SuperMilk Daily Nutrition 13+ Teen Athletes Double Ch...,2198.0,1949,11.0,9.0,4
Oakley 0OO9208 Transparent Radar EV Path Wraparound Safety G...,1200.0,13190,25.0,1.0,5
Timberland Daintree Strap for Apple/Samsung smart watch 20mm...,4550.0,2275,50.0,9.0,4
"Strauss Rubber Anti-Burst Gym Ball, Round Shape, 75 cm (Grey...",1200.0,1625,25.0,9.0,4
Tea Culture of The World Kashmiri Kahwa Tea -16 Tea bags,1200.0,349,25.0,9.0,4
Columbia Mens Shiny Black-Green Wingard Sunglasses (S),1200.0,7999,25.0,9.0,4
Nutrabay Pure BCAA 2:1:1 Amino Acid Powder - Unflavoured,619.0,353,43.0,9.0,4
Nutrabay Foods Creamy Peanut Butter - Chocolate Intense Flav...,600.0,330,45.0,3.0,4
"Inlife Pre-workout Supplement With Caffeine, Creatine For Me...",1239.0,859,31.0,1.0,1
Gritzo Supermilk Athlete 14G Protein Iron Man For 7-12Y With...,1798.0,1698,6.0,9.0,4
"Strauss Yoga Mat, 4 mm (Purple)",1200.0,779,25.0,9.0,4
"MyFitFuel MFF Whey Protein 80, Café Mocha",2599.0,2147,17.0,1.0,5
Setu Plant Protein + Veg Collagen 24G Protein Mariwala Farms...,1800.0,1299,28.0,9.0,4
Tea Culture of The World Delightful Green Tea,1200.0,279,25.0,1.0,5
Puma Black CAGE Football,1999.0,1399,30.0,9.0,4
INLIFE Micronized L - Glutamine Powder Supplement Unflavoure...,1239.0,829,33.0,9.0,4
Flexnet German-Designed Smart Bluetooth-Enabled Elliptical C...,59998.0,32999,45.0,9.0,4
"The Better Home Black Stainless Steel Water Bottle, 1 Litre ...",2139.0,770,64.0,9.0,4
Columbia Mens Matte Black Utilizer Sunglasses (S),1200.0,9999,25.0,9.0,4
Strauss Combo Kit Yoga Mat Blocks & Foam Roller,3098.0,1739,44.0,9.0,4
Megagrow Isolate Whey Protein Powder With Shaker - Chocolate,4500.0,3195,29.0,9.0,4
"House of Quirk Black Bpa Free Water Bottle, 2L",999.0,460,54.0,9.0,4
Strauss Set of 3- Anti Skid Mat with Carry Bag Resistance Ba...,5697.0,2329,59.0,9.0,4
Tea Culture of The World Sun-Kissed Assam Tea,1200.0,200,25.0,1.0,5
MyFitFuel Advance Pre-workout Fruit Passion,1299.0,668,49.0,57.0,5
Nutrabay Gold Bcaa 4:1:1 - Berry Blast,1499.0,899,40.0,9.0,4
"MyFitFuel MFF Whey Protein 80, Banana Milkshake",2599.0,2134,18.0,9.0,4
Tea Culture of The World Stress Reliever Tea -16 Tea bags,1200.0,549,25.0,2.0,5
CULT Unisex Mini Gallon 1.8 Litre - Black,1999.0,1199,40.0,9.0,4
Tea Culture of The World Jasmine Breeze Tea -16 Tea bags,1200.0,549,25.0,9.0,4
CULT Motivational 2L Bottle Pink Blue,1199.0,600,50.0,9.0,4
Tea Culture of The World Oriental Oolong Tea-16 Tea bags,1200.0,599,25.0,9.0,4
Strauss Pack of 2 Yoga Block - Purple,1200.0,1050,25.0,9.0,4
"Strauss Rubber Anti-Burst Gym Ball, Round Shape, 75 cm (Blac...",1625.0,1609,1.0,9.0,4
"Strauss Deep Tissue Massage Foam Roller, 45 cm (Purple)",1369.0,979,28.0,9.0,4
Megagrow Isolate Whey Protein Powder With Shaker - Cookies A...,4800.0,3408,29.0,9.0,4
Columbia Unisex Blue Colour Polyester Summer Dry Printed Nec...,1200.0,1499,25.0,9.0,4
The Good Bug Smooth Move Supergut Powder (Pack Of 4),2716.0,2088,23.0,54.0,4
"Strauss High Density Foam Roller, 45cm (Black)",1200.0,1399,25.0,9.0,4
TGL Co. Breakfast Fusion A Blend of Arabica and Robusta Coff...,1200.0,449,25.0,6.0,4
Buff Unisex Polyester Original Eco Stretch Sineki Black Gait...,1200.0,1499,25.0,9.0,4
Oakley 0OO9188 Transparent Flak 2.0 XL Wraparound Safety Gla...,1200.0,11490,25.0,9.0,4
"Strauss Rubber Anti-Burst Gym Ball, Round Shape, 55 cm (Purp...",1275.0,899,29.0,9.0,4
Deuter Unisex Black Ac Lite 32 El Rucksack Bag (M),1200.0,10999,25.0,9.0,4
Strauss Pack of 2 Tummy Twister - White & Purple,2098.0,1199,43.0,9.0,4
Columbia Watch Cap (Grey),1200.0,1499,25.0,9.0,4
Deuter Unisex Green Air Contact Core 45+10 Sl Rucksack Bag (...,1200.0,19999,25.0,9.0,4
Strauss Set of 3- Exercise Latex Resistance Bands Yoga Wheel...,1200.0,5197,25.0,9.0,4
Anomeo Black Ear Plugs,895.0,627,30.0,9.0,4
Strauss Blue Anti Burst Foot Pump Gym Ball (Pack of 2),3250.0,1779,45.0,9.0,4
The Better Home Tbh Borosilicate Bottle- (Blue) (550ml),1195.0,435,64.0,9.0,4
Columbia Unisex Blue Helvetia 14L Trekking-Hiking Backpack (...,1200.0,5499,25.0,9.0,4
Deuter Unisex Green Synthetic Guide 42+8L Rucksack Bag (L),1200.0,16999,25.0,9.0,4
Columbia Unisex Red Pike Lake Trekking-Hiking Tote Bag (S),1200.0,4999,25.0,9.0,4
Buff Coolnet Uv+ Reflective R-Lime Htr Tubular - Coolnet Uv,1200.0,1699,25.0,9.0,4
the better HOME Borosilicate Glass Water Bottle with Sleeve ...,5097.0,1135,78.0,9.0,4
Buff Unisex Black Trucker Cap Reth,1200.0,1999,25.0,9.0,4
The Better Home Copper Bottle 950 ml Purple,2789.0,949,66.0,9.0,4
The Better Home Milo SS Bottle Silver 1900ml,4999.0,1139,77.0,9.0,4
TGL Co. Monsoon Malabar Aaa Espresso Fine Grind Coffee,1200.0,1149,25.0,9.0,4
Deuter Unisex Blue City Light Backpack (S),1200.0,2999,25.0,9.0,4
Buff Unisex Yellow Polyester Cool Net UV Frane Cream Gaiter ...,1200.0,1699,25.0,9.0,4
Deuter Unisex Yellow Aviant Carry On Pro 36 Rucksack Bag (M),1200.0,12999,25.0,9.0,4
Deuter Unisex Orange Pulse 3 Biking Belt Bag (S),1200.0,4999,25.0,9.0,4
"Strauss Deep Tissue Massage Foam Roller, 33 cm (Purple)",1349.0,1279,5.0,9.0,4
Columbia Whirlibird Watch Cap Beanie (Blue),1200.0,1199,25.0,1.0,5
Buff Unisex Blue Polyester Ecostretch Beanie Synaes,1200.0,1699,25.0,9.0,4
The Better Home 304 Stainless Steel Water Bottle,1099.0,312,72.0,9.0,4
Oakley 0OO9328 Transparent SI Tombstone Spoil Wraparound Saf...,1200.0,12590,25.0,9.0,4
Columbia Ale Creek Beanie (Black),1200.0,899,25.0,9.0,4
The Better Home Copper Bottle 950 ml Purple Pack of 5,14995.0,3614,76.0,9.0,4
The Better Home Tritan Bpa Free Sports Bottle Blue,2699.0,759,72.0,9.0,4
Nestasia Set Of 3 Green & Lavender Stay Hydrated Motivationa...,1490.0,790,47.0,2.0,5
Columbia Unisex Orange Zigzag Trekking-Hiking Hip Pack (S),1200.0,2499,25.0,9.0,4
Deuter Unisex Green Aviant Carry On 28 Backpack (S),1200.0,11999,25.0,9.0,4
The Better Home Tbh-1000Ml Borosilicate Bottle-Transparent,2599.0,650,75.0,9.0,4
"Strauss Yoga Foam Roller, 45 cm (Blue)",2149.0,1409,34.0,9.0,4
Nestasia Set Of 3 Pink & Blue Motivational Water Bottles wit...,1490.0,790,47.0,4.0,4
the better HOME Insulated Water Bottle Green,1899.0,689,64.0,9.0,4
Kuber Industries Copper Water Bottle with Sipper BPA Free & ...,1200.0,1599,25.0,9.0,4
Kuber Industries Sipper with Handle Thermos Flask for Gym Bo...,1200.0,1899,25.0,9.0,4
UMAI Double-Walled Vacuum Insulated Stainless Steel Water Bo...,1899.0,627,67.0,9.0,4
the better HOME Insulated Water Bottle for Gym-Kids-Office 9...,2899.0,1469,49.0,9.0,4
the better HOME Insulated Water Bottle for Kids-Office 500ml...,2625.0,788,70.0,9.0,4
the better HOME Insulated Water Bottle for Kids-Office 500ml...,2555.0,671,74.0,9.0,4
The Better Home Vacuum Bottle With Rope Blue (Pack of 2),5398.0,2119,61.0,9.0,4
The Better Home Glacia SS Bottle Gold 1000ml,1099.0,739,33.0,9.0,4
The Better Home Pouring Insulated Bottle White 500ml,2625.0,679,74.0,9.0,4
The Better Home Pouring Insulated Bottle Silver 500ml,2555.0,682,73.0,9.0,4
The Better Home Copper Bottle 950 ml Purple Pack of 3,8997.0,2219,75.0,9.0,4
The Better Home Insulated Milo SS Bottle Silver 1000ml Pack ...,6198.0,1302,79.0,9.0,4
The Better Home Pouring Insulated Bottle White 500ml Pack of...,5250.0,1429,73.0,9.0,4
The Better Home Pouring Insulated Bottle White 500ml Pack of...,7875.0,1979,75.0,9.0,4
The Better Home 304 Stainless Steel Water Bottle,1200.0,1099,25.0,9.0,4
The Better Home SS Vaccum Bottle with Rope Pack of 3,8097.0,3029,63.0,9.0,4
The Better Home Copper Bottle 950 Ml- Purple (Pack Of 10),29990.0,7471,75.0,9.0,4
The Better Home SS Vacuumed Bottle With Rope- Pink-White 720...,2899.0,986,66.0,9.0,4
The Better Home Simplex 1000ml Dotty Dazzle Bottle Pack of 3,4399.0,1487,66.0,9.0,4
The Better Home Simplex 1000ml Block Party Bottle Pack of 3,4399.0,1487,66.0,9.0,4
The Better Home Simplex 1000ml Pastel Made Bottle Pack of 3,4399.0,1486,66.0,9.0,4
The Better Home Set of 2-Copper 950ml Bottle Purple and Trip...,1200.0,6798,25.0,9.0,4
The Better Home Set of 2-Copper 950ml Bottle Purple and 4 pc...,4748.0,1662,65.0,9.0,4
The Better Home Simplex Bottle with Sipper Cap (Pack of 3)| ...,1799.0,596,67.0,9.0,4
The Better Home Tbh Borosilicate Bottle- (Purple) (550ml),1195.0,438,63.0,9.0,4
The Better Home Tbh Insulated Milo SS Bottle-Silver,3099.0,806,74.0,9.0,4
GM Diamond Bullet English Willow Cricket Bat for Men and Boy...,4379.0,3814,13.0,9.0,4
GM Noir Excalibur English Willow Professional Cricket Bat fo...,12579.0,10495,17.0,9.0,4
Head Ti S6 graphite-titanium Tennis Racquet (Grey),10699.0,7810,27.0,9.0,4
Head Ti Conquest Strung Tennis Racquet (Blue-Black),2999.0,2399,20.0,9.0,4
Oziva Plant Based Collagen Builder - Watermelon +Free Oziva ...,998.0,599,40.0,573.0,4
GM Mana Superstar Kashmir Willow Cricket Bat for Leather Bal...,3179.0,2847,10.0,9.0,4
GM Sting Kashmir Willow Cricket Bat Mens (Short Handle),2399.0,2218,8.0,9.0,4
Rasayanam Pure Original Himalayan Shilajit,1200.0,1299,25.0,12.0,5
GM Noir Bullet English Willow Cricket Bat for Men and Boys F...,4379.0,3814,13.0,9.0,4
GM Mythos 909 English Willow Professional Cricket Bat for Me...,9479.0,7924,16.0,9.0,4
GM Diamond 606 English Willow Professional Cricket Bat for M...,8399.0,7102,15.0,9.0,4
GM 1600433 808 L.E Cricket Batting Gloves Men's Right Colour...,2639.0,1504,43.0,9.0,4
Head Nano Ti Graphite Spector 2.0 Squash Racquet (Black and ...,2999.0,2399,20.0,9.0,4
GM Chrome Maxi English Willow Cricket Bat Mens (Short Handle...,5049.0,4354,14.0,9.0,4
GM Noir 303 English Willow Cricket Bat With Cross Weave Tape...,5629.0,4821,14.0,9.0,4
"Head Microgel Blast Graphite Squash Racquet for Men, Women a...",6399.0,4799,25.0,9.0,4
HealthVit American Ginseng Extract (2% Ginsenosides) 400mg C...,1200.0,700,25.0,9.0,4
Nivia Engraver Basket Ball,1200.0,890,25.0,9.0,4
"Head Titanium 1000 Tennis Racquet, (Black-Yellow)",2999.0,2399,20.0,9.0,4
GM 1600469 Original L.E Cricket Wicket Keeping Gloves Keepin...,7229.0,6097,16.0,9.0,4
"GM 1600941 Leather Tennis Cricket Ball, White and Red Standa...",1200.0,279,25.0,9.0,4
Head Graphene 360 Speed 120 Slim body Graphite Squash Racque...,13799.0,10073,27.0,9.0,4
"Head Reflex 10 Aluminium Badminton Racquet, G4 (Pack of 2) (...",1280.0,1190,7.0,9.0,4
"Head Squash Racket, I.X. 120 (Multi-Color)",9499.0,7029,26.0,9.0,4
"Head Aluminium Reflex 10 Nave Fluro Badminton Racquet Black,...",1200.0,640,25.0,9.0,4
Head Titanium 3100 Strung Titanium Tennis Racquet (Red),4799.0,3695,23.0,9.0,4
Head Badminton Racquet Airflow 1000 (Blue and Yellow),3999.0,3119,22.0,9.0,4
GM Siren 606 Cricket Batting Gloves Colour : White and Royal...,2099.0,1939,8.0,9.0,4
Head Spark Tour MX Graphite Strung Lightweight and Powerful ...,7299.0,5474,25.0,9.0,4
"Head Inferno 50 Badminton Racquet (Aluminium Frame), Steel S...",1550.0,1380,11.0,9.0,4
GM Siren 606 Cricket Batting Gloves for Men Right Handed Fre...,2099.0,1939,8.0,9.0,4
"Head Extreme Graphite-Titanium-Lined 120 Squash Racquet, Ide...",8899.0,6585,26.0,9.0,4
Head Speed 21 Tennis Racquet for Juniors (Red),2549.0,2090,18.0,9.0,4
"HealthVit Eyevitan Bilberry , Lutein & Zeaxanthin Capsules F...",1200.0,800,25.0,9.0,4
Head I.110 Aluminium Squash Racquet (Black-Grey),9899.0,7325,26.0,9.0,4
Head Inferno 70 Graphite Badminton Racquet (White),1750.0,1523,13.0,9.0,4
"Head Xenon Blast HM Graphite Badminton Racquet, Strung (Oran...",2599.0,1845,29.0,9.0,4
GM 1600548 Men's Viscose Slip in Padded Cricket Abdominal Gu...,1200.0,135,25.0,9.0,4
Head Alloy Steel MX Spark Elite Tennis Racquet (Blue-Black),6379.0,4784,25.0,9.0,4
Head Spark Pro MX Graphite Strung Lightweight and Powerful T...,6779.0,5084,25.0,9.0,4
HealthVit Turmeric Curcumin Extract With Piperine Extract Ca...,1200.0,650,25.0,9.0,4
"Head Graphene Touch Radical JR Graphite Tennis Racquet, Stru...",8999.0,6659,26.0,9.0,4
Head graphite-titanium-lined Nano Ti Tornado Squash Racquet ...,2999.0,2399,20.0,9.0,4
"Head Xenon Lite HM Graphite Badminton Racquet, Strung (Blue)",2899.0,1971,32.0,9.0,4
Head Microgel 110 Speed Aluminium Squash Racquet (White),11199.0,8175,27.0,9.0,4
Head GRAPHENE XT CYANO 110 Squash Racquet (White),12999.0,9489,27.0,9.0,4
Head Speed 25 Tennis Racquet (Black),4799.0,3695,23.0,9.0,4
Head Speed 23 Graphite Tennis Racquet for Juniors (Red),2579.0,2115,18.0,9.0,4
